mes,anio,afp,tipo_fondo,valor_cuota,valor_fondo_mill_soles,afiliados_miles,rentab_real_12m,rend_bono_10a_soles,esperanza_vida,dias_habiles,imputado
2016-04,2016,Habitat,0,10.0241047,1936.64969164438,750.532,-0.9824,6.54485714285714,75.951,21,No
2016-05,2016,Habitat,0,10.0600936,2087.69663297658,776.47,0.7342,6.26581818181818,75.951,22,No
2016-06,2016,Habitat,0,10.0966156,2161.7944039254,800.252,1.5272,6.08436363636364,75.951,22,No
2016-07,2016,Habitat,0,10.1313678,2378.22258681751,822.714,4.6844,5.75652380952381,75.951,21,No
2016-08,2016,Habitat,0,10.1654793,2522.62151333492,841.572,8.6776,5.63617391304348,75.951,23,No
2016-09,2016,Habitat,0,10.1979883,2639.15883175622,901.326,13.7829,5.79354545454546,75.951,22,No
2016-10,2016,Habitat,0,10.2374131,2742.45519980248,931.139,11.8286,5.77085714285714,75.951,21,No
2016-11,2016,Habitat,0,10.2809561,2848.92395200389,959.841,6.7489,6.30986363636364,75.951,22,No
2016-12,2016,Habitat,0,10.3206983,2987.33822935869,983.523,7.5287,6.44685714285714,75.951,22,No
2017-01,2017,Habitat,0,10.3618715,3130.48726837086,1016.507,10.5216,6.35095454545454,75.958,22,No
2017-02,2017,Habitat,0,10.40009,3289.92696911258,1048.237,9.8033,6.26035,75.958,20,No
2017-03,2017,Habitat,0,10.4464806,3448.33045873464,1075.157,7.6363,6.09739130434783,75.958,23,No
2017-04,2017,Habitat,0,10.4912024,3605.08114262891,1094.378,8.11,5.87055555555556,75.958,20,No
2017-05,2017,Habitat,0,10.5411638,3848.79667133579,1120.162,9.6708,5.71772727272727,75.958,23,No
2017-06,2017,Habitat,0,10.5847976,4007.89024450559,1121.407,10.6836,5.57905,75.958,22,No
2017-07,2017,Habitat,0,10.6330884,4186.76146545536,1120.237,8.0892,5.65947368421053,75.958,21,No
2017-08,2017,Habitat,0,10.6789477,4409.87321832333,1119.802,5.9864,5.46204347826087,75.958,23,No
2017-09,2017,Habitat,0,10.7194825,4715.73094793111,1118.76,7.3285,5.34190476190476,75.958,21,No
2017-10,2017,Habitat,0,10.7635166,5008.3373276788,1117.379,10.069,5.26331818181818,75.958,22,No
2017-11,2017,Habitat,0,10.8049786,5202.99201593153,1114.026,12.468,5.2997619047619,75.958,22,No
2017-12,2017,Habitat,0,10.8443599,5426.42054528316,1113.958,12.264,5.24947368421053,75.958,20,No
2018-01,2018,Habitat,0,10.8967143,5840.3377,1112.248,15.4444,4.81809523809524,76.018,22,No
2018-02,2018,Habitat,0,10.932876,5983.4190522928,1110.884,14.9384,4.7945,76.018,20,No
2018-03,2018,Habitat,0,10.9756614,6123.5856234568,1108.557,14.8011,4.845,76.018,22,No
2018-04,2018,Habitat,0,11.0174605,6328.5324381472,1105.945,12.453,5.0242,76.018,21,No
2018-05,2018,Habitat,0,11.0518001,6475.5483681325,1103.833,8.8915,5.47227272727273,76.018,23,No
2018-06,2018,Habitat,0,11.0834214,6582.52431434543,1101.484,6.6129,5.6626,76.018,21,No
2018-07,2018,Habitat,0,11.1187274,6865.7495785163,1098.824,6.1743,5.48476190476191,76.018,22,No
2018-08,2018,Habitat,0,11.1527271,6980.9714596802,1095.694,5.9617,5.4252380952381,76.018,23,No
2018-09,2018,Habitat,0,11.1839765,7146.60068942462,1092.877,3.6555,5.5175,76.018,20,No
2018-10,2018,Habitat,0,11.2220545,7023.9843667038,1089.625,-1.4143,5.73181818181818,76.018,23,No
2018-11,2018,Habitat,0,11.2580462,7325.0388722661,1085.954,-3.2753,5.727,76.018,22,No
2018-12,2018,Habitat,0,11.2979245,7278.9953321263,1080.654,-3.9776,5.74363157894737,76.018,20,No
2019-01,2019,Habitat,0,11.3403657,7707.9566883989,1075.999,-6.284,5.58772727272727,76.275,22,No
2019-02,2019,Habitat,0,11.3791229,7919.6725515057,1072.835,-3.5287,5.4945,76.275,20,No
2019-03,2019,Habitat,0,11.4192219,8197.49637,1068.753,-2.6609,5.29923809523809,76.275,21,No
2019-04,2019,Habitat,0,11.4641148,8507.390526811,1068.753,-0.1293,5.2158,76.275,22,No
2019-05,2019,Habitat,0,11.5074316,8538.9265846034,1061.24,0.1542,5.13735454545455,76.275,23,No
2019-06,2019,Habitat,0,11.5463322,8947.324598162,1058.074,2.5938,4.81719,76.275,20,No
2019-07,2019,Habitat,0,11.597634,9280.2637346927,1053.311,5.4708,4.4401,76.275,23,No
2019-08,2019,Habitat,0,11.6445308,9521.255524996,1047.807,4.4574,4.228985,76.275,22,No
2019-09,2019,Habitat,0,11.6868438,9928.2725042617,1043.142,5.851,4.15212380952381,76.275,21,No
2019-10,2019,Habitat,0,11.7300121,10357.9640558158,1038.127,9.1555,4.07454285714286,76.275,23,No
2019-11,2019,Habitat,0,11.7749209,10726.8086526193,1038.127,11.0591,4.23969,76.275,21,No
2019-12,2019,Habitat,0,11.8168002,11197.7594342813,1028.079,13.2615,4.3559380952381,76.275,21,No
2020-01,2020,Habitat,0,11.86207,11707.740292013,1023.434,13.7019,4.50230909090909,73.832,22,No
2020-02,2020,Habitat,0,11.8922131,11821.3618998711,1020.101,12.015,4.258095,73.832,20,No
2020-03,2020,Habitat,0,11.9386146,10754.3990247901,1017.289,-0.3735,5.08725909090909,73.832,22,No
2020-04,2020,Habitat,0,11.9703835,10980.5649566996,1017.289,-5.3474,5.0255,73.832,22,No
2020-05,2020,Habitat,0,12.0006144,11398.447952562,1015.708,-0.3459,4.4295,73.832,21,No
2020-06,2020,Habitat,0,12.030218,10942.622463151,1016.269,3.0388,4.39,73.832,22,No
2020-07,2020,Habitat,0,12.0624608,11042.76120322,1016.818,2.9391,4.24045454545455,73.832,23,No
2020-08,2020,Habitat,0,12.092578800000002,11384.624024538,1017.458,6.2386,4.06714285714286,73.832,21,No
2020-09,2020,Habitat,0,12.1349566,11578.212793295,1017.861,5.3575,4.18681818181818,73.832,22,No
2020-10,2020,Habitat,0,12.167711,11814.144171796,1018.159,5.8981,4.20545454545454,73.832,22,No
2020-11,2020,Habitat,0,12.1984073,12905.449771242,1018.593,7.6204,4.01450476190476,73.832,21,No
2020-12,2020,Habitat,0,12.2250266,13643.608699135,1018.475,12.424,3.63264285714286,73.832,22,No
2021-01,2021,Habitat,0,12.2395916,13932.212995653,1018.5,13.0458,3.658,71.596,20,No
2021-02,2021,Habitat,0,12.2678753,14326.919933301,1019.274,14.8401,3.9115,71.596,20,No
2021-03,2021,Habitat,0,12.2788223,14309.363301325,1021.017,23.7131,4.68608695652174,71.596,23,No
2021-04,2021,Habitat,0,12.2893403,14524.618995485,1020.908,26.6028,5.09,71.596,22,No
2021-05,2021,Habitat,0,12.2981889,15154.531960051,1021.525,20.4762,4.99,71.596,21,No
2021-06,2021,Habitat,0,12.3051467,14696.713883315,1021.764,14.9148,5.27323809523809,71.596,22,No
2021-07,2021,Habitat,0,12.3115635,13857.185787124,1021.539,9.4667,5.6647,71.596,22,No
2021-08,2021,Habitat,0,12.3174326,13073.240595599,1020.957,3.5617,6.35523809523809,71.596,22,No
2021-09,2021,Habitat,0,12.3234056,12565.039881103,1020.191,5.352,6.34227272727273,71.596,22,No
2021-10,2021,Habitat,0,12.3325413,12752.169611851,1019.287,3.703,5.9495,71.596,21,No
2021-11,2021,Habitat,0,12.3451281,12826.183813618,1018.426,2.6693,5.86571428571429,71.596,22,No
2021-12,2021,Habitat,0,12.3585783,12825.4686689947,1016.413,-3.1892,5.92563636363636,71.596,23,No
2022-01,2022,Habitat,0,12.3719941,12714.33856496,1016.358,-6.0243,6.07457142857143,76.834,21,No
2022-02,2022,Habitat,0,12.3934979,12750.189134255,1015.787,-8.8462,6.071,76.834,20,No
2022-03,2022,Habitat,0,12.4336752,12917.6337286779,1014.843,-5.3161,6.59782608695652,76.834,23,No
2022-04,2022,Habitat,0,12.474827,12557.36471685,1014.357,-5.9681,7.37315789473684,76.834,21,No
2022-05,2022,Habitat,0,12.5337962,12272.7696964005,1014.467,-11.5009,7.92363636363636,76.834,22,No
2022-06,2022,Habitat,0,12.5875614,11852.6360985997,1014.653,-14.3596,7.858,76.834,22,No
2022-07,2022,Habitat,0,12.6406283,11730.1881815874,1014.282,-15.6259,8.21631578947368,76.834,21,No
2022-08,2022,Habitat,0,12.7032196,11111.0209573065,1014.075,-11.6141,7.90872727272727,76.834,23,No
2022-09,2022,Habitat,0,12.7688771,10741.0473090124,1013.9,-15.8061,8.30590909090909,76.834,22,No
2022-10,2022,Habitat,0,12.8396775,11159.8414319181,1013.428,-12.7723,8.64571428571429,76.834,21,No
2022-11,2022,Habitat,0,12.9084893,11517.7310203376,1012.883,-12.4324,7.86476190476191,76.834,22,No
2022-12,2022,Habitat,0,12.9631207,11451.427015263,1012.781,-12.9909,7.8615,76.834,22,No
2023-01,2023,Habitat,0,13.0432258,11976.6208091707,1012.732,-10.5944,7.95952380952381,77.74,22,No
2023-02,2023,Habitat,0,13.127858799999998,11860.0585914315,1012.969,-12.9925,7.87935,77.74,20,No
2023-03,2023,Habitat,0,13.2287667,12282.854755512,1013.323,-12.7319,7.71669565217391,77.74,23,No
2023-04,2023,Habitat,0,13.3248612,12471.4406248877,1013.298,-10.3913,7.48888888888889,77.74,20,No
2023-05,2023,Habitat,0,13.4298697,12555.5990400281,1014.218,-8.4819,7.275,77.74,23,No
2023-06,2023,Habitat,0,13.508194800000002,13065.2494235159,1014.37,-0.4414,7.07380952380952,77.74,22,No
2023-07,2023,Habitat,0,13.6175663,13536.4525675668,1014.44,0.5462,6.7555,77.74,21,No
2023-08,2023,Habitat,0,13.7051857,13747.282450866,1014.401,2.9654,6.84409090909091,77.74,23,No
2023-09,2023,Habitat,0,13.79965,13694.2461139506,1014.739,2.8504,6.96857142857143,77.74,21,No
2023-10,2023,Habitat,0,13.9082143,13657.57735164,1015.095,-0.985,7.62454545454545,77.74,22,No
2023-11,2023,Habitat,0,14.0070137,14128.739737408,1015.474,0.1721,7.17190476190476,77.74,22,No
2023-12,2023,Habitat,0,14.107972,14998.3233770685,1015.859,7.7956,6.86847368421053,77.74,20,No
2024-01,2024,Habitat,0,14.2107886,15366.8940759063,1016.062,7.131,6.67952380952381,77.941,22,No
2024-02,2024,Habitat,0,14.2934435,15681.3656284242,1016.721,10.1119,6.75380952380952,77.941,21,No
2024-03,2024,Habitat,0,14.3670896,15748.0616337682,1017.832,7.3956,7.00578947368421,77.941,21,No
2024-04,2024,Habitat,0,14.4554195,15886.4994756016,1018.843,7.968,7.38204545454545,77.941,22,No
2024-05,2024,Habitat,0,14.5321668,16552.33703314,1019.575,11.0767,7.09540909090909,77.941,23,No
2024-06,2024,Habitat,0,14.6034699,16052.551603178,1020.107,8.8557,7.08842105263158,77.941,20,No
2024-07,2024,Habitat,0,14.685781000000002,14972.465246091,1020.685,5.7433,6.9725,77.941,23,No
2024-08,2024,Habitat,0,14.7645987,14449.200004852,1021.59,5.9046,6.5835,77.941,22,No
2024-09,2024,Habitat,0,14.8064014,14557.346844564,1022.199,9.2972,6.36185714285714,77.941,21,No
2024-10,2024,Habitat,0,14.9121411,14697.632186221,1023.066,10.0623,6.52246818181818,77.941,23,No
2024-11,2024,Habitat,0,14.9723695,14947.155244742,1023.922,8.3915,6.669,77.941,21,No
2024-12,2024,Habitat,0,15.0363745,15113.507318649,1024.779,3.2652,6.62515789473684,77.941,21,No
2025-01,2025,Habitat,0,15.0989162,15414.82710731,1025.587,2.1309,6.69,,22,No
2025-02,2025,Habitat,0,15.1545055,15471.364252536,1026.447,0.8192,6.4725,,20,No
2025-03,2025,Habitat,0,15.2161175,15687.460489432,1027.459,1.7406,6.4852380952381,,21,No
2025-04,2025,Habitat,0,15.279347499999998,16042.801910451,1028.344,2.5564,6.604,,22,No
2025-05,2025,Habitat,0,15.3398583,16586.816801164,1029.297,1.8949,6.48666666666667,,22,No
2025-06,2025,Habitat,0,15.4015732,17270.08541474,1030.292,3.76,6.41190476190476,,21,No
2025-07,2025,Habitat,0,15.4656278,17797.802648256,1031.02,5.9544,6.18745,,23,No
2025-08,2025,Habitat,0,15.5218905,18433.575559564,1031.599,7.6043,6.01696,,21,No
2025-09,2025,Habitat,0,15.586345799999998,19118.577304057,1033.177,7.6262,6.12590909090909,,22,No
2025-10,2025,Habitat,0,15.6474799,19320.150144733,1034.575,7.259,6.10583636363637,,23,No
2025-11,2025,Habitat,0,15.7019537,19093.065338396,1033.891,7.2181,6.00445,,20,No
2025-12,2025,Habitat,0,15.7668824,19093.274828688,1033.167,10.6273,5.82715789473684,,22,No
2013-06,2013,Habitat,1,10.0,0.0028703933324,4.354,0.0,5.31946716260051,74.591,20,No
2013-07,2013,Habitat,1,10.0189136,0.6127599774699,12.474,0.0,5.26015228899572,74.591,23,No
2013-08,2013,Habitat,1,9.9135732,2.3824862831919,51.556,0.0,5.46271259667266,74.591,22,No
2013-09,2013,Habitat,1,10.1382432,14.3902319365539,67.183,0.32647647058823526,5.60047619047619,74.591,21,Si
2013-10,2013,Habitat,1,10.1835686,39.2878933282179,78.905,0.6529529411764705,5.31727272727273,74.591,23,Si
2013-11,2013,Habitat,1,10.2241545,60.1064138523824,95.061,0.9794294117647058,5.467,74.591,21,Si
2013-12,2013,Habitat,1,10.2462231,82.7128584923975,110.385,1.305905882352941,5.6055,74.591,21,Si
2014-01,2014,Habitat,1,10.1301404,118.524303842298,130.042,1.6323823529411763,5.72,75.26,22,Si
2014-02,2014,Habitat,1,10.2397467,151.793323514733,153.77,1.9588588235294115,6.4255,75.26,20,Si
2014-03,2014,Habitat,1,10.3161617,169.738166437884,177.611,2.2853352941176466,6.16490476190476,75.26,21,Si
2014-04,2014,Habitat,1,10.4378459,196.783595397938,198.481,2.611811764705882,5.951,75.26,21,Si
2014-05,2014,Habitat,1,10.5170847,220.817518971707,218.489,2.9382882352941175,5.64095238095238,75.26,22,Si
2014-06,2014,Habitat,1,10.6691675,254.457561253985,241.975,3.2647647058823526,5.37238095238095,75.26,21,Si
2014-07,2014,Habitat,1,10.7341638,289.399446680289,265.577,3.5912411764705876,5.177,75.26,23,Si
2014-08,2014,Habitat,1,10.8670991,328.691058171731,313.094,3.917717647058823,5.19790476190476,75.26,21,Si
2014-09,2014,Habitat,1,10.8737982,364.194387414162,341.969,4.244194117647059,5.33545454545455,75.26,22,Si
2014-10,2014,Habitat,1,11.0561666,417.840822683961,364.612,4.570670588235293,5.35995454545454,75.26,23,Si
2014-11,2014,Habitat,1,11.1119008,457.299953690019,383.796,4.897147058823529,5.43935,75.26,20,Si
2014-12,2014,Habitat,1,11.1714371,499.521831077925,400.388,5.223623529411764,5.35971428571429,75.26,22,Si
2015-01,2015,Habitat,1,11.4646293,553.404456637696,424.525,5.5501,5.2966,75.732,21,No
2015-02,2015,Habitat,1,11.6166057,619.627586273459,449.403,10.6028,5.2855,75.732,20,No
2015-03,2015,Habitat,1,11.6245549,670.97242395998,472.399,9.4776,5.52668181818182,75.732,22,No
2015-04,2015,Habitat,1,11.7588547,739.387263840784,493.964,10.5509,5.53809090909091,75.732,21,No
2015-05,2015,Habitat,1,11.796351,825.410912434398,516.111,9.1122,5.9019,75.732,21,No
2015-06,2015,Habitat,1,11.726966,902.29658401926,537.86,6.9179,6.17166666666667,75.732,22,No
2015-07,2015,Habitat,1,11.7833822,994.489501188383,558.501,5.4156,6.47165,75.732,23,No
2015-08,2015,Habitat,1,11.6355967,1052.2071335289,582.602,3.6501,6.66319047619047,75.732,21,No
2015-09,2015,Habitat,1,11.4974029,1117.37724344271,607.872,-1.3433,7.23577272727273,75.732,22,No
2015-10,2015,Habitat,1,11.8877824,1270.56297317667,631.474,2.0942,7.01072727272727,75.732,22,No
2015-11,2015,Habitat,1,12.0975306,1410.86925283671,654.191,3.6394,6.69261904761905,75.732,21,No
2015-12,2015,Habitat,1,12.0656136,1479.85394845173,672.273,2.9068,6.70786363636364,75.732,22,No
2016-01,2016,Habitat,1,12.1018334,1554.93679339034,673.153,-0.18,7.02015,75.951,20,No
2016-02,2016,Habitat,1,12.3531324,1676.39159850678,699.609,-2.531,7.34585714285714,75.951,21,No
2016-03,2016,Habitat,1,12.2991828,1776.51249314904,726.695,-0.3147,7.139,75.951,23,No
2016-04,2016,Habitat,1,12.5560638,1936.64969164438,750.532,-0.9824,6.54485714285714,75.951,21,No
2016-05,2016,Habitat,1,12.7402331,2087.69663297658,776.47,0.7342,6.26581818181818,75.951,22,No
2016-06,2016,Habitat,1,12.779271,2161.7944039254,800.252,1.5272,6.08436363636364,75.951,22,No
2016-07,2016,Habitat,1,13.1686056,2378.22258681751,822.714,4.6844,5.75652380952381,75.951,21,No
2016-08,2016,Habitat,1,13.353726,2522.62151333492,841.572,8.6776,5.63617391304348,75.951,23,No
2016-09,2016,Habitat,1,13.4240763,2639.15883175622,901.326,13.7829,5.79354545454546,75.951,22,No
2016-10,2016,Habitat,1,13.4521096,2742.45519980248,931.139,11.8286,5.77085714285714,75.951,21,No
2016-11,2016,Habitat,1,13.2883786,2848.92395200389,959.841,6.7489,6.30986363636364,75.951,22,No
2016-12,2016,Habitat,1,13.2803339,2987.33822935869,983.523,7.5287,6.44685714285714,75.951,22,No
2017-01,2017,Habitat,1,13.3610234,3130.48726837086,1016.507,10.5216,6.35095454545454,75.958,22,No
2017-02,2017,Habitat,1,13.4386137,3289.92696911258,1048.237,9.8033,6.26035,75.958,20,No
2017-03,2017,Habitat,1,13.6462371,3448.33045873464,1075.157,7.6363,6.09739130434783,75.958,23,No
2017-04,2017,Habitat,1,13.7780163,3605.08114262891,1094.378,8.11,5.87055555555556,75.958,20,No
2017-05,2017,Habitat,1,13.9872281,3848.79667133579,1120.162,9.6708,5.71772727272727,75.958,23,No
2017-06,2017,Habitat,1,14.0593563,4007.89024450559,1121.407,10.6836,5.57905,75.958,22,No
2017-07,2017,Habitat,1,14.1896255,4186.76146545536,1120.237,8.0892,5.65947368421053,75.958,21,No
2017-08,2017,Habitat,1,14.3098413,4409.87321832333,1119.802,5.9864,5.46204347826087,75.958,23,No
2017-09,2017,Habitat,1,14.5238892,4715.73094793111,1118.76,7.3285,5.34190476190476,75.958,21,No
2017-10,2017,Habitat,1,14.6043699,5008.3373276788,1117.379,10.069,5.26331818181818,75.958,22,No
2017-11,2017,Habitat,1,14.696539,5202.99201593153,1114.026,12.468,5.2997619047619,75.958,22,No
2017-12,2017,Habitat,1,14.8132045,5426.42054528316,1113.958,12.264,5.24947368421053,75.958,20,No
2018-01,2018,Habitat,1,15.2036736,5840.3377,1112.248,15.4444,4.81809523809524,76.018,22,No
2018-02,2018,Habitat,1,15.1846117,5983.4190522928,1110.884,14.9384,4.7945,76.018,20,No
2018-03,2018,Habitat,1,15.1675321,6123.5856234568,1108.557,14.8011,4.845,76.018,22,No
2018-04,2018,Habitat,1,15.0079155,6328.5324381472,1105.945,12.453,5.0242,76.018,21,No
2018-05,2018,Habitat,1,14.7884868,6475.5483681325,1103.833,8.8915,5.47227272727273,76.018,23,No
2018-06,2018,Habitat,1,14.7928534,6582.52431434543,1101.484,6.6129,5.6626,76.018,21,No
2018-07,2018,Habitat,1,15.0446573,6865.7495785163,1098.824,6.1743,5.48476190476191,76.018,22,No
2018-08,2018,Habitat,1,14.9983646,6980.9714596802,1095.694,5.9617,5.4252380952381,76.018,23,No
2018-09,2018,Habitat,1,15.0614901,7146.60068942462,1092.877,3.6555,5.5175,76.018,20,No
2018-10,2018,Habitat,1,14.734695,7023.9843667038,1089.625,-1.4143,5.73181818181818,76.018,23,No
2018-11,2018,Habitat,1,14.9998871,7325.0388722661,1085.954,-3.2753,5.727,76.018,22,No
2018-12,2018,Habitat,1,14.979304,7278.9953321263,1080.654,-3.9776,5.74363157894737,76.018,20,No
2019-01,2019,Habitat,1,15.332503,7707.9566883989,1075.999,-6.284,5.58772727272727,76.275,22,No
2019-02,2019,Habitat,1,15.4571919,7919.6725515057,1072.835,-3.5287,5.4945,76.275,20,No
2019-03,2019,Habitat,1,15.6336248,8197.49637,1068.753,-2.6609,5.29923809523809,76.275,21,No
2019-04,2019,Habitat,1,15.8862525,8507.390526811,1068.753,-0.1293,5.2158,76.275,22,No
2019-05,2019,Habitat,1,16.0214036,8538.9265846034,1061.24,0.1542,5.13735454545455,76.275,23,No
2019-06,2019,Habitat,1,16.5701411,8947.324598162,1058.074,2.5938,4.81719,76.275,20,No
2019-07,2019,Habitat,1,16.8901502,9280.2637346927,1053.311,5.4708,4.4401,76.275,23,No
2019-08,2019,Habitat,1,16.9283214,9521.255524996,1047.807,4.4574,4.228985,76.275,22,No
2019-09,2019,Habitat,1,17.0207209,9928.2725042617,1043.142,5.851,4.15212380952381,76.275,21,No
2019-10,2019,Habitat,1,17.1948126,10357.9640558158,1038.127,9.1555,4.07454285714286,76.275,23,No
2019-11,2019,Habitat,1,17.1199706,10726.8086526193,1038.127,11.0591,4.23969,76.275,21,No
2019-12,2019,Habitat,1,17.3036315,11197.7594342813,1028.079,13.2615,4.3559380952381,76.275,21,No
2020-01,2020,Habitat,1,17.653077,11707.740292013,1023.434,13.7019,4.50230909090909,73.832,22,No
2020-02,2020,Habitat,1,17.5062491,11821.3618998711,1020.101,12.015,4.258095,73.832,20,No
2020-03,2020,Habitat,1,15.5972098,10754.3990247901,1017.289,-0.3735,5.08725909090909,73.832,22,No
2020-04,2020,Habitat,1,15.9066545,10980.5649566996,1017.289,-5.3474,5.0255,73.832,22,No
2020-05,2020,Habitat,1,16.799795,11398.447952562,1015.708,-0.3459,4.4295,73.832,21,No
2020-06,2020,Habitat,1,17.0890731,10942.622463151,1016.269,3.0388,4.39,73.832,22,No
2020-07,2020,Habitat,1,17.7256044,11042.76120322,1016.818,2.9391,4.24045454545455,73.832,23,No
2020-08,2020,Habitat,1,17.7719658,11384.624024538,1017.458,6.2386,4.06714285714286,73.832,21,No
2020-09,2020,Habitat,1,17.6175807,11578.212793295,1017.861,5.3575,4.18681818181818,73.832,22,No
2020-10,2020,Habitat,1,17.729502,11814.144171796,1018.159,5.8981,4.20545454545454,73.832,22,No
2020-11,2020,Habitat,1,18.6366175,12905.449771242,1018.593,7.6204,4.01450476190476,73.832,21,No
2020-12,2020,Habitat,1,19.2746675,13643.608699135,1018.475,12.424,3.63264285714286,73.832,22,No
2021-01,2021,Habitat,1,19.1541014,13932.212995653,1018.5,13.0458,3.658,71.596,20,No
2021-02,2021,Habitat,1,18.9444139,14326.919933301,1019.274,14.8401,3.9115,71.596,20,No
2021-03,2021,Habitat,1,18.5075734,14309.363301325,1021.017,23.7131,4.68608695652174,71.596,23,No
2021-04,2021,Habitat,1,18.380757000000003,14524.618995485,1020.908,26.6028,5.09,71.596,22,No
2021-05,2021,Habitat,1,18.6426829,15154.531960051,1021.525,20.4762,4.99,71.596,21,No
2021-06,2021,Habitat,1,18.4447506,14696.713883315,1021.764,14.9148,5.27323809523809,71.596,22,No
2021-07,2021,Habitat,1,18.1030244,13857.185787124,1021.539,9.4667,5.6647,71.596,22,No
2021-08,2021,Habitat,1,17.9977593,13073.240595599,1020.957,3.5617,6.35523809523809,71.596,22,No
2021-09,2021,Habitat,1,17.8585283,12565.039881103,1020.191,5.352,6.34227272727273,71.596,22,No
2021-10,2021,Habitat,1,17.8793767,12752.169611851,1019.287,3.703,5.9495,71.596,21,No
2021-11,2021,Habitat,1,17.8632392,12826.183813618,1018.426,2.6693,5.86571428571429,71.596,22,No
2021-12,2021,Habitat,1,17.9590378,12825.4686689947,1016.413,-3.1892,5.92563636363636,71.596,23,No
2022-01,2022,Habitat,1,17.8775551,12714.33856496,1016.358,-6.0243,6.07457142857143,76.834,21,No
2022-02,2022,Habitat,1,17.757648099999997,12750.189134255,1015.787,-8.8462,6.071,76.834,20,No
2022-03,2022,Habitat,1,17.773227300000002,12917.6337286779,1014.843,-5.3161,6.59782608695652,76.834,23,No
2022-04,2022,Habitat,1,17.3906973,12557.36471685,1014.357,-5.9681,7.37315789473684,76.834,21,No
2022-05,2022,Habitat,1,17.0872611,12272.7696964005,1014.467,-11.5009,7.92363636363636,76.834,22,No
2022-06,2022,Habitat,1,16.5765363,11852.6360985997,1014.653,-14.3596,7.858,76.834,22,No
2022-07,2022,Habitat,1,16.728117299999997,11730.1881815874,1014.282,-15.6259,8.21631578947368,76.834,21,No
2022-08,2022,Habitat,1,16.7959337,11111.0209573065,1014.075,-11.6141,7.90872727272727,76.834,23,No
2022-09,2022,Habitat,1,16.4630541,10741.0473090124,1013.9,-15.8061,8.30590909090909,76.834,22,No
2022-10,2022,Habitat,1,16.7679634,11159.8414319181,1013.428,-12.7723,8.64571428571429,76.834,21,No
2022-11,2022,Habitat,1,17.3522569,11517.7310203376,1012.883,-12.4324,7.86476190476191,76.834,22,No
2022-12,2022,Habitat,1,17.2803216,11451.427015263,1012.781,-12.9909,7.8615,76.834,22,No
2023-01,2023,Habitat,1,17.8116069,11976.6208091707,1012.732,-10.5944,7.95952380952381,77.74,22,No
2023-02,2023,Habitat,1,17.4266491,11860.0585914315,1012.969,-12.9925,7.87935,77.74,20,No
2023-03,2023,Habitat,1,17.9788168,12282.854755512,1013.323,-12.7319,7.71669565217391,77.74,23,No
2023-04,2023,Habitat,1,18.1522883,12471.4406248877,1013.298,-10.3913,7.48888888888889,77.74,20,No
2023-05,2023,Habitat,1,18.2859699,12555.5990400281,1014.218,-8.4819,7.275,77.74,23,No
2023-06,2023,Habitat,1,18.9026295,13065.2494235159,1014.37,-0.4414,7.07380952380952,77.74,22,No
2023-07,2023,Habitat,1,19.3104956,13536.4525675668,1014.44,0.5462,6.7555,77.74,21,No
2023-08,2023,Habitat,1,19.1468101,13747.282450866,1014.401,2.9654,6.84409090909091,77.74,23,No
2023-09,2023,Habitat,1,18.6596641,13694.2461139506,1014.739,2.8504,6.96857142857143,77.74,21,No
2023-10,2023,Habitat,1,18.5811505,13657.57735164,1015.095,-0.985,7.62454545454545,77.74,22,No
2023-11,2023,Habitat,1,19.4081677,14128.739737408,1015.474,0.1721,7.17190476190476,77.74,22,No
2023-12,2023,Habitat,1,20.4194059,14998.3233770685,1015.859,7.7956,6.86847368421053,77.74,20,No
2024-01,2024,Habitat,1,20.6866368,15366.8940759063,1016.062,7.131,6.67952380952381,77.941,22,No
2024-02,2024,Habitat,1,20.6397603,15681.3656284242,1016.721,10.1119,6.75380952380952,77.941,21,No
2024-03,2024,Habitat,1,20.5381962,15748.0616337682,1017.832,7.3956,7.00578947368421,77.941,21,No
2024-04,2024,Habitat,1,20.1836956,15886.4994756016,1018.843,7.968,7.38204545454545,77.941,22,No
2024-05,2024,Habitat,1,20.4341878,16552.33703314,1019.575,11.0767,7.09540909090909,77.941,23,No
2024-06,2024,Habitat,1,20.4232991,16052.551603178,1020.107,8.8557,7.08842105263158,77.941,20,No
2024-07,2024,Habitat,1,20.633597100000003,14972.465246091,1020.685,5.7433,6.9725,77.941,23,No
2024-08,2024,Habitat,1,21.0561722,14449.200004852,1021.59,5.9046,6.5835,77.941,22,No
2024-09,2024,Habitat,1,21.4024578,14557.346844564,1022.199,9.2972,6.36185714285714,77.941,21,No
2024-10,2024,Habitat,1,20.9565179,14697.632186221,1023.066,10.0623,6.52246818181818,77.941,23,No
2024-11,2024,Habitat,1,21.0405255,14947.155244742,1023.922,8.3915,6.669,77.941,21,No
2024-12,2024,Habitat,1,20.7011596,15113.507318649,1024.779,3.2652,6.62515789473684,77.941,21,No
2025-01,2025,Habitat,1,20.902966000000003,15414.82710731,1025.587,2.1309,6.69,,22,No
2025-02,2025,Habitat,1,21.0415528,15471.364252536,1026.447,0.8192,6.4725,,20,No
2025-03,2025,Habitat,1,20.9450297,15687.460489432,1027.459,1.7406,6.4852380952381,,21,No
2025-04,2025,Habitat,1,21.038208800000003,16042.801910451,1028.344,2.5564,6.604,,22,No
2025-05,2025,Habitat,1,21.1974867,16586.816801164,1029.297,1.8949,6.48666666666667,,22,No
2025-06,2025,Habitat,1,21.6678852,17270.08541474,1030.292,3.76,6.41190476190476,,21,No
2025-07,2025,Habitat,1,21.9199364,17797.802648256,1031.02,5.9544,6.18745,,23,No
2025-08,2025,Habitat,1,22.288956,18433.575559564,1031.599,7.6043,6.01696,,21,No
2025-09,2025,Habitat,1,22.6487905,19118.577304057,1033.177,7.6262,6.12590909090909,,22,No
2025-10,2025,Habitat,1,22.622385800000004,19320.150144733,1034.575,7.259,6.10583636363637,,23,No
2025-11,2025,Habitat,1,22.7924277,19093.065338396,1033.891,7.2181,6.00445,,20,No
2025-12,2025,Habitat,1,23.0786204,19093.274828688,1033.167,10.6273,5.82715789473684,,22,No
2013-06,2013,Habitat,2,10.0003251,0.0028703933324,4.354,0.0,5.31946716260051,74.591,20,No
2013-07,2013,Habitat,2,10.0240492,0.6127599774699,12.474,0.0,5.26015228899572,74.591,23,No
2013-08,2013,Habitat,2,9.9760624,2.3824862831919,51.556,0.0,5.46271259667266,74.591,22,No
2013-09,2013,Habitat,2,10.1995949,14.3902319365539,67.183,0.32647647058823526,5.60047619047619,74.591,21,Si
2013-10,2013,Habitat,2,10.4275352,39.2878933282179,78.905,0.6529529411764705,5.31727272727273,74.591,23,Si
2013-11,2013,Habitat,2,10.4148281,60.1064138523824,95.061,0.9794294117647058,5.467,74.591,21,Si
2013-12,2013,Habitat,2,10.5034178,82.7128584923975,110.385,1.305905882352941,5.6055,74.591,21,Si
2014-01,2014,Habitat,2,10.3173418,118.524303842298,130.042,1.6323823529411763,5.72,75.26,22,Si
2014-02,2014,Habitat,2,10.4747606,151.793323514733,153.77,1.9588588235294115,6.4255,75.26,20,Si
2014-03,2014,Habitat,2,10.4995851,169.738166437884,177.611,2.2853352941176466,6.16490476190476,75.26,21,Si
2014-04,2014,Habitat,2,10.6781271,196.783595397938,198.481,2.611811764705882,5.951,75.26,21,Si
2014-05,2014,Habitat,2,10.7517036,220.817518971707,218.489,2.9382882352941175,5.64095238095238,75.26,22,Si
2014-06,2014,Habitat,2,10.9397379,254.457561253985,241.975,3.2647647058823526,5.37238095238095,75.26,21,Si
2014-07,2014,Habitat,2,10.9618284,289.399446680289,265.577,3.5912411764705876,5.177,75.26,23,Si
2014-08,2014,Habitat,2,11.1579629,328.691058171731,313.094,3.917717647058823,5.19790476190476,75.26,21,Si
2014-09,2014,Habitat,2,11.0736273,364.194387414162,341.969,4.244194117647059,5.33545454545455,75.26,22,Si
2014-10,2014,Habitat,2,11.2317102,417.840822683961,364.612,4.570670588235293,5.35995454545454,75.26,23,Si
2014-11,2014,Habitat,2,11.3003704,457.299953690019,383.796,4.897147058823529,5.43935,75.26,20,Si
2014-12,2014,Habitat,2,11.3481102,499.521831077925,400.388,5.223623529411764,5.35971428571429,75.26,22,Si
2015-01,2015,Habitat,2,11.5692347,553.404456637696,424.525,5.5501,5.2966,75.732,21,No
2015-02,2015,Habitat,2,11.8632919,619.627586273459,449.403,10.6028,5.2855,75.732,20,No
2015-03,2015,Habitat,2,11.8186436,670.97242395998,472.399,9.4776,5.52668181818182,75.732,22,No
2015-04,2015,Habitat,2,12.0056994,739.387263840784,493.964,10.5509,5.53809090909091,75.732,21,No
2015-05,2015,Habitat,2,12.1012727,825.410912434398,516.111,9.1122,5.9019,75.732,21,No
2015-06,2015,Habitat,2,11.9898617,902.29658401926,537.86,6.9179,6.17166666666667,75.732,22,No
2015-07,2015,Habitat,2,12.0442896,994.489501188383,558.501,5.4156,6.47165,75.732,23,No
2015-08,2015,Habitat,2,11.6103032,1052.2071335289,582.602,3.6501,6.66319047619047,75.732,21,No
2015-09,2015,Habitat,2,11.3720111,1117.37724344271,607.872,-1.3433,7.23577272727273,75.732,22,No
2015-10,2015,Habitat,2,11.9601731,1270.56297317667,631.474,2.0942,7.01072727272727,75.732,22,No
2015-11,2015,Habitat,2,12.2575899,1410.86925283671,654.191,3.6394,6.69261904761905,75.732,21,No
2015-12,2015,Habitat,2,12.1459619,1479.85394845173,672.273,2.9068,6.70786363636364,75.732,22,No
2016-01,2016,Habitat,2,11.9775625,1554.93679339034,673.153,-0.18,7.02015,75.951,20,No
2016-02,2016,Habitat,2,12.1811867,1676.39159850678,699.609,-2.531,7.34585714285714,75.951,21,No
2016-03,2016,Habitat,2,12.2321146,1776.51249314904,726.695,-0.3147,7.139,75.951,23,No
2016-04,2016,Habitat,2,12.4737131,1936.64969164438,750.532,-0.9824,6.54485714285714,75.951,21,No
2016-05,2016,Habitat,2,12.7541457,2087.69663297658,776.47,0.7342,6.26581818181818,75.951,22,No
2016-06,2016,Habitat,2,12.6076262,2161.7944039254,800.252,1.5272,6.08436363636364,75.951,22,No
2016-07,2016,Habitat,2,13.2176645,2378.22258681751,822.714,4.6844,5.75652380952381,75.951,21,No
2016-08,2016,Habitat,2,13.4434815,2522.62151333492,841.572,8.6776,5.63617391304348,75.951,23,No
2016-09,2016,Habitat,2,13.5107434,2639.15883175622,901.326,13.7829,5.79354545454546,75.951,22,No
2016-10,2016,Habitat,2,13.467006,2742.45519980248,931.139,11.8286,5.77085714285714,75.951,21,No
2016-11,2016,Habitat,2,13.3897558,2848.92395200389,959.841,6.7489,6.30986363636364,75.951,22,No
2016-12,2016,Habitat,2,13.4370379,2987.33822935869,983.523,7.5287,6.44685714285714,75.951,22,No
2017-01,2017,Habitat,2,13.5031691,3130.48726837086,1016.507,10.5216,6.35095454545454,75.958,22,No
2017-02,2017,Habitat,2,13.646524,3289.92696911258,1048.237,9.8033,6.26035,75.958,20,No
2017-03,2017,Habitat,2,13.8269934,3448.33045873464,1075.157,7.6363,6.09739130434783,75.958,23,No
2017-04,2017,Habitat,2,13.9762598,3605.08114262891,1094.378,8.11,5.87055555555556,75.958,20,No
2017-05,2017,Habitat,2,14.3010139,3848.79667133579,1120.162,9.6708,5.71772727272727,75.958,23,No
2017-06,2017,Habitat,2,14.3304843,4007.89024450559,1121.407,10.6836,5.57905,75.958,22,No
2017-07,2017,Habitat,2,14.5105574,4186.76146545536,1120.237,8.0892,5.65947368421053,75.958,21,No
2017-08,2017,Habitat,2,14.6335869,4409.87321832333,1119.802,5.9864,5.46204347826087,75.958,23,No
2017-09,2017,Habitat,2,14.9989514,4715.73094793111,1118.76,7.3285,5.34190476190476,75.958,21,No
2017-10,2017,Habitat,2,15.2609578,5008.3373276788,1117.379,10.069,5.26331818181818,75.958,22,No
2017-11,2017,Habitat,2,15.3499837,5202.99201593153,1114.026,12.468,5.2997619047619,75.958,22,No
2017-12,2017,Habitat,2,15.456815,5426.42054528316,1113.958,12.264,5.24947368421053,75.958,20,No
2018-01,2018,Habitat,2,16.0119788,5840.3377,1112.248,15.4444,4.81809523809524,76.018,22,No
2018-02,2018,Habitat,2,15.8736765,5983.4190522928,1110.884,14.9384,4.7945,76.018,20,No
2018-03,2018,Habitat,2,15.7032317,6123.5856234568,1108.557,14.8011,4.845,76.018,22,No
2018-04,2018,Habitat,2,15.6695444,6328.5324381472,1105.945,12.453,5.0242,76.018,21,No
2018-05,2018,Habitat,2,15.514227,6475.5483681325,1103.833,8.8915,5.47227272727273,76.018,23,No
2018-06,2018,Habitat,2,15.4013323,6582.52431434543,1101.484,6.6129,5.6626,76.018,21,No
2018-07,2018,Habitat,2,15.6469977,6865.7495785163,1098.824,6.1743,5.48476190476191,76.018,22,No
2018-08,2018,Habitat,2,15.5963359,6980.9714596802,1095.694,5.9617,5.4252380952381,76.018,23,No
2018-09,2018,Habitat,2,15.5972916,7146.60068942462,1092.877,3.6555,5.5175,76.018,20,No
2018-10,2018,Habitat,2,14.9937011,7023.9843667038,1089.625,-1.4143,5.73181818181818,76.018,23,No
2018-11,2018,Habitat,2,15.2435578,7325.0388722661,1085.954,-3.2753,5.727,76.018,22,No
2018-12,2018,Habitat,2,14.9009668,7278.9953321263,1080.654,-3.9776,5.74363157894737,76.018,20,No
2019-01,2019,Habitat,2,15.4303716,7707.9566883989,1075.999,-6.284,5.58772727272727,76.275,22,No
2019-02,2019,Habitat,2,15.5970045,7919.6725515057,1072.835,-3.5287,5.4945,76.275,20,No
2019-03,2019,Habitat,2,15.8334073,8197.49637,1068.753,-2.6609,5.29923809523809,76.275,21,No
2019-04,2019,Habitat,2,16.1605939,8507.390526811,1068.753,-0.1293,5.2158,76.275,22,No
2019-05,2019,Habitat,2,16.0481759,8538.9265846034,1061.24,0.1542,5.13735454545455,76.275,23,No
2019-06,2019,Habitat,2,16.4841287,8947.324598162,1058.074,2.5938,4.81719,76.275,20,No
2019-07,2019,Habitat,2,16.687353,9280.2637346927,1053.311,5.4708,4.4401,76.275,23,No
2019-08,2019,Habitat,2,16.7014993,9521.255524996,1047.807,4.4574,4.228985,76.275,22,No
2019-09,2019,Habitat,2,16.8519069,9928.2725042617,1043.142,5.851,4.15212380952381,76.275,21,No
2019-10,2019,Habitat,2,17.0577177,10357.9640558158,1038.127,9.1555,4.07454285714286,76.275,23,No
2019-11,2019,Habitat,2,17.1453233,10726.8086526193,1038.127,11.0591,4.23969,76.275,21,No
2019-12,2019,Habitat,2,17.3543103,11197.7594342813,1028.079,13.2615,4.3559380952381,76.275,21,No
2020-01,2020,Habitat,2,17.612404,11707.740292013,1023.434,13.7019,4.50230909090909,73.832,22,No
2020-02,2020,Habitat,2,17.2377278,11821.3618998711,1020.101,12.015,4.258095,73.832,20,No
2020-03,2020,Habitat,2,15.2861229,10754.3990247901,1017.289,-0.3735,5.08725909090909,73.832,22,No
2020-04,2020,Habitat,2,15.8045623,10980.5649566996,1017.289,-5.3474,5.0255,73.832,22,No
2020-05,2020,Habitat,2,16.6526367,11398.447952562,1015.708,-0.3459,4.4295,73.832,21,No
2020-06,2020,Habitat,2,17.1798142,10942.622463151,1016.269,3.0388,4.39,73.832,22,No
2020-07,2020,Habitat,2,17.8445866,11042.76120322,1016.818,2.9391,4.24045454545455,73.832,23,No
2020-08,2020,Habitat,2,18.1402093,11384.624024538,1017.458,6.2386,4.06714285714286,73.832,21,No
2020-09,2020,Habitat,2,18.0557377,11578.212793295,1017.861,5.3575,4.18681818181818,73.832,22,No
2020-10,2020,Habitat,2,18.0730651,11814.144171796,1018.159,5.8981,4.20545454545454,73.832,22,No
2020-11,2020,Habitat,2,19.3047639,12905.449771242,1018.593,7.6204,4.01450476190476,73.832,21,No
2020-12,2020,Habitat,2,20.110801,13643.608699135,1018.475,12.424,3.63264285714286,73.832,22,No
2021-01,2021,Habitat,2,20.3487313,13932.212995653,1018.5,13.0458,3.658,71.596,20,No
2021-02,2021,Habitat,2,20.5388129,14326.919933301,1019.274,14.8401,3.9115,71.596,20,No
2021-03,2021,Habitat,2,20.0377082,14309.363301325,1021.017,23.7131,4.68608695652174,71.596,23,No
2021-04,2021,Habitat,2,19.9739207,14524.618995485,1020.908,26.6028,5.09,71.596,22,No
2021-05,2021,Habitat,2,20.479926,15154.531960051,1021.525,20.4762,4.99,71.596,21,No
2021-06,2021,Habitat,2,20.1341957,14696.713883315,1021.764,14.9148,5.27323809523809,71.596,22,No
2021-07,2021,Habitat,2,19.8722186,13857.185787124,1021.539,9.4667,5.6647,71.596,22,No
2021-08,2021,Habitat,2,19.9251916,13073.240595599,1020.957,3.5617,6.35523809523809,71.596,22,No
2021-09,2021,Habitat,2,19.8688049,12565.039881103,1020.191,5.352,6.34227272727273,71.596,22,No
2021-10,2021,Habitat,2,20.2529314,12752.169611851,1019.287,3.703,5.9495,71.596,21,No
2021-11,2021,Habitat,2,20.4446706,12826.183813618,1018.426,2.6693,5.86571428571429,71.596,22,No
2021-12,2021,Habitat,2,20.3934266,12825.4686689947,1016.413,-3.1892,5.92563636363636,71.596,23,No
2022-01,2022,Habitat,2,20.168544,12714.33856496,1016.358,-6.0243,6.07457142857143,76.834,21,No
2022-02,2022,Habitat,2,20.3164289,12750.189134255,1015.787,-8.8462,6.071,76.834,20,No
2022-03,2022,Habitat,2,20.6170577,12917.6337286779,1014.843,-5.3161,6.59782608695652,76.834,23,No
2022-04,2022,Habitat,2,19.9964319,12557.36471685,1014.357,-5.9681,7.37315789473684,76.834,21,No
2022-05,2022,Habitat,2,19.4329908,12272.7696964005,1014.467,-11.5009,7.92363636363636,76.834,22,No
2022-06,2022,Habitat,2,18.4401618,11852.6360985997,1014.653,-14.3596,7.858,76.834,22,No
2022-07,2022,Habitat,2,18.6783877,11730.1881815874,1014.282,-15.6259,8.21631578947368,76.834,21,No
2022-08,2022,Habitat,2,18.3102615,11111.0209573065,1014.075,-11.6141,7.90872727272727,76.834,23,No
2022-09,2022,Habitat,2,18.0717541,10741.0473090124,1013.9,-15.8061,8.30590909090909,76.834,22,No
2022-10,2022,Habitat,2,19.1689983,11159.8414319181,1013.428,-12.7723,8.64571428571429,76.834,21,No
2022-11,2022,Habitat,2,19.5504662,11517.7310203376,1012.883,-12.4324,7.86476190476191,76.834,22,No
2022-12,2022,Habitat,2,19.1280818,11451.427015263,1012.781,-12.9909,7.8615,76.834,22,No
2023-01,2023,Habitat,2,19.5926526,11976.6208091707,1012.732,-10.5944,7.95952380952381,77.74,22,No
2023-02,2023,Habitat,2,19.2260404,11860.0585914315,1012.969,-12.9925,7.87935,77.74,20,No
2023-03,2023,Habitat,2,19.549341,12282.854755512,1013.323,-12.7319,7.71669565217391,77.74,23,No
2023-04,2023,Habitat,2,19.4830274,12471.4406248877,1013.298,-10.3913,7.48888888888889,77.74,20,No
2023-05,2023,Habitat,2,19.4147049,12555.5990400281,1014.218,-8.4819,7.275,77.74,23,No
2023-06,2023,Habitat,2,19.9181186,13065.2494235159,1014.37,-0.4414,7.07380952380952,77.74,22,No
2023-07,2023,Habitat,2,20.3439024,13536.4525675668,1014.44,0.5462,6.7555,77.74,21,No
2023-08,2023,Habitat,2,20.3978866,13747.282450866,1014.401,2.9654,6.84409090909091,77.74,23,No
2023-09,2023,Habitat,2,20.1021556,13694.2461139506,1014.739,2.8504,6.96857142857143,77.74,21,No
2023-10,2023,Habitat,2,19.8465679,13657.57735164,1015.095,-0.985,7.62454545454545,77.74,22,No
2023-11,2023,Habitat,2,20.2963061,14128.739737408,1015.474,0.1721,7.17190476190476,77.74,22,No
2023-12,2023,Habitat,2,21.2866887,14998.3233770685,1015.859,7.7956,6.86847368421053,77.74,20,No
2024-01,2024,Habitat,2,21.7534218,15366.8940759063,1016.062,7.131,6.67952380952381,77.941,22,No
2024-02,2024,Habitat,2,21.9435963,15681.3656284242,1016.721,10.1119,6.75380952380952,77.941,21,No
2024-03,2024,Habitat,2,21.7093068,15748.0616337682,1017.832,7.3956,7.00578947368421,77.941,21,No
2024-04,2024,Habitat,2,21.5510562,15886.4994756016,1018.843,7.968,7.38204545454545,77.941,22,No
2024-05,2024,Habitat,2,21.997592,16552.33703314,1019.575,11.0767,7.09540909090909,77.941,23,No
2024-06,2024,Habitat,2,22.1236336,16052.551603178,1020.107,8.8557,7.08842105263158,77.941,20,No
2024-07,2024,Habitat,2,21.9700051,14972.465246091,1020.685,5.7433,6.9725,77.941,23,No
2024-08,2024,Habitat,2,22.1401711,14449.200004852,1021.59,5.9046,6.5835,77.941,22,No
2024-09,2024,Habitat,2,22.361909,14557.346844564,1022.199,9.2972,6.36185714285714,77.941,21,No
2024-10,2024,Habitat,2,22.4662695,14697.632186221,1023.066,10.0623,6.52246818181818,77.941,23,No
2024-11,2024,Habitat,2,22.6249177,14947.155244742,1023.922,8.3915,6.669,77.941,21,No
2024-12,2024,Habitat,2,22.5435922,15113.507318649,1024.779,3.2652,6.62515789473684,77.941,21,No
2025-01,2025,Habitat,2,22.6283414,15414.82710731,1025.587,2.1309,6.69,,22,No
2025-02,2025,Habitat,2,22.4502051,15471.364252536,1026.447,0.8192,6.4725,,20,No
2025-03,2025,Habitat,2,22.3692844,15687.460489432,1027.459,1.7406,6.4852380952381,,21,No
2025-04,2025,Habitat,2,22.4666469,16042.801910451,1028.344,2.5564,6.604,,22,No
2025-05,2025,Habitat,2,22.7925037,16586.816801164,1029.297,1.8949,6.48666666666667,,22,No
2025-06,2025,Habitat,2,23.3442758,17270.08541474,1030.292,3.76,6.41190476190476,,21,No
2025-07,2025,Habitat,2,23.6713468,17797.802648256,1031.02,5.9544,6.18745,,23,No
2025-08,2025,Habitat,2,24.087346000000004,18433.575559564,1031.599,7.6043,6.01696,,21,No
2025-09,2025,Habitat,2,24.5623885,19118.577304057,1033.177,7.6262,6.12590909090909,,22,No
2025-10,2025,Habitat,2,24.4228376,19320.150144733,1034.575,7.259,6.10583636363637,,23,No
2025-11,2025,Habitat,2,24.5900129,19093.065338396,1033.891,7.2181,6.00445,,20,No
2025-12,2025,Habitat,2,25.3156676,19093.274828688,1033.167,10.6273,5.82715789473684,,22,No
2013-06,2013,Habitat,3,10.0,0.0028703933324,4.354,0.0,5.31946716260051,74.591,20,No
2013-07,2013,Habitat,3,10.0,0.6127599774699,12.474,0.0,5.26015228899572,74.591,23,No
2013-08,2013,Habitat,3,10.0,2.3824862831919,51.556,0.0,5.46271259667266,74.591,22,No
2013-09,2013,Habitat,3,9.8875558,14.3902319365539,67.183,0.32647647058823526,5.60047619047619,74.591,21,Si
2013-10,2013,Habitat,3,10.2416468,39.2878933282179,78.905,0.6529529411764705,5.31727272727273,74.591,23,Si
2013-11,2013,Habitat,3,10.1351192,60.1064138523824,95.061,0.9794294117647058,5.467,74.591,21,Si
2013-12,2013,Habitat,3,10.3086919,82.7128584923975,110.385,1.305905882352941,5.6055,74.591,21,Si
2014-01,2014,Habitat,3,10.0500988,118.524303842298,130.042,1.6323823529411763,5.72,75.26,22,Si
2014-02,2014,Habitat,3,10.1853901,151.793323514733,153.77,1.9588588235294115,6.4255,75.26,20,Si
2014-03,2014,Habitat,3,10.0822684,169.738166437884,177.611,2.2853352941176466,6.16490476190476,75.26,21,Si
2014-04,2014,Habitat,3,10.3605999,196.783595397938,198.481,2.611811764705882,5.951,75.26,21,Si
2014-05,2014,Habitat,3,10.3836135,220.817518971707,218.489,2.9382882352941175,5.64095238095238,75.26,22,Si
2014-06,2014,Habitat,3,10.5984046,254.457561253985,241.975,3.2647647058823526,5.37238095238095,75.26,21,Si
2014-07,2014,Habitat,3,10.5714884,289.399446680289,265.577,3.5912411764705876,5.177,75.26,23,Si
2014-08,2014,Habitat,3,10.8084616,328.691058171731,313.094,3.917717647058823,5.19790476190476,75.26,21,Si
2014-09,2014,Habitat,3,10.6473251,364.194387414162,341.969,4.244194117647059,5.33545454545455,75.26,22,Si
2014-10,2014,Habitat,3,10.7184082,417.840822683961,364.612,4.570670588235293,5.35995454545454,75.26,23,Si
2014-11,2014,Habitat,3,10.7872947,457.299953690019,383.796,4.897147058823529,5.43935,75.26,20,Si
2014-12,2014,Habitat,3,10.8222766,499.521831077925,400.388,5.223623529411764,5.35971428571429,75.26,22,Si
2015-01,2015,Habitat,3,10.8206022,553.404456637696,424.525,5.5501,5.2966,75.732,21,No
2015-02,2015,Habitat,3,11.2012136,619.627586273459,449.403,10.6028,5.2855,75.732,20,No
2015-03,2015,Habitat,3,11.0941368,670.97242395998,472.399,9.4776,5.52668181818182,75.732,22,No
2015-04,2015,Habitat,3,11.3584331,739.387263840784,493.964,10.5509,5.53809090909091,75.732,21,No
2015-05,2015,Habitat,3,11.527805,825.410912434398,516.111,9.1122,5.9019,75.732,21,No
2015-06,2015,Habitat,3,11.3931147,902.29658401926,537.86,6.9179,6.17166666666667,75.732,22,No
2015-07,2015,Habitat,3,11.4031606,994.489501188383,558.501,5.4156,6.47165,75.732,23,No
2015-08,2015,Habitat,3,10.6761735,1052.2071335289,582.602,3.6501,6.66319047619047,75.732,21,No
2015-09,2015,Habitat,3,10.335509,1117.37724344271,607.872,-1.3433,7.23577272727273,75.732,22,No
2015-10,2015,Habitat,3,11.0803225,1270.56297317667,631.474,2.0942,7.01072727272727,75.732,22,No
2015-11,2015,Habitat,3,11.4509153,1410.86925283671,654.191,3.6394,6.69261904761905,75.732,21,No
2015-12,2015,Habitat,3,11.289558,1479.85394845173,672.273,2.9068,6.70786363636364,75.732,22,No
2016-01,2016,Habitat,3,10.8627916,1554.93679339034,673.153,-0.18,7.02015,75.951,20,No
2016-02,2016,Habitat,3,11.0826248,1676.39159850678,699.609,-2.531,7.34585714285714,75.951,21,No
2016-03,2016,Habitat,3,11.2333696,1776.51249314904,726.695,-0.3147,7.139,75.951,23,No
2016-04,2016,Habitat,3,11.516675,1936.64969164438,750.532,-0.9824,6.54485714285714,75.951,21,No
2016-05,2016,Habitat,3,11.877055,2087.69663297658,776.47,0.7342,6.26581818181818,75.951,22,No
2016-06,2016,Habitat,3,11.4347471,2161.7944039254,800.252,1.5272,6.08436363636364,75.951,22,No
2016-07,2016,Habitat,3,12.2413787,2378.22258681751,822.714,4.6844,5.75652380952381,75.951,21,No
2016-08,2016,Habitat,3,12.5154262,2522.62151333492,841.572,8.6776,5.63617391304348,75.951,23,No
2016-09,2016,Habitat,3,12.5500889,2639.15883175622,901.326,13.7829,5.79354545454546,75.951,22,No
2016-10,2016,Habitat,3,12.4677389,2742.45519980248,931.139,11.8286,5.77085714285714,75.951,21,No
2016-11,2016,Habitat,3,12.4603249,2848.92395200389,959.841,6.7489,6.30986363636364,75.951,22,No
2016-12,2016,Habitat,3,12.6253663,2987.33822935869,983.523,7.5287,6.44685714285714,75.951,22,No
2017-01,2017,Habitat,3,12.4960131,3130.48726837086,1016.507,10.5216,6.35095454545454,75.958,22,No
2017-02,2017,Habitat,3,12.6499469,3289.92696911258,1048.237,9.8033,6.26035,75.958,20,No
2017-03,2017,Habitat,3,12.7610309,3448.33045873464,1075.157,7.6363,6.09739130434783,75.958,23,No
2017-04,2017,Habitat,3,12.8628907,3605.08114262891,1094.378,8.11,5.87055555555556,75.958,20,No
2017-05,2017,Habitat,3,13.2462276,3848.79667133579,1120.162,9.6708,5.71772727272727,75.958,23,No
2017-06,2017,Habitat,3,13.2114559,4007.89024450559,1121.407,10.6836,5.57905,75.958,22,No
2017-07,2017,Habitat,3,13.4258633,4186.76146545536,1120.237,8.0892,5.65947368421053,75.958,21,No
2017-08,2017,Habitat,3,13.5328458,4409.87321832333,1119.802,5.9864,5.46204347826087,75.958,23,No
2017-09,2017,Habitat,3,14.0813929,4715.73094793111,1118.76,7.3285,5.34190476190476,75.958,21,No
2017-10,2017,Habitat,3,14.6061628,5008.3373276788,1117.379,10.069,5.26331818181818,75.958,22,No
2017-11,2017,Habitat,3,14.5915494,5202.99201593153,1114.026,12.468,5.2997619047619,75.958,22,No
2017-12,2017,Habitat,3,14.6347177,5426.42054528316,1113.958,12.264,5.24947368421053,75.958,20,No
2018-01,2018,Habitat,3,15.2169928,5840.3377,1112.248,15.4444,4.81809523809524,76.018,22,No
2018-02,2018,Habitat,3,14.9485643,5983.4190522928,1110.884,14.9384,4.7945,76.018,20,No
2018-03,2018,Habitat,3,14.7062996,6123.5856234568,1108.557,14.8011,4.845,76.018,22,No
2018-04,2018,Habitat,3,14.8856647,6328.5324381472,1105.945,12.453,5.0242,76.018,21,No
2018-05,2018,Habitat,3,14.777555,6475.5483681325,1103.833,8.8915,5.47227272727273,76.018,23,No
2018-06,2018,Habitat,3,14.4499631,6582.52431434543,1101.484,6.6129,5.6626,76.018,21,No
2018-07,2018,Habitat,3,14.7211989,6865.7495785163,1098.824,6.1743,5.48476190476191,76.018,22,No
2018-08,2018,Habitat,3,14.5722641,6980.9714596802,1095.694,5.9617,5.4252380952381,76.018,23,No
2018-09,2018,Habitat,3,14.5653252,7146.60068942462,1092.877,3.6555,5.5175,76.018,20,No
2018-10,2018,Habitat,3,13.7479783,7023.9843667038,1089.625,-1.4143,5.73181818181818,76.018,23,No
2018-11,2018,Habitat,3,14.0105903,7325.0388722661,1085.954,-3.2753,5.727,76.018,22,No
2018-12,2018,Habitat,3,13.4937939,7278.9953321263,1080.654,-3.9776,5.74363157894737,76.018,20,No
2019-01,2019,Habitat,3,14.1828634,7707.9566883989,1075.999,-6.284,5.58772727272727,76.275,22,No
2019-02,2019,Habitat,3,14.4124738,7919.6725515057,1072.835,-3.5287,5.4945,76.275,20,No
2019-03,2019,Habitat,3,14.6154131,8197.49637,1068.753,-2.6609,5.29923809523809,76.275,21,No
2019-04,2019,Habitat,3,14.9451789,8507.390526811,1068.753,-0.1293,5.2158,76.275,22,No
2019-05,2019,Habitat,3,14.5375773,8538.9265846034,1061.24,0.1542,5.13735454545455,76.275,23,No
2019-06,2019,Habitat,3,14.8378423,8947.324598162,1058.074,2.5938,4.81719,76.275,20,No
2019-07,2019,Habitat,3,14.8549965,9280.2637346927,1053.311,5.4708,4.4401,76.275,23,No
2019-08,2019,Habitat,3,14.6918446,9521.255524996,1047.807,4.4574,4.228985,76.275,22,No
2019-09,2019,Habitat,3,14.8996541,9928.2725042617,1043.142,5.851,4.15212380952381,76.275,21,No
2019-10,2019,Habitat,3,15.1571401,10357.9640558158,1038.127,9.1555,4.07454285714286,76.275,23,No
2019-11,2019,Habitat,3,15.2868386,10726.8086526193,1038.127,11.0591,4.23969,76.275,21,No
2019-12,2019,Habitat,3,15.5769471,11197.7594342813,1028.079,13.2615,4.3559380952381,76.275,21,No
2020-01,2020,Habitat,3,15.640023,11707.740292013,1023.434,13.7019,4.50230909090909,73.832,22,No
2020-02,2020,Habitat,3,15.0303837,11821.3618998711,1020.101,12.015,4.258095,73.832,20,No
2020-03,2020,Habitat,3,12.9445709,10754.3990247901,1017.289,-0.3735,5.08725909090909,73.832,22,No
2020-04,2020,Habitat,3,13.3078416,10980.5649566996,1017.289,-5.3474,5.0255,73.832,22,No
2020-05,2020,Habitat,3,14.0095932,11398.447952562,1015.708,-0.3459,4.4295,73.832,21,No
2020-06,2020,Habitat,3,14.9585508,10942.622463151,1016.269,3.0388,4.39,73.832,22,No
2020-07,2020,Habitat,3,15.3920071,11042.76120322,1016.818,2.9391,4.24045454545455,73.832,23,No
2020-08,2020,Habitat,3,15.7193488,11384.624024538,1017.458,6.2386,4.06714285714286,73.832,21,No
2020-09,2020,Habitat,3,15.7157711,11578.212793295,1017.861,5.3575,4.18681818181818,73.832,22,No
2020-10,2020,Habitat,3,15.5573524,11814.144171796,1018.159,5.8981,4.20545454545454,73.832,22,No
2020-11,2020,Habitat,3,16.9762002,12905.449771242,1018.593,7.6204,4.01450476190476,73.832,21,No
2020-12,2020,Habitat,3,17.845611899999998,13643.608699135,1018.475,12.424,3.63264285714286,73.832,22,No
2021-01,2021,Habitat,3,18.5521279,13932.212995653,1018.5,13.0458,3.658,71.596,20,No
2021-02,2021,Habitat,3,19.3628433,14326.919933301,1019.274,14.8401,3.9115,71.596,20,No
2021-03,2021,Habitat,3,19.0343442,14309.363301325,1021.017,23.7131,4.68608695652174,71.596,23,No
2021-04,2021,Habitat,3,18.7392568,14524.618995485,1020.908,26.6028,5.09,71.596,22,No
2021-05,2021,Habitat,3,19.179304,15154.531960051,1021.525,20.4762,4.99,71.596,21,No
2021-06,2021,Habitat,3,18.6749565,14696.713883315,1021.764,14.9148,5.27323809523809,71.596,22,No
2021-07,2021,Habitat,3,18.5494545,13857.185787124,1021.539,9.4667,5.6647,71.596,22,No
2021-08,2021,Habitat,3,18.6522072,13073.240595599,1020.957,3.5617,6.35523809523809,71.596,22,No
2021-09,2021,Habitat,3,18.9944991,12565.039881103,1020.191,5.352,6.34227272727273,71.596,22,No
2021-10,2021,Habitat,3,19.7176502,12752.169611851,1019.287,3.703,5.9495,71.596,21,No
2021-11,2021,Habitat,3,19.9171064,12826.183813618,1018.426,2.6693,5.86571428571429,71.596,22,No
2021-12,2021,Habitat,3,19.9691457,12825.4686689947,1016.413,-3.1892,5.92563636363636,71.596,23,No
2022-01,2022,Habitat,3,20.3413635,12714.33856496,1016.358,-6.0243,6.07457142857143,76.834,21,No
2022-02,2022,Habitat,3,20.6597032,12750.189134255,1015.787,-8.8462,6.071,76.834,20,No
2022-03,2022,Habitat,3,21.3351078,12917.6337286779,1014.843,-5.3161,6.59782608695652,76.834,23,No
2022-04,2022,Habitat,3,20.9274993,12557.36471685,1014.357,-5.9681,7.37315789473684,76.834,21,No
2022-05,2022,Habitat,3,19.5434979,12272.7696964005,1014.467,-11.5009,7.92363636363636,76.834,22,No
2022-06,2022,Habitat,3,18.2249092,11852.6360985997,1014.653,-14.3596,7.858,76.834,22,No
2022-07,2022,Habitat,3,18.7893734,11730.1881815874,1014.282,-15.6259,8.21631578947368,76.834,21,No
2022-08,2022,Habitat,3,18.5135023,11111.0209573065,1014.075,-11.6141,7.90872727272727,76.834,23,No
2022-09,2022,Habitat,3,18.4829963,10741.0473090124,1013.9,-15.8061,8.30590909090909,76.834,22,No
2022-10,2022,Habitat,3,19.5423187,11159.8414319181,1013.428,-12.7723,8.64571428571429,76.834,21,No
2022-11,2022,Habitat,3,19.909443,11517.7310203376,1012.883,-12.4324,7.86476190476191,76.834,22,No
2022-12,2022,Habitat,3,19.3116264,11451.427015263,1012.781,-12.9909,7.8615,76.834,22,No
2023-01,2023,Habitat,3,20.1908518,11976.6208091707,1012.732,-10.5944,7.95952380952381,77.74,22,No
2023-02,2023,Habitat,3,19.3422638,11860.0585914315,1012.969,-12.9925,7.87935,77.74,20,No
2023-03,2023,Habitat,3,19.4463301,12282.854755512,1013.323,-12.7319,7.71669565217391,77.74,23,No
2023-04,2023,Habitat,3,19.3182256,12471.4406248877,1013.298,-10.3913,7.48888888888889,77.74,20,No
2023-05,2023,Habitat,3,18.7743913,12555.5990400281,1014.218,-8.4819,7.275,77.74,23,No
2023-06,2023,Habitat,3,19.2832277,13065.2494235159,1014.37,-0.4414,7.07380952380952,77.74,22,No
2023-07,2023,Habitat,3,19.9681367,13536.4525675668,1014.44,0.5462,6.7555,77.74,21,No
2023-08,2023,Habitat,3,19.9481283,13747.282450866,1014.401,2.9654,6.84409090909091,77.74,23,No
2023-09,2023,Habitat,3,19.731791,13694.2461139506,1014.739,2.8504,6.96857142857143,77.74,21,No
2023-10,2023,Habitat,3,19.3493643,13657.57735164,1015.095,-0.985,7.62454545454545,77.74,22,No
2023-11,2023,Habitat,3,19.7961517,14128.739737408,1015.474,0.1721,7.17190476190476,77.74,22,No
2023-12,2023,Habitat,3,20.9136586,14998.3233770685,1015.859,7.7956,6.86847368421053,77.74,20,No
2024-01,2024,Habitat,3,21.3166009,15366.8940759063,1016.062,7.131,6.67952380952381,77.941,22,No
2024-02,2024,Habitat,3,21.8716474,15681.3656284242,1016.721,10.1119,6.75380952380952,77.941,21,No
2024-03,2024,Habitat,3,21.6698466,15748.0616337682,1017.832,7.3956,7.00578947368421,77.941,21,No
2024-04,2024,Habitat,3,21.3106465,15886.4994756016,1018.843,7.968,7.38204545454545,77.941,22,No
2024-05,2024,Habitat,3,22.0537522,16552.33703314,1019.575,11.0767,7.09540909090909,77.941,23,No
2024-06,2024,Habitat,3,22.1397831,16052.551603178,1020.107,8.8557,7.08842105263158,77.941,20,No
2024-07,2024,Habitat,3,21.7625906,14972.465246091,1020.685,5.7433,6.9725,77.941,23,No
2024-08,2024,Habitat,3,21.3106089,14449.200004852,1021.59,5.9046,6.5835,77.941,22,No
2024-09,2024,Habitat,3,21.505385500000003,14557.346844564,1022.199,9.2972,6.36185714285714,77.941,21,No
2024-10,2024,Habitat,3,22.0646666,14697.632186221,1023.066,10.0623,6.52246818181818,77.941,23,No
2024-11,2024,Habitat,3,22.0694352,14947.155244742,1023.922,8.3915,6.669,77.941,21,No
2024-12,2024,Habitat,3,21.9260027,15113.507318649,1024.779,3.2652,6.62515789473684,77.941,21,No
2025-01,2025,Habitat,3,22.0206574,15414.82710731,1025.587,2.1309,6.69,,22,No
2025-02,2025,Habitat,3,21.5321955,15471.364252536,1026.447,0.8192,6.4725,,20,No
2025-03,2025,Habitat,3,21.5677909,15687.460489432,1027.459,1.7406,6.4852380952381,,21,No
2025-04,2025,Habitat,3,21.5294731,16042.801910451,1028.344,2.5564,6.604,,22,No
2025-05,2025,Habitat,3,22.0852618,16586.816801164,1029.297,1.8949,6.48666666666667,,22,No
2025-06,2025,Habitat,3,22.950805,17270.08541474,1030.292,3.76,6.41190476190476,,21,No
2025-07,2025,Habitat,3,23.4170551,17797.802648256,1031.02,5.9544,6.18745,,23,No
2025-08,2025,Habitat,3,23.9920331,18433.575559564,1031.599,7.6043,6.01696,,21,No
2025-09,2025,Habitat,3,24.8552251,19118.577304057,1033.177,7.6262,6.12590909090909,,22,No
2025-10,2025,Habitat,3,24.8355364,19320.150144733,1034.575,7.259,6.10583636363637,,23,No
2025-11,2025,Habitat,3,24.9228243,19093.065338396,1033.891,7.2181,6.00445,,20,No
2025-12,2025,Habitat,3,26.5003785,19093.274828688,1033.167,10.6273,5.82715789473684,,22,No
2010-01,2010,Horizonte,1,14.6326913,,,,5.75655,72.886,20,No
2010-02,2010,Horizonte,1,14.6269226,,,,6.09765,72.886,20,No
2010-03,2010,Horizonte,1,14.8932687,,,,6.0925652173913,72.886,23,No
2010-04,2010,Horizonte,1,15.0204899,,,,5.9814,72.886,21,No
2010-05,2010,Horizonte,1,14.8506866,,,,6.16133333333333,72.886,21,No
2010-06,2010,Horizonte,1,14.807062,,,,6.3284,72.886,22,No
2010-07,2010,Horizonte,1,15.2037798,,,,6.00815789473684,72.886,22,No
2010-08,2010,Horizonte,1,15.4679818,,,,5.6217619047619,72.886,22,No
2010-09,2010,Horizonte,1,15.7549152,,,,5.73390909090909,72.886,22,No
2010-10,2010,Horizonte,1,16.0590881,,,,5.49245,72.886,21,No
2010-11,2010,Horizonte,1,16.0094768,,,,5.70457142857143,72.886,22,No
2010-12,2010,Horizonte,1,16.1513355,,,,5.89795,72.886,23,No
2011-01,2011,Horizonte,1,16.1386579,,,,5.84628571428571,73.327,21,No
2011-02,2011,Horizonte,1,16.1545755,,,,6.01595,73.327,20,No
2011-03,2011,Horizonte,1,16.0016001,,,,6.35333612040134,73.327,23,No
2011-04,2011,Horizonte,1,16.0183856,,,,6.94410092633545,73.327,20,No
2011-05,2011,Horizonte,1,16.1815365,,,,6.72250202228567,73.327,22,No
2011-06,2011,Horizonte,1,16.1962487,,,,6.45763825900731,73.327,22,No
2011-07,2011,Horizonte,1,16.4692135,,,,6.23626241920591,73.327,21,No
2011-08,2011,Horizonte,1,16.7519492,,,,5.92853521749067,73.327,23,No
2011-09,2011,Horizonte,1,16.4178092,,,,5.62017803787122,73.327,22,No
2011-10,2011,Horizonte,1,16.7488659,,,,5.72483222108669,73.327,21,No
2011-11,2011,Horizonte,1,16.7724743,,,,5.66734322961868,73.327,22,No
2011-12,2011,Horizonte,1,16.8069257,,,,5.6953293398377,73.327,22,No
2012-01,2012,Horizonte,1,17.1579554,,,,5.6877609398031,73.979,22,No
2012-02,2012,Horizonte,1,17.4382641,,,,5.55203643226112,73.979,21,No
2012-03,2012,Horizonte,1,17.5481918,,,,5.40746192764249,73.979,22,No
2012-04,2012,Horizonte,1,17.7871075,,,,5.31709184145608,73.979,20,No
2012-05,2012,Horizonte,1,17.6276237,,,,5.1611689535073,73.979,23,No
2012-06,2012,Horizonte,1,17.9334527,,,,5.14383563093637,73.979,21,No
2012-07,2012,Horizonte,1,18.0430011,,,,5.02354166666667,73.979,22,No
2012-08,2012,Horizonte,1,18.1654556,,,,4.85419437482595,73.979,23,No
2012-09,2012,Horizonte,1,18.4437898,,,,4.67659618205868,73.979,20,No
2012-10,2012,Horizonte,1,18.589963,,,,4.55363674242424,73.979,23,No
2012-11,2012,Horizonte,1,18.7909242,,,,4.45981283452211,73.979,22,No
2012-12,2012,Horizonte,1,19.0424019,,,,4.16331561657297,73.979,20,No
2013-01,2013,Horizonte,1,19.3047863,,,,4.06750469795356,74.591,22,No
2013-02,2013,Horizonte,1,19.3544698,,,,4.15190764118355,74.591,20,No
2013-03,2013,Horizonte,1,19.4373199,,,,4.14838614187719,74.591,20,No
2013-04,2013,Horizonte,1,19.632982,,,,4.05634051937754,74.591,22,No
2013-05,2013,Horizonte,1,19.2316212,,,,4.20181818181818,74.591,23,No
2013-06,2013,Horizonte,1,18.7327736,,,,5.31946716260051,74.591,20,No
2013-07,2013,Horizonte,1,18.9343701,,,,5.26015228899572,74.591,23,No
2013-08,2013,Horizonte,1,0.0,,,,5.46271259667266,74.591,21,No
2010-01,2010,Horizonte,2,88.6628629,,,,5.75655,72.886,20,No
2010-02,2010,Horizonte,2,88.777604,,,,6.09765,72.886,20,No
2010-03,2010,Horizonte,2,92.6758266,,,,6.0925652173913,72.886,23,No
2010-04,2010,Horizonte,2,94.5474855,,,,5.9814,72.886,21,No
2010-05,2010,Horizonte,2,91.4194734,,,,6.16133333333333,72.886,21,No
2010-06,2010,Horizonte,2,90.752753,,,,6.3284,72.886,22,No
2010-07,2010,Horizonte,2,95.1735587,,,,6.00815789473684,72.886,22,No
2010-08,2010,Horizonte,2,97.0994612,,,,5.6217619047619,72.886,22,No
2010-09,2010,Horizonte,2,102.5321059,,,,5.73390909090909,72.886,22,No
2010-10,2010,Horizonte,2,106.2347965,,,,5.49245,72.886,21,No
2010-11,2010,Horizonte,2,105.7239141,,,,5.70457142857143,72.886,22,No
2010-12,2010,Horizonte,2,108.4443053,,,,5.89795,72.886,23,No
2011-01,2011,Horizonte,2,105.7226058,,,,5.84628571428571,73.327,21,No
2011-02,2011,Horizonte,2,105.8811436,,,,6.01595,73.327,20,No
2011-03,2011,Horizonte,2,104.5050854,,,,6.35333612040134,73.327,23,No
2011-04,2011,Horizonte,2,102.5708443,,,,6.94410092633545,73.327,20,No
2011-05,2011,Horizonte,2,103.3800899,,,,6.72250202228567,73.327,22,No
2011-06,2011,Horizonte,2,99.9158642,,,,6.45763825900731,73.327,22,No
2011-07,2011,Horizonte,2,103.388581,,,,6.23626241920591,73.327,21,No
2011-08,2011,Horizonte,2,103.3780449,,,,5.92853521749067,73.327,23,No
2011-09,2011,Horizonte,2,95.6346135,,,,5.62017803787122,73.327,22,No
2011-10,2011,Horizonte,2,100.6049083,,,,5.72483222108669,73.327,21,No
2011-11,2011,Horizonte,2,99.8699377,,,,5.66734322961868,73.327,22,No
2011-12,2011,Horizonte,2,99.1124147,,,,5.6953293398377,73.327,22,No
2012-01,2012,Horizonte,2,104.3188452,,,,5.6877609398031,73.979,22,No
2012-02,2012,Horizonte,2,106.5320215,,,,5.55203643226112,73.979,21,No
2012-03,2012,Horizonte,2,106.9689724,,,,5.40746192764249,73.979,22,No
2012-04,2012,Horizonte,2,107.7325037,,,,5.31709184145608,73.979,20,No
2012-05,2012,Horizonte,2,104.1024915,,,,5.1611689535073,73.979,23,No
2012-06,2012,Horizonte,2,105.5789288,,,,5.14383563093637,73.979,21,No
2012-07,2012,Horizonte,2,105.2083471,,,,5.02354166666667,73.979,22,No
2012-08,2012,Horizonte,2,105.8831758,,,,4.85419437482595,73.979,23,No
2012-09,2012,Horizonte,2,108.7401664,,,,4.67659618205868,73.979,20,No
2012-10,2012,Horizonte,2,108.743616,,,,4.55363674242424,73.979,23,No
2012-11,2012,Horizonte,2,109.7576043,,,,4.45981283452211,73.979,22,No
2012-12,2012,Horizonte,2,112.0405219,,,,4.16331561657297,73.979,20,No
2013-01,2013,Horizonte,2,114.1477905,,,,4.06750469795356,74.591,22,No
2013-02,2013,Horizonte,2,113.3767447,,,,4.15190764118355,74.591,20,No
2013-03,2013,Horizonte,2,114.0941818,,,,4.14838614187719,74.591,20,No
2013-04,2013,Horizonte,2,114.9458609,,,,4.05634051937754,74.591,22,No
2013-05,2013,Horizonte,2,112.072743,,,,4.20181818181818,74.591,23,No
2013-06,2013,Horizonte,2,108.8183671,,,,5.31946716260051,74.591,20,No
2013-07,2013,Horizonte,2,110.1465223,,,,5.26015228899572,74.591,23,No
2013-08,2013,Horizonte,2,0.0,,,,5.46271259667266,74.591,21,No
2010-01,2010,Horizonte,3,23.8045254,,,,5.75655,72.886,20,No
2010-02,2010,Horizonte,3,23.8411895,,,,6.09765,72.886,20,No
2010-03,2010,Horizonte,3,25.6008659,,,,6.0925652173913,72.886,23,No
2010-04,2010,Horizonte,3,26.4214092,,,,5.9814,72.886,21,No
2010-05,2010,Horizonte,3,25.0798371,,,,6.16133333333333,72.886,21,No
2010-06,2010,Horizonte,3,24.4270677,,,,6.3284,72.886,22,No
2010-07,2010,Horizonte,3,25.9031505,,,,6.00815789473684,72.886,22,No
2010-08,2010,Horizonte,3,26.5041002,,,,5.6217619047619,72.886,22,No
2010-09,2010,Horizonte,3,29.4978847,,,,5.73390909090909,72.886,22,No
2010-10,2010,Horizonte,3,31.3953714,,,,5.49245,72.886,21,No
2010-11,2010,Horizonte,3,32.0160724,,,,5.70457142857143,72.886,22,No
2010-12,2010,Horizonte,3,33.9126596,,,,5.89795,72.886,23,No
2011-01,2011,Horizonte,3,32.8525424,,,,5.84628571428571,73.327,21,No
2011-02,2011,Horizonte,3,32.7418683,,,,6.01595,73.327,20,No
2011-03,2011,Horizonte,3,32.0787387,,,,6.35333612040134,73.327,23,No
2011-04,2011,Horizonte,3,31.107366,,,,6.94410092633545,73.327,20,No
2011-05,2011,Horizonte,3,31.3696078,,,,6.72250202228567,73.327,22,No
2011-06,2011,Horizonte,3,29.2419564,,,,6.45763825900731,73.327,22,No
2011-07,2011,Horizonte,3,30.8422109,,,,6.23626241920591,73.327,21,No
2011-08,2011,Horizonte,3,29.8573998,,,,5.92853521749067,73.327,23,No
2011-09,2011,Horizonte,3,26.6632151,,,,5.62017803787122,73.327,22,No
2011-10,2011,Horizonte,3,28.5548615,,,,5.72483222108669,73.327,21,No
2011-11,2011,Horizonte,3,28.498542,,,,5.66734322961868,73.327,22,No
2011-12,2011,Horizonte,3,28.0371785,,,,5.6953293398377,73.327,22,No
2012-01,2012,Horizonte,3,30.6011123,,,,5.6877609398031,73.979,22,No
2012-02,2012,Horizonte,3,31.3733553,,,,5.55203643226112,73.979,21,No
2012-03,2012,Horizonte,3,31.8058312,,,,5.40746192764249,73.979,22,No
2012-04,2012,Horizonte,3,31.8084839,,,,5.31709184145608,73.979,20,No
2012-05,2012,Horizonte,3,29.8539357,,,,5.1611689535073,73.979,23,No
2012-06,2012,Horizonte,3,29.9292142,,,,5.14383563093637,73.979,21,No
2012-07,2012,Horizonte,3,29.4445246,,,,5.02354166666667,73.979,22,No
2012-08,2012,Horizonte,3,29.6539767,,,,4.85419437482595,73.979,23,No
2012-09,2012,Horizonte,3,31.029906,,,,4.67659618205868,73.979,20,No
2012-10,2012,Horizonte,3,30.7718458,,,,4.55363674242424,73.979,23,No
2012-11,2012,Horizonte,3,30.9901774,,,,4.45981283452211,73.979,22,No
2012-12,2012,Horizonte,3,32.0575448,,,,4.16331561657297,73.979,20,No
2013-01,2013,Horizonte,3,33.0833053,,,,4.06750469795356,74.591,22,No
2013-02,2013,Horizonte,3,32.9204218,,,,4.15190764118355,74.591,20,No
2013-03,2013,Horizonte,3,33.0320891,,,,4.14838614187719,74.591,20,No
2013-04,2013,Horizonte,3,32.9354659,,,,4.05634051937754,74.591,22,No
2013-05,2013,Horizonte,3,32.0641718,,,,4.20181818181818,74.591,23,No
2013-06,2013,Horizonte,3,31.4262199,,,,5.31946716260051,74.591,20,No
2013-07,2013,Horizonte,3,31.6376618,,,,5.26015228899572,74.591,23,No
2013-08,2013,Horizonte,3,0.0,,,,5.46271259667266,74.591,21,No
2016-04,2016,Integra,0,10.0306733,51501.4308424758,2012.094,-1.7704,6.54485714285714,75.951,21,No
2016-05,2016,Integra,0,10.0732518,52663.488840372,2011.078,0.1187,6.26581818181818,75.951,22,No
2016-06,2016,Integra,0,10.1151307,51740.4379105752,2010.139,0.4679,6.08436363636364,75.951,22,No
2016-07,2016,Integra,0,10.146875,53583.7692904538,2009.29,3.2736,5.75652380952381,75.951,21,No
2016-08,2016,Integra,0,10.1824415,54341.1570391158,2008.508,7.1898,5.63617391304348,75.951,23,No
2016-09,2016,Integra,0,10.2227014,54229.0746192077,2007.047,12.5593,5.79354545454546,75.951,22,No
2016-10,2016,Integra,0,10.2643357,53958.5539173285,2006.441,10.1917,5.77085714285714,75.951,21,No
2016-11,2016,Integra,0,10.3058976,53641.7145512567,2005.889,5.5307,6.30986363636364,75.951,22,No
2016-12,2016,Integra,0,10.3472586,53984.9622356673,2005.368,6.8675,6.44685714285714,75.951,22,No
2017-01,2017,Integra,0,10.3915504,53939.2017557102,2005.002,10.1253,6.35095454545454,75.958,22,No
2017-02,2017,Integra,0,10.4316277,54208.0043491477,2004.613,9.0965,6.26035,75.958,20,No
2017-03,2017,Integra,0,10.4756779,55043.6831582107,2004.213,6.6264,6.09739130434783,75.958,23,No
2017-04,2017,Integra,0,10.5152938,55628.7552177963,2003.703,7.09,5.87055555555556,75.958,20,No
2017-05,2017,Integra,0,10.5618106,56563.6023711293,2003.421,8.3062,5.71772727272727,75.958,23,No
2017-06,2017,Integra,0,10.6037285,56716.0115864363,2003.312,9.2843,5.57905,75.958,22,No
2017-07,2017,Integra,0,10.6464779,57398.5270752453,2003.066,7.1166,5.65947368421053,75.958,21,No
2017-08,2017,Integra,0,10.6878743,57769.0299364161,2002.71,5.2065,5.46204347826087,75.958,23,No
2017-09,2017,Integra,0,10.7260935,59275.3350257751,2002.347,6.3068,5.34190476190476,75.958,21,No
2017-10,2017,Integra,0,10.7677653,60407.795892001,2002.239,9.2799,5.26331818181818,75.958,22,No
2017-11,2017,Integra,0,10.8059152,60526.0502184775,2002.911,11.433,5.2997619047619,75.958,22,No
2017-12,2017,Integra,0,10.8412377,60945.2537703536,2002.514,11.053,5.24947368421053,75.958,20,No
2018-01,2018,Integra,0,10.8794467,62772.51316,2002.881,13.8367,4.81809523809524,76.018,22,No
2018-02,2018,Integra,0,10.9114463,62059.3928405563,2003.056,13.2626,4.7945,76.018,20,No
2018-03,2018,Integra,0,10.942673,61586.4597179434,2003.46,12.9373,4.845,76.018,22,No
2018-04,2018,Integra,0,10.9740822,61732.661932969,2003.813,11.011,5.0242,76.018,21,No
2018-05,2018,Integra,0,11.0050131,60932.2507905715,2003.949,7.979,5.47227272727273,76.018,23,No
2018-06,2018,Integra,0,11.0336693,60136.1322625172,2004.259,5.6406,5.6626,76.018,21,No
2018-07,2018,Integra,0,11.0657531,61364.6262955657,2004.629,5.253,5.48476190476191,76.018,22,No
2018-08,2018,Integra,0,11.0974094,60918.4079988565,2004.967,5.4054,5.4252380952381,76.018,23,No
2018-09,2018,Integra,0,11.1259953,60811.3799638525,2005.57,3.0936,5.5175,76.018,20,No
2018-10,2018,Integra,0,11.1598484,58758.1828891539,2006.756,-1.8036,5.73181818181818,76.018,23,No
2018-11,2018,Integra,0,11.1917802,60058.2723261226,2008.001,-2.399,5.727,76.018,22,No
2018-12,2018,Integra,0,11.2274625,58515.710669715,2008.747,-3.0118,5.74363157894737,76.018,20,No
2019-01,2019,Integra,0,11.2638694,60133.2319851296,2009.932,-5.5191,5.58772727272727,76.275,22,No
2019-02,2019,Integra,0,11.2989359,60582.7699712057,2010.652,-2.7522,5.4945,76.275,20,No
2019-03,2019,Integra,0,11.3365482,61539.29175,2011.015,-1.7254,5.29923809523809,76.275,21,No
2019-04,2019,Integra,0,11.3777299,62175.5326054532,2011.015,0.1229,5.2158,76.275,22,No
2019-05,2019,Integra,0,11.4194336,61387.4394269657,2011.774,-0.4461,5.13735454545455,76.275,23,No
2019-06,2019,Integra,0,11.4556494,62367.8137365779,2040.86,1.9033,4.81719,76.275,20,No
2019-07,2019,Integra,0,11.4982903,62784.5188372357,2077.202,3.9929,4.4401,76.275,23,No
2019-08,2019,Integra,0,11.5356971,62941.8408489234,2117.325,3.0343,4.228985,76.275,22,No
2019-09,2019,Integra,0,11.5733673,63255.403633338,2156.621,4.5537,4.15212380952381,76.275,21,No
2019-10,2019,Integra,0,11.6091476,63993.8713744339,2199.615,7.4333,4.07454285714286,76.275,23,No
2019-11,2019,Integra,0,11.6433778,64092.9006913409,2199.615,8.0871,4.23969,76.275,21,No
2019-12,2019,Integra,0,11.6787713,64826.3997568323,2271.231,10.0464,4.3559380952381,76.275,21,No
2020-01,2020,Integra,0,11.713493,65087.491096089,2310.363,10.0033,4.50230909090909,73.832,22,No
2020-02,2020,Integra,0,11.7427821,63679.6413267758,2345.582,8.622,4.258095,73.832,20,No
2020-03,2020,Integra,0,11.7848757,56839.2636302646,2374.274,-3.2129,5.08725909090909,73.832,22,No
2020-04,2020,Integra,0,11.8163726,57042.0582013098,2374.274,-7.1135,5.0255,73.832,22,No
2020-05,2020,Integra,0,11.8485173,58036.330546069,2407.347,-3.1779,4.4295,73.832,21,No
2020-06,2020,Integra,0,11.8779073,56502.136816339,2429.884,-0.2418,4.39,73.832,22,No
2020-07,2020,Integra,0,11.9036207,55612.04737624,2461.931,-0.1257,4.24045454545455,73.832,23,No
2020-08,2020,Integra,0,11.9288531,56315.293606906,2495.068,3.1678,4.06714285714286,73.832,21,No
2020-09,2020,Integra,0,11.9538498,55904.39480296,2528.481,1.9266,4.18681818181818,73.832,22,No
2020-10,2020,Integra,0,11.9785926,55840.548464378,2567.213,2.1973,4.20545454545454,73.832,22,No
2020-11,2020,Integra,0,11.994386400000002,59025.553918275,2608.659,3.7866,4.01450476190476,73.832,21,No
2020-12,2020,Integra,0,12.0076156,59947.907269463,2641.313,7.6509,3.63264285714286,73.832,22,No
2021-01,2021,Integra,0,12.019285,59324.806249068,2673.222,8.6065,3.658,71.596,20,No
2021-02,2021,Integra,0,12.0284551,58761.361652702,2708.955,9.7357,3.9115,71.596,20,No
2021-03,2021,Integra,0,12.0343507,57720.573410359,2742.978,19.3514,4.68608695652174,71.596,23,No
2021-04,2021,Integra,0,12.034899,57424.366262715,2777.313,21.7927,5.09,71.596,22,No
2021-05,2021,Integra,0,12.0403199,59519.988391671,2813.095,19.9782,4.99,71.596,21,No
2021-06,2021,Integra,0,12.0453123,56928.478484167,2856.044,15.5665,5.27323809523809,71.596,22,No
2021-07,2021,Integra,0,12.0470236,53032.80537743,2897.334,10.8805,5.6647,71.596,22,No
2021-08,2021,Integra,0,12.0403703,49076.132598373,2944.433,5.7496,6.35523809523809,71.596,22,No
2021-09,2021,Integra,0,12.0411084,46510.0391320562,2995.66,7.7466,6.34227272727273,71.596,22,No
2021-10,2021,Integra,0,12.052485999999998,47520.7088040986,3049.041,7.4078,5.9495,71.596,21,No
2021-11,2021,Integra,0,12.0634058,47801.646603868,3094.134,6.4523,5.86571428571429,71.596,22,No
2021-12,2021,Integra,0,12.0811833,48097.2429163364,3135.688,1.2205,5.92563636363636,71.596,23,No
2022-01,2022,Integra,0,12.1005856,47519.172022121,3183.288,-1.5146,6.07457142857143,76.834,21,No
2022-02,2022,Integra,0,12.1256179,47606.778823599,3228.654,-4.7876,6.071,76.834,20,No
2022-03,2022,Integra,0,12.1599053,47781.2407212097,3274.989,-4.242,6.59782608695652,76.834,23,No
2022-04,2022,Integra,0,12.1928906,46729.388776355,3320.75,-6.2246,7.37315789473684,76.834,21,No
2022-05,2022,Integra,0,12.240349000000002,45577.4985340415,3367.81,-12.7299,7.92363636363636,76.834,22,No
2022-06,2022,Integra,0,12.2854007,44770.0921205094,3419.381,-15.0144,7.858,76.834,22,No
2022-07,2022,Integra,0,12.328253,43644.8273825386,3468.216,-14.6607,8.21631578947368,76.834,21,No
2022-08,2022,Integra,0,12.3782654,40304.5109712043,3521.083,-12.5754,7.90872727272727,76.834,23,No
2022-09,2022,Integra,0,12.4337321,37382.8891580912,3578.515,-16.3814,8.30590909090909,76.834,22,No
2022-10,2022,Integra,0,12.4989153,37665.1611913742,3634.898,-13.8551,8.64571428571429,76.834,21,No
2022-11,2022,Integra,0,12.568879,38662.7695339374,3680.194,-13.4861,7.86476190476191,76.834,22,No
2022-12,2022,Integra,0,12.6393375,38159.3977466136,3716.181,-13.521,7.8615,76.834,22,No
2023-01,2023,Integra,0,12.7225174,39198.4618485017,3764.987,-10.2893,7.95952380952381,77.74,22,No
2023-02,2023,Integra,0,12.8000426,38818.0897611384,3807.321,-11.5392,7.87935,77.74,20,No
2023-03,2023,Integra,0,12.88959,39468.157335006,3851.633,-10.1102,7.71669565217391,77.74,23,No
2023-04,2023,Integra,0,12.972259200000002,39594.048673194,3886.246,-7.5397,7.48888888888889,77.74,20,No
2023-05,2023,Integra,0,13.0682233,39691.8508923026,3930.037,-5.3306,7.275,77.74,23,No
2023-06,2023,Integra,0,13.1544983,40502.5313685217,3969.748,-0.6494,7.07380952380952,77.74,22,No
2023-07,2023,Integra,0,13.2481569,41338.5694190581,4006.567,-0.2016,6.7555,77.74,21,No
2023-08,2023,Integra,0,13.3350024,41724.042154803,4048.684,2.2245,6.84409090909091,77.74,23,No
2023-09,2023,Integra,0,13.4210176,41515.3426089151,4091.274,2.4471,6.96857142857143,77.74,21,No
2023-10,2023,Integra,0,13.5165005,41252.34593728,4128.713,-0.3663,7.62454545454545,77.74,22,No
2023-11,2023,Integra,0,13.6060603,42200.8874214358,4162.18,-0.8673,7.17190476190476,77.74,22,No
2023-12,2023,Integra,0,13.6934409,44038.7369252789,4195.198,5.5771,6.86847368421053,77.74,20,No
2024-01,2024,Integra,0,13.7828823,44837.2868246509,4240.244,4.586,6.67952380952381,77.941,22,No
2024-02,2024,Integra,0,13.8575128,45455.4433049356,4280.115,6.6631,6.75380952380952,77.941,21,No
2024-03,2024,Integra,0,13.9259885,45308.5888884558,4319.452,4.7592,7.00578947368421,77.941,21,No
2024-04,2024,Integra,0,14.0079902,44744.9525049,4370.682,4.1312,7.38204545454545,77.941,22,No
2024-05,2024,Integra,0,14.083742,45889.072572986,4422.935,6.6868,7.09540909090909,77.941,23,No
2024-06,2024,Integra,0,14.1518254,43399.49945668,4466.951,5.7489,7.08842105263158,77.941,20,No
2024-07,2024,Integra,0,14.2302932,39499.604532726,4509.271,3.9556,6.9725,77.941,23,No
2024-08,2024,Integra,0,14.3030811,38164.64177989,4551.005,4.7012,6.5835,77.941,22,No
2024-09,2024,Integra,0,14.3432811,37232.939498719,4590.232,7.4734,6.36185714285714,77.941,21,No
2024-10,2024,Integra,0,14.4434847,36719.593332635,4631.794,7.7124,6.52246818181818,77.941,23,No
2024-11,2024,Integra,0,14.5031589,37156.657724251,4672.761,6.8864,6.669,77.941,21,No
2024-12,2024,Integra,0,14.5651052,37246.216114169,4709.501,2.9693,6.62515789473684,77.941,21,No
2025-01,2025,Integra,0,14.6242351,37640.416859409,4760.268,1.9713,6.69,,22,No
2025-02,2025,Integra,0,14.6762344,37599.151642133,4803.295,0.0457,6.4725,,20,No
2025-03,2025,Integra,0,14.7346939,37730.679901225,4845.25,0.4699,6.4852380952381,,21,No
2025-04,2025,Integra,0,14.7927422,37961.995036739,4895.578,0.8919,6.604,,22,No
2025-05,2025,Integra,0,14.8491198,38686.339377443,4938.671,-0.0418,6.48666666666667,,22,No
2025-06,2025,Integra,0,14.9064957,39987.078879971,4934.849,1.4351,6.41190476190476,,21,No
2025-07,2025,Integra,0,14.9659364,40989.591697117,4931.847,3.3485,6.18745,,23,No
2025-08,2025,Integra,0,15.0189241,41900.128276707,4929.386,4.22,6.01696,,21,No
2025-09,2025,Integra,0,15.0785153,43280.467983869,4926.119,5.1998,6.12590909090909,,22,No
2025-10,2025,Integra,0,15.1353699,43307.513708609,4919.734,4.854,6.10583636363637,,23,No
2025-11,2025,Integra,0,15.186261000000002,41849.434920569,4914.674,4.4876,6.00445,,20,No
2025-12,2025,Integra,0,15.2479038,39507.816647423,4910.011,8.9353,5.82715789473684,,22,No
2010-01,2010,Integra,1,13.8751939,20688.3434357649,1158.323,29.5137,5.75655,72.886,20,No
2010-02,2010,Integra,1,13.8549906,20956.5692034118,1161.962,25.0676,6.09765,72.886,20,No
2010-03,2010,Integra,1,14.0938425,21942.9405146009,1164.736,27.5592,6.0925652173913,72.886,23,No
2010-04,2010,Integra,1,14.1302482,22277.339212491,1167.793,21.781,5.9814,72.886,21,No
2010-05,2010,Integra,1,13.9132753,21717.5318322061,1170.326,14.1865,6.16133333333333,72.886,21,No
2010-06,2010,Integra,1,13.8415893,21423.5604746244,1173.688,10.8518,6.3284,72.886,22,No
2010-07,2010,Integra,1,14.196344,22543.0711499525,1176.543,11.4005,6.00815789473684,72.886,22,No
2010-08,2010,Integra,1,14.3746016,23057.6769460309,1180.314,11.6166,5.6217619047619,72.886,22,No
2010-09,2010,Integra,1,14.6402713,24481.1677637736,1185.285,10.8828,5.73390909090909,72.886,22,No
2010-10,2010,Integra,1,14.9338482,25609.8848948151,1191.195,12.9454,5.49245,72.886,21,No
2010-11,2010,Integra,1,14.8943859,25577.7319203492,1197.32,13.4513,5.70457142857143,72.886,22,No
2010-12,2010,Integra,1,15.0509923,26327.0907402711,1201.525,14.0775,5.89795,72.886,23,No
2011-01,2011,Integra,1,15.0172871,25665.0214522437,1207.042,13.2927,5.84628571428571,73.327,21,No
2011-02,2011,Integra,1,15.0359841,25722.9530095657,1213.854,16.2652,6.01595,73.327,20,No
2011-03,2011,Integra,1,14.9325398,25317.1806747169,1220.114,10.652,6.35333612040134,73.327,23,No
2011-04,2011,Integra,1,14.8719479,24838.6486050112,1226.4,4.3676,6.94410092633545,73.327,20,No
2011-05,2011,Integra,1,15.0542569,25246.7989244324,1232.574,8.5064,6.72250202228567,73.327,22,No
2011-06,2011,Integra,1,15.0641555,24444.8346936199,1238.816,6.4827,6.45763825900731,73.327,22,No
2011-07,2011,Integra,1,15.3051912,25367.4910432491,1245.269,6.8031,6.23626241920591,73.327,21,No
2011-08,2011,Integra,1,15.4980504,25381.7429362651,1251.797,2.3936,5.92853521749067,73.327,23,No
2011-09,2011,Integra,1,15.0008989,23313.2603410815,1259.025,-1.93,5.62017803787122,73.327,22,No
2011-10,2011,Integra,1,15.3894685,24790.6359468397,1266.616,-9.7804,5.72483222108669,73.327,21,No
2011-11,2011,Integra,1,15.3236752,24642.9156716303,1274.215,-9.7759,5.66734322961868,73.327,22,No
2011-12,2011,Integra,1,15.3404742,24439.142,1280.289,-11.0815,5.6953293398377,73.327,22,No
2012-01,2012,Integra,1,15.7037868,26003.4388506942,1287.904,-7.2652,5.6877609398031,73.979,22,No
2012-02,2012,Integra,1,15.9658158,26618.9261255929,1294.669,-2.8265,5.55203643226112,73.979,21,No
2012-03,2012,Integra,1,16.0530212,26818.5075044077,1303.172,-1.0564,5.40746192764249,73.979,22,No
2012-04,2012,Integra,1,16.2305271,26951.6061302989,1310.248,1.8744,5.31709184145608,73.979,20,No
2012-05,2012,Integra,1,16.0843028,26199.5509684671,1318.215,-1.3075,5.1611689535073,73.979,23,No
2012-06,2012,Integra,1,16.3832109,26585.8025014636,1325.682,0.6305,5.14383563093637,73.979,21,No
2012-07,2012,Integra,1,16.5039179,26424.1615888448,1333.538,0.3866,5.02354166666667,73.979,22,No
2012-08,2012,Integra,1,16.6394306,26694.937946232,1343.354,0.8037,4.85419437482595,73.979,23,No
2012-09,2012,Integra,1,16.9182761,27629.255306748,1356.81,3.3348,4.67659618205868,73.979,20,No
2012-10,2012,Integra,1,17.0364845,27669.7557726749,1355.926,7.3621,4.55363674242424,73.979,23,No
2012-11,2012,Integra,1,17.1904716,27973.2700872909,1355.011,6.3614,4.45981283452211,73.979,22,No
2012-12,2012,Integra,1,17.4305859,28648.0424701848,1354.386,8.4508,4.16331561657297,73.979,20,No
2013-01,2013,Integra,1,17.6939618,29405.2361076181,1353.581,8.3833,4.06750469795356,74.591,22,No
2013-02,2013,Integra,1,17.7436411,29319.8105111911,1352.519,4.5887,4.15190764118355,74.591,20,No
2013-03,2013,Integra,1,17.8084104,29606.5275025651,1352.026,4.2507,4.14838614187719,74.591,20,No
2013-04,2013,Integra,1,18.0395969,29721.6097636983,1350.876,3.9827,4.05634051937754,74.591,22,No
2013-05,2013,Integra,1,17.5683068,29089.3985170919,1350.653,6.6483,4.20181818181818,74.591,23,No
2013-06,2013,Integra,1,17.0821845,28416.6635595262,1350.271,2.5519,5.31946716260051,74.591,20,No
2013-07,2013,Integra,1,17.2546343,28909.6293029103,1350.91,0.5425,5.26015228899572,74.591,23,No
2013-08,2013,Integra,1,16.913673,39910.4959581123,2053.52,0.9448,5.46271259667266,74.591,22,No
2013-09,2013,Integra,1,17.1824197,40501.4741801211,2052.571,-0.907,5.60047619047619,74.591,21,No
2013-10,2013,Integra,1,17.3805938,41636.4351874253,2051.476,-0.6531,5.31727272727273,74.591,23,No
2013-11,2013,Integra,1,17.3469756,41298.2343252109,2050.018,-0.1194,5.467,74.591,21,No
2013-12,2013,Integra,1,17.4401957,41961.357479324,2048.904,-1.702,5.6055,74.591,21,No
2014-01,2014,Integra,1,17.3415497,41364.0960518514,2047.483,-3.4685,5.72,75.26,22,No
2014-02,2014,Integra,1,17.4590667,41945.9452760996,2046.393,-5.369,6.4255,75.26,20,No
2014-03,2014,Integra,1,17.5796396,42191.0961802607,2045.334,-4.2655,6.16490476190476,75.26,21,No
2014-04,2014,Integra,1,17.7584642,43058.0442311752,2043.98,-3.3281,5.951,75.26,21,No
2014-05,2014,Integra,1,17.865587,43441.696610708,2043.05,-2.4121,5.64095238095238,75.26,22,No
2014-06,2014,Integra,1,18.1124302,44398.2134250265,2042.154,3.0085,5.37238095238095,75.26,21,No
2014-07,2014,Integra,1,18.1675578,44431.3329823239,2040.934,4.6393,5.177,75.26,23,No
2014-08,2014,Integra,1,18.4355216,45508.3128438784,2040.224,5.3782,5.19790476190476,75.26,21,No
2014-09,2014,Integra,1,18.3682598,45172.8488759125,2038.801,6.6759,5.33545454545455,75.26,22,No
2014-10,2014,Integra,1,18.6547999,45818.0541435563,2037.496,3.5717,5.35995454545454,75.26,23,No
2014-11,2014,Integra,1,18.6747637,46130.7679387822,2034.782,4.7619,5.43935,75.26,20,No
2014-12,2014,Integra,1,18.7203176,46449.9117017821,2033.292,5.4571,5.35971428571429,75.26,22,No
2015-01,2015,Integra,1,19.2078287,47176.8355028984,2032.071,4.9837,5.2966,75.732,21,No
2015-02,2015,Integra,1,19.3734949,48221.7278501068,2030.258,9.5732,5.2855,75.732,20,No
2015-03,2015,Integra,1,19.2894367,47865.7281942429,2029.139,8.0514,5.52668181818182,75.732,22,No
2015-04,2015,Integra,1,19.53568,48820.9681498741,2028.191,8.7067,5.53809090909091,75.732,21,No
2015-05,2015,Integra,1,19.5903846,49447.6971639448,2027.109,7.3719,5.9019,75.732,21,No
2015-06,2015,Integra,1,19.5060688,49211.5496087756,2024.722,5.3229,6.17166666666667,75.732,22,No
2015-07,2015,Integra,1,19.5595177,49370.1804239804,2023.157,4.0585,6.47165,75.732,23,No
2015-08,2015,Integra,1,19.231602,47380.063629208,2021.589,2.0379,6.66319047619047,75.732,21,No
2015-09,2015,Integra,1,19.0133053,46559.4142938428,2020.045,-3.2336,7.23577272727273,75.732,22,No
2015-10,2015,Integra,1,19.605073,48996.9212469303,2019.097,0.551,7.01072727272727,75.732,22,No
2015-11,2015,Integra,1,19.9584084,50165.8750563644,2017.752,1.7211,6.69261904761905,75.732,21,No
2015-12,2015,Integra,1,19.8410388,49679.7216754906,2016.467,0.9484,6.70786363636364,75.732,22,No
2016-01,2016,Integra,1,19.9030187,48952.7419478415,2016.61,-2.2153,7.02015,75.951,20,No
2016-02,2016,Integra,1,20.2406929,49820.4375199928,2015.178,-4.0687,7.34585714285714,75.951,21,No
2016-03,2016,Integra,1,20.0249032,50232.3223653491,2013.354,-1.3172,7.139,75.951,23,No
2016-04,2016,Integra,1,20.4543648,51501.4308424758,2012.094,-1.7704,6.54485714285714,75.951,21,No
2016-05,2016,Integra,1,20.8029152,52663.488840372,2011.078,0.1187,6.26581818181818,75.951,22,No
2016-06,2016,Integra,1,20.7357892,51740.4379105752,2010.139,0.4679,6.08436363636364,75.951,22,No
2016-07,2016,Integra,1,21.253948,53583.7692904538,2009.29,3.2736,5.75652380952381,75.951,21,No
2016-08,2016,Integra,1,21.5419299,54341.1570391158,2008.508,7.1898,5.63617391304348,75.951,23,No
2016-09,2016,Integra,1,21.6573713,54229.0746192077,2007.047,12.5593,5.79354545454546,75.951,22,No
2016-10,2016,Integra,1,21.7370519,53958.5539173285,2006.441,10.1917,5.77085714285714,75.951,21,No
2016-11,2016,Integra,1,21.3594718,53641.7145512567,2005.889,5.5307,6.30986363636364,75.951,22,No
2016-12,2016,Integra,1,21.3715844,53984.9622356673,2005.368,6.8675,6.44685714285714,75.951,22,No
2017-01,2017,Integra,1,21.4976206,53939.2017557102,2005.002,10.1253,6.35095454545454,75.958,22,No
2017-02,2017,Integra,1,21.5106311,54208.0043491477,2004.613,9.0965,6.26035,75.958,20,No
2017-03,2017,Integra,1,21.861734,55043.6831582107,2004.213,6.6264,6.09739130434783,75.958,23,No
2017-04,2017,Integra,1,22.0390188,55628.7552177963,2003.703,7.09,5.87055555555556,75.958,20,No
2017-05,2017,Integra,1,22.3390074,56563.6023711293,2003.421,8.3062,5.71772727272727,75.958,23,No
2017-06,2017,Integra,1,22.4564661,56716.0115864363,2003.312,9.2843,5.57905,75.958,22,No
2017-07,2017,Integra,1,22.664542,57398.5270752453,2003.066,7.1166,5.65947368421053,75.958,21,No
2017-08,2017,Integra,1,22.8745009,57769.0299364161,2002.71,5.2065,5.46204347826087,75.958,23,No
2017-09,2017,Integra,1,23.1995529,59275.3350257751,2002.347,6.3068,5.34190476190476,75.958,21,No
2017-10,2017,Integra,1,23.2533545,60407.795892001,2002.239,9.2799,5.26331818181818,75.958,22,No
2017-11,2017,Integra,1,23.3957174,60526.0502184775,2002.911,11.433,5.2997619047619,75.958,22,No
2017-12,2017,Integra,1,23.5057502,60945.2537703536,2002.514,11.053,5.24947368421053,75.958,20,No
2018-01,2018,Integra,1,24.048261,62772.51316,2002.881,13.8367,4.81809523809524,76.018,22,No
2018-02,2018,Integra,1,24.0135117,62059.3928405563,2003.056,13.2626,4.7945,76.018,20,No
2018-03,2018,Integra,1,24.0088904,61586.4597179434,2003.46,12.9373,4.845,76.018,22,No
2018-04,2018,Integra,1,23.7632125,61732.661932969,2003.813,11.011,5.0242,76.018,21,No
2018-05,2018,Integra,1,23.3017103,60932.2507905715,2003.949,7.979,5.47227272727273,76.018,23,No
2018-06,2018,Integra,1,23.2794786,60136.1322625172,2004.259,5.6406,5.6626,76.018,21,No
2018-07,2018,Integra,1,23.7242467,61364.6262955657,2004.629,5.253,5.48476190476191,76.018,22,No
2018-08,2018,Integra,1,23.6232367,60918.4079988565,2004.967,5.4054,5.4252380952381,76.018,23,No
2018-09,2018,Integra,1,23.7218015,60811.3799638525,2005.57,3.0936,5.5175,76.018,20,No
2018-10,2018,Integra,1,23.2010861,58758.1828891539,2006.756,-1.8036,5.73181818181818,76.018,23,No
2018-11,2018,Integra,1,23.6285261,60058.2723261226,2008.001,-2.399,5.727,76.018,22,No
2018-12,2018,Integra,1,23.5751692,58515.710669715,2008.747,-3.0118,5.74363157894737,76.018,20,No
2019-01,2019,Integra,1,24.0422646,60133.2319851296,2009.932,-5.5191,5.58772727272727,76.275,22,No
2019-02,2019,Integra,1,24.2021406,60582.7699712057,2010.652,-2.7522,5.4945,76.275,20,No
2019-03,2019,Integra,1,24.5092492,61539.29175,2011.015,-1.7254,5.29923809523809,76.275,21,No
2019-04,2019,Integra,1,24.7278661,62175.5326054532,2011.015,0.1229,5.2158,76.275,22,No
2019-05,2019,Integra,1,24.9357931,61387.4394269657,2011.774,-0.4461,5.13735454545455,76.275,23,No
2019-06,2019,Integra,1,25.514804,62367.8137365779,2040.86,1.9033,4.81719,76.275,20,No
2019-07,2019,Integra,1,25.866979,62784.5188372357,2077.202,3.9929,4.4401,76.275,23,No
2019-08,2019,Integra,1,25.9732432,62941.8408489234,2117.325,3.0343,4.228985,76.275,22,No
2019-09,2019,Integra,1,26.0149204,63255.403633338,2156.621,4.5537,4.15212380952381,76.275,21,No
2019-10,2019,Integra,1,26.3043749,63993.8713744339,2199.615,7.4333,4.07454285714286,76.275,23,No
2019-11,2019,Integra,1,26.1743482,64092.9006913409,2199.615,8.0871,4.23969,76.275,21,No
2019-12,2019,Integra,1,26.5707609,64826.3997568323,2271.231,10.0464,4.3559380952381,76.275,21,No
2020-01,2020,Integra,1,26.943603,65087.491096089,2310.363,10.0033,4.50230909090909,73.832,22,No
2020-02,2020,Integra,1,26.5973805,63679.6413267758,2345.582,8.622,4.258095,73.832,20,No
2020-03,2020,Integra,1,23.8839369,56839.2636302646,2374.274,-3.2129,5.08725909090909,73.832,22,No
2020-04,2020,Integra,1,24.3554277,57042.0582013098,2374.274,-7.1135,5.0255,73.832,22,No
2020-05,2020,Integra,1,25.5656993,58036.330546069,2407.347,-3.1779,4.4295,73.832,21,No
2020-06,2020,Integra,1,26.0564542,56502.136816339,2429.884,-0.2418,4.39,73.832,22,No
2020-07,2020,Integra,1,26.9109067,55612.04737624,2461.931,-0.1257,4.24045454545455,73.832,23,No
2020-08,2020,Integra,1,27.0091903,56315.293606906,2495.068,3.1678,4.06714285714286,73.832,21,No
2020-09,2020,Integra,1,26.7793155,55904.39480296,2528.481,1.9266,4.18681818181818,73.832,22,No
2020-10,2020,Integra,1,26.9583375,55840.548464378,2567.213,2.1973,4.20545454545454,73.832,22,No
2020-11,2020,Integra,1,28.029999,59025.553918275,2608.659,3.7866,4.01450476190476,73.832,21,No
2020-12,2020,Integra,1,28.8706148,59947.907269463,2641.313,7.6509,3.63264285714286,73.832,22,No
2021-01,2021,Integra,1,28.6823815,59324.806249068,2673.222,8.6065,3.658,71.596,20,No
2021-02,2021,Integra,1,28.2681207,58761.361652702,2708.955,9.7357,3.9115,71.596,20,No
2021-03,2021,Integra,1,27.8195876,57720.573410359,2742.978,19.3514,4.68608695652174,71.596,23,No
2021-04,2021,Integra,1,27.621608700000003,57424.366262715,2777.313,21.7927,5.09,71.596,22,No
2021-05,2021,Integra,1,28.2178977,59519.988391671,2813.095,19.9782,4.99,71.596,21,No
2021-06,2021,Integra,1,28.0491772,56928.478484167,2856.044,15.5665,5.27323809523809,71.596,22,No
2021-07,2021,Integra,1,27.7189927,53032.80537743,2897.334,10.8805,5.6647,71.596,22,No
2021-08,2021,Integra,1,27.7121119,49076.132598373,2944.433,5.7496,6.35523809523809,71.596,22,No
2021-09,2021,Integra,1,27.4806813,46510.0391320562,2995.66,7.7466,6.34227272727273,71.596,22,No
2021-10,2021,Integra,1,27.7471541,47520.7088040986,3049.041,7.4078,5.9495,71.596,21,No
2021-11,2021,Integra,1,27.7195163,47801.646603868,3094.134,6.4523,5.86571428571429,71.596,22,No
2021-12,2021,Integra,1,27.887026,48097.2429163364,3135.688,1.2205,5.92563636363636,71.596,23,No
2022-01,2022,Integra,1,27.6344186,47519.172022121,3183.288,-1.5146,6.07457142857143,76.834,21,No
2022-02,2022,Integra,1,27.3588964,47606.778823599,3228.654,-4.7876,6.071,76.834,20,No
2022-03,2022,Integra,1,27.2202331,47781.2407212097,3274.989,-4.242,6.59782608695652,76.834,23,No
2022-04,2022,Integra,1,26.2866095,46729.388776355,3320.75,-6.2246,7.37315789473684,76.834,21,No
2022-05,2022,Integra,1,26.0515625,45577.4985340415,3367.81,-12.7299,7.92363636363636,76.834,22,No
2022-06,2022,Integra,1,25.5428813,44770.0921205094,3419.381,-15.0144,7.858,76.834,22,No
2022-07,2022,Integra,1,25.7252619,43644.8273825386,3468.216,-14.6607,8.21631578947368,76.834,21,No
2022-08,2022,Integra,1,25.8849425,40304.5109712043,3521.083,-12.5754,7.90872727272727,76.834,23,No
2022-09,2022,Integra,1,25.2228612,37382.8891580912,3578.515,-16.3814,8.30590909090909,76.834,22,No
2022-10,2022,Integra,1,25.5416657,37665.1611913742,3634.898,-13.8551,8.64571428571429,76.834,21,No
2022-11,2022,Integra,1,26.6797356,38662.7695339374,3680.194,-13.4861,7.86476190476191,76.834,22,No
2022-12,2022,Integra,1,26.5746129,38159.3977466136,3716.181,-13.521,7.8615,76.834,22,No
2023-01,2023,Integra,1,27.1624997,39198.4618485017,3764.987,-10.2893,7.95952380952381,77.74,22,No
2023-02,2023,Integra,1,26.8595269,38818.0897611384,3807.321,-11.5392,7.87935,77.74,20,No
2023-03,2023,Integra,1,27.6350517,39468.157335006,3851.633,-10.1102,7.71669565217391,77.74,23,No
2023-04,2023,Integra,1,27.726759,39594.048673194,3886.246,-7.5397,7.48888888888889,77.74,20,No
2023-05,2023,Integra,1,27.9123484,39691.8508923026,3930.037,-5.3306,7.275,77.74,23,No
2023-06,2023,Integra,1,28.6885611,40502.5313685217,3969.748,-0.6494,7.07380952380952,77.74,22,No
2023-07,2023,Integra,1,29.1660579,41338.5694190581,4006.567,-0.2016,6.7555,77.74,21,No
2023-08,2023,Integra,1,29.0996181,41724.042154803,4048.684,2.2245,6.84409090909091,77.74,23,No
2023-09,2023,Integra,1,28.4838415,41515.3426089151,4091.274,2.4471,6.96857142857143,77.74,21,No
2023-10,2023,Integra,1,28.2583717,41252.34593728,4128.713,-0.3663,7.62454545454545,77.74,22,No
2023-11,2023,Integra,1,29.4268672,42200.8874214358,4162.18,-0.8673,7.17190476190476,77.74,22,No
2023-12,2023,Integra,1,30.6864226,44038.7369252789,4195.198,5.5771,6.86847368421053,77.74,20,No
2024-01,2024,Integra,1,31.0510725,44837.2868246509,4240.244,4.586,6.67952380952381,77.941,22,No
2024-02,2024,Integra,1,30.9811222,45455.4433049356,4280.115,6.6631,6.75380952380952,77.941,21,No
2024-03,2024,Integra,1,30.8132051,45308.5888884558,4319.452,4.7592,7.00578947368421,77.941,21,No
2024-04,2024,Integra,1,30.22228,44744.9525049,4370.682,4.1312,7.38204545454545,77.941,22,No
2024-05,2024,Integra,1,30.7034067,45889.072572986,4422.935,6.6868,7.09540909090909,77.941,23,No
2024-06,2024,Integra,1,30.6158762,43399.49945668,4466.951,5.7489,7.08842105263158,77.941,20,No
2024-07,2024,Integra,1,30.9307908,39499.604532726,4509.271,3.9556,6.9725,77.941,23,No
2024-08,2024,Integra,1,31.5684123,38164.64177989,4551.005,4.7012,6.5835,77.941,22,No
2024-09,2024,Integra,1,32.0735663,37232.939498719,4590.232,7.4734,6.36185714285714,77.941,21,No
2024-10,2024,Integra,1,31.1996388,36719.593332635,4631.794,7.7124,6.52246818181818,77.941,23,No
2024-11,2024,Integra,1,31.2816127,37156.657724251,4672.761,6.8864,6.669,77.941,21,No
2024-12,2024,Integra,1,30.8087027,37246.216114169,4709.501,2.9693,6.62515789473684,77.941,21,No
2025-01,2025,Integra,1,31.0085177,37640.416859409,4760.268,1.9713,6.69,,22,No
2025-02,2025,Integra,1,31.134336000000005,37599.151642133,4803.295,0.0457,6.4725,,20,No
2025-03,2025,Integra,1,30.8991852,37730.679901225,4845.25,0.4699,6.4852380952381,,21,No
2025-04,2025,Integra,1,30.9991518,37961.995036739,4895.578,0.8919,6.604,,22,No
2025-05,2025,Integra,1,31.1205438,38686.339377443,4938.671,-0.0418,6.48666666666667,,22,No
2025-06,2025,Integra,1,31.8030881,39987.078879971,4934.849,1.4351,6.41190476190476,,21,No
2025-07,2025,Integra,1,32.132374,40989.591697117,4931.847,3.3485,6.18745,,23,No
2025-08,2025,Integra,1,32.4972428,41900.128276707,4929.386,4.22,6.01696,,21,No
2025-09,2025,Integra,1,33.0668477,43280.467983869,4926.119,5.1998,6.12590909090909,,22,No
2025-10,2025,Integra,1,32.9604186,43307.513708609,4919.734,4.854,6.10583636363637,,23,No
2025-11,2025,Integra,1,33.3391674,41849.434920569,4914.674,4.4876,6.00445,,20,No
2025-12,2025,Integra,1,33.8222275,39507.816647423,4910.011,8.9353,5.82715789473684,,22,No
2010-01,2010,Integra,2,96.768442,20688.3434357649,1158.323,29.5137,5.75655,72.886,20,No
2010-02,2010,Integra,2,97.8851268,20956.5692034118,1161.962,25.0676,6.09765,72.886,20,No
2010-03,2010,Integra,2,101.9682691,21942.9405146009,1164.736,27.5592,6.0925652173913,72.886,23,No
2010-04,2010,Integra,2,103.0487101,22277.339212491,1167.793,21.781,5.9814,72.886,21,No
2010-05,2010,Integra,2,100.5225991,21717.5318322061,1170.326,14.1865,6.16133333333333,72.886,21,No
2010-06,2010,Integra,2,99.0277779,21423.5604746244,1173.688,10.8518,6.3284,72.886,22,No
2010-07,2010,Integra,2,104.0484349,22543.0711499525,1176.543,11.4005,6.00815789473684,72.886,22,No
2010-08,2010,Integra,2,106.1913984,23057.6769460309,1180.314,11.6166,5.6217619047619,72.886,22,No
2010-09,2010,Integra,2,111.6718497,24481.1677637736,1185.285,10.8828,5.73390909090909,72.886,22,No
2010-10,2010,Integra,2,116.3437828,25609.8848948151,1191.195,12.9454,5.49245,72.886,21,No
2010-11,2010,Integra,2,115.7400852,25577.7319203492,1197.32,13.4513,5.70457142857143,72.886,22,No
2010-12,2010,Integra,2,118.6554022,26327.0907402711,1201.525,14.0775,5.89795,72.886,23,No
2011-01,2011,Integra,2,115.5520155,25665.0214522437,1207.042,13.2927,5.84628571428571,73.327,21,No
2011-02,2011,Integra,2,115.5554427,25722.9530095657,1213.854,16.2652,6.01595,73.327,20,No
2011-03,2011,Integra,2,113.9283478,25317.1806747169,1220.114,10.652,6.35333612040134,73.327,23,No
2011-04,2011,Integra,2,111.748243,24838.6486050112,1226.4,4.3676,6.94410092633545,73.327,20,No
2011-05,2011,Integra,2,113.4512395,25246.7989244324,1232.574,8.5064,6.72250202228567,73.327,22,No
2011-06,2011,Integra,2,110.1066137,24444.8346936199,1238.816,6.4827,6.45763825900731,73.327,22,No
2011-07,2011,Integra,2,113.8050206,25367.4910432491,1245.269,6.8031,6.23626241920591,73.327,21,No
2011-08,2011,Integra,2,114.503874,25381.7429362651,1251.797,2.3936,5.92853521749067,73.327,23,No
2011-09,2011,Integra,2,105.3295488,23313.2603410815,1259.025,-1.93,5.62017803787122,73.327,22,No
2011-10,2011,Integra,2,111.6207649,24790.6359468397,1266.616,-9.7804,5.72483222108669,73.327,21,No
2011-11,2011,Integra,2,110.751002,24642.9156716303,1274.215,-9.7759,5.66734322961868,73.327,22,No
2011-12,2011,Integra,2,109.4755123,24439.142,1280.289,-11.0815,5.6953293398377,73.327,22,No
2012-01,2012,Integra,2,115.4553494,26003.4388506942,1287.904,-7.2652,5.6877609398031,73.979,22,No
2012-02,2012,Integra,2,117.6256967,26618.9261255929,1294.669,-2.8265,5.55203643226112,73.979,21,No
2012-03,2012,Integra,2,117.8536957,26818.5075044077,1303.172,-1.0564,5.40746192764249,73.979,22,No
2012-04,2012,Integra,2,118.2575404,26951.6061302989,1310.248,1.8744,5.31709184145608,73.979,20,No
2012-05,2012,Integra,2,115.1716123,26199.5509684671,1318.215,-1.3075,5.1611689535073,73.979,23,No
2012-06,2012,Integra,2,116.7938231,26585.8025014636,1325.682,0.6305,5.14383563093637,73.979,21,No
2012-07,2012,Integra,2,115.8918867,26424.1615888448,1333.538,0.3866,5.02354166666667,73.979,22,No
2012-08,2012,Integra,2,116.6398159,26694.937946232,1343.354,0.8037,4.85419437482595,73.979,23,No
2012-09,2012,Integra,2,120.0873762,27629.255306748,1356.81,3.3348,4.67659618205868,73.979,20,No
2012-10,2012,Integra,2,119.9459659,27669.7557726749,1355.926,7.3621,4.55363674242424,73.979,23,No
2012-11,2012,Integra,2,120.858645,27973.2700872909,1355.011,6.3614,4.45981283452211,73.979,22,No
2012-12,2012,Integra,2,123.2264819,28648.0424701848,1354.386,8.4508,4.16331561657297,73.979,20,No
2013-01,2013,Integra,2,125.8836513,29405.2361076181,1353.581,8.3833,4.06750469795356,74.591,22,No
2013-02,2013,Integra,2,124.9849356,29319.8105111911,1352.519,4.5887,4.15190764118355,74.591,20,No
2013-03,2013,Integra,2,125.9969236,29606.5275025651,1352.026,4.2507,4.14838614187719,74.591,20,No
2013-04,2013,Integra,2,126.4961658,29721.6097636983,1350.876,3.9827,4.05634051937754,74.591,22,No
2013-05,2013,Integra,2,123.5590966,29089.3985170919,1350.653,6.6483,4.20181818181818,74.591,23,No
2013-06,2013,Integra,2,120.1382851,28416.6635595262,1350.271,2.5519,5.31946716260051,74.591,20,No
2013-07,2013,Integra,2,121.3395097,28909.6293029103,1350.91,0.5425,5.26015228899572,74.591,23,No
2013-08,2013,Integra,2,119.9502305,39910.4959581123,2053.52,0.9448,5.46271259667266,74.591,22,No
2013-09,2013,Integra,2,121.6908903,40501.4741801211,2052.571,-0.907,5.60047619047619,74.591,21,No
2013-10,2013,Integra,2,124.718993,41636.4351874253,2051.476,-0.6531,5.31727272727273,74.591,23,No
2013-11,2013,Integra,2,123.5134244,41298.2343252109,2050.018,-0.1194,5.467,74.591,21,No
2013-12,2013,Integra,2,125.0128069,41961.357479324,2048.904,-1.702,5.6055,74.591,21,No
2014-01,2014,Integra,2,122.967098,41364.0960518514,2047.483,-3.4685,5.72,75.26,22,No
2014-02,2014,Integra,2,124.5276184,41945.9452760996,2046.393,-5.369,6.4255,75.26,20,No
2014-03,2014,Integra,2,125.1509572,42191.0961802607,2045.334,-4.2655,6.16490476190476,75.26,21,No
2014-04,2014,Integra,2,127.0956985,43058.0442311752,2043.98,-3.3281,5.951,75.26,21,No
2014-05,2014,Integra,2,127.9367768,43441.696610708,2043.05,-2.4121,5.64095238095238,75.26,22,No
2014-06,2014,Integra,2,130.353305,44398.2134250265,2042.154,3.0085,5.37238095238095,75.26,21,No
2014-07,2014,Integra,2,130.1901775,44431.3329823239,2040.934,4.6393,5.177,75.26,23,No
2014-08,2014,Integra,2,133.0809656,45508.3128438784,2040.224,5.3782,5.19790476190476,75.26,21,No
2014-09,2014,Integra,2,131.9208969,45172.8488759125,2038.801,6.6759,5.33545454545455,75.26,22,No
2014-10,2014,Integra,2,133.6680956,45818.0541435563,2037.496,3.5717,5.35995454545454,75.26,23,No
2014-11,2014,Integra,2,134.2559571,46130.7679387822,2034.782,4.7619,5.43935,75.26,20,No
2014-12,2014,Integra,2,134.851557,46449.9117017821,2033.292,5.4571,5.35971428571429,75.26,22,No
2015-01,2015,Integra,2,136.953716,47176.8355028984,2032.071,4.9837,5.2966,75.732,21,No
2015-02,2015,Integra,2,139.5844989,48221.7278501068,2030.258,9.5732,5.2855,75.732,20,No
2015-03,2015,Integra,2,138.40675,47865.7281942429,2029.139,8.0514,5.52668181818182,75.732,22,No
2015-04,2015,Integra,2,140.6441896,48820.9681498741,2028.191,8.7067,5.53809090909091,75.732,21,No
2015-05,2015,Integra,2,141.9107114,49447.6971639448,2027.109,7.3719,5.9019,75.732,21,No
2015-06,2015,Integra,2,140.9111638,49211.5496087756,2024.722,5.3229,6.17166666666667,75.732,22,No
2015-07,2015,Integra,2,141.2373015,49370.1804239804,2023.157,4.0585,6.47165,75.732,23,No
2015-08,2015,Integra,2,135.563476,47380.063629208,2021.589,2.0379,6.66319047619047,75.732,21,No
2015-09,2015,Integra,2,133.2131474,46559.4142938428,2020.045,-3.2336,7.23577272727273,75.732,22,No
2015-10,2015,Integra,2,139.8656706,48996.9212469303,2019.097,0.551,7.01072727272727,75.732,22,No
2015-11,2015,Integra,2,143.0313642,50165.8750563644,2017.752,1.7211,6.69261904761905,75.732,21,No
2015-12,2015,Integra,2,141.2318406,49679.7216754906,2016.467,0.9484,6.70786363636364,75.732,22,No
2016-01,2016,Integra,2,139.0452071,48952.7419478415,2016.61,-2.2153,7.02015,75.951,20,No
2016-02,2016,Integra,2,141.1885131,49820.4375199928,2015.178,-4.0687,7.34585714285714,75.951,21,No
2016-03,2016,Integra,2,142.115971,50232.3223653491,2013.354,-1.3172,7.139,75.951,23,No
2016-04,2016,Integra,2,145.1781652,51501.4308424758,2012.094,-1.7704,6.54485714285714,75.951,21,No
2016-05,2016,Integra,2,148.4258224,52663.488840372,2011.078,0.1187,6.26581818181818,75.951,22,No
2016-06,2016,Integra,2,146.7303972,51740.4379105752,2010.139,0.4679,6.08436363636364,75.951,22,No
2016-07,2016,Integra,2,152.6613241,53583.7692904538,2009.29,3.2736,5.75652380952381,75.951,21,No
2016-08,2016,Integra,2,155.359191,54341.1570391158,2008.508,7.1898,5.63617391304348,75.951,23,No
2016-09,2016,Integra,2,155.8743198,54229.0746192077,2007.047,12.5593,5.79354545454546,75.951,22,No
2016-10,2016,Integra,2,155.5362178,53958.5539173285,2006.441,10.1917,5.77085714285714,75.951,21,No
2016-11,2016,Integra,2,154.8630544,53641.7145512567,2005.889,5.5307,6.30986363636364,75.951,22,No
2016-12,2016,Integra,2,155.7918065,53984.9622356673,2005.368,6.8675,6.44685714285714,75.951,22,No
2017-01,2017,Integra,2,155.9636484,53939.2017557102,2005.002,10.1253,6.35095454545454,75.958,22,No
2017-02,2017,Integra,2,156.8509962,54208.0043491477,2004.613,9.0965,6.26035,75.958,20,No
2017-03,2017,Integra,2,159.3085297,55043.6831582107,2004.213,6.6264,6.09739130434783,75.958,23,No
2017-04,2017,Integra,2,160.9937284,55628.7552177963,2003.703,7.09,5.87055555555556,75.958,20,No
2017-05,2017,Integra,2,163.8475659,56563.6023711293,2003.421,8.3062,5.71772727272727,75.958,23,No
2017-06,2017,Integra,2,164.3343557,56716.0115864363,2003.312,9.2843,5.57905,75.958,22,No
2017-07,2017,Integra,2,166.3868505,57398.5270752453,2003.066,7.1166,5.65947368421053,75.958,21,No
2017-08,2017,Integra,2,167.6299847,57769.0299364161,2002.71,5.2065,5.46204347826087,75.958,23,No
2017-09,2017,Integra,2,172.0204624,59275.3350257751,2002.347,6.3068,5.34190476190476,75.958,21,No
2017-10,2017,Integra,2,175.0020563,60407.795892001,2002.239,9.2799,5.26331818181818,75.958,22,No
2017-11,2017,Integra,2,175.4444931,60526.0502184775,2002.911,11.433,5.2997619047619,75.958,22,No
2017-12,2017,Integra,2,176.885385,60945.2537703536,2002.514,11.053,5.24947368421053,75.958,20,No
2018-01,2018,Integra,2,182.1795078,62772.51316,2002.881,13.8367,4.81809523809524,76.018,22,No
2018-02,2018,Integra,2,179.7775497,62059.3928405563,2003.056,13.2626,4.7945,76.018,20,No
2018-03,2018,Integra,2,178.2554002,61586.4597179434,2003.46,12.9373,4.845,76.018,22,No
2018-04,2018,Integra,2,178.5890469,61732.661932969,2003.813,11.011,5.0242,76.018,21,No
2018-05,2018,Integra,2,176.552407,60932.2507905715,2003.949,7.979,5.47227272727273,76.018,23,No
2018-06,2018,Integra,2,174.7335076,60136.1322625172,2004.259,5.6406,5.6626,76.018,21,No
2018-07,2018,Integra,2,178.604729,61364.6262955657,2004.629,5.253,5.48476190476191,76.018,22,No
2018-08,2018,Integra,2,177.8234973,60918.4079988565,2004.967,5.4054,5.4252380952381,76.018,23,No
2018-09,2018,Integra,2,177.6762476,60811.3799638525,2005.57,3.0936,5.5175,76.018,20,No
2018-10,2018,Integra,2,172.0948396,58758.1828891539,2006.756,-1.8036,5.73181818181818,76.018,23,No
2018-11,2018,Integra,2,176.1255507,60058.2723261226,2008.001,-2.399,5.727,76.018,22,No
2018-12,2018,Integra,2,172.0282499,58515.710669715,2008.747,-3.0118,5.74363157894737,76.018,20,No
2019-01,2019,Integra,2,177.2207819,60133.2319851296,2009.932,-5.5191,5.58772727272727,76.275,22,No
2019-02,2019,Integra,2,178.3896162,60582.7699712057,2010.652,-2.7522,5.4945,76.275,20,No
2019-03,2019,Integra,2,181.2002822,61539.29175,2011.015,-1.7254,5.29923809523809,76.275,21,No
2019-04,2019,Integra,2,183.251103,62175.5326054532,2011.015,0.1229,5.2158,76.275,22,No
2019-05,2019,Integra,2,181.7536866,61387.4394269657,2011.774,-0.4461,5.13735454545455,76.275,23,No
2019-06,2019,Integra,2,185.421674,62367.8137365779,2040.86,1.9033,4.81719,76.275,20,No
2019-07,2019,Integra,2,187.1998389,62784.5188372357,2077.202,3.9929,4.4401,76.275,23,No
2019-08,2019,Integra,2,188.0679591,62941.8408489234,2117.325,3.0343,4.228985,76.275,22,No
2019-09,2019,Integra,2,189.3025638,63255.403633338,2156.621,4.5537,4.15212380952381,76.275,21,No
2019-10,2019,Integra,2,191.4849122,63993.8713744339,2199.615,7.4333,4.07454285714286,76.275,23,No
2019-11,2019,Integra,2,192.2344051,64092.9006913409,2199.615,8.0871,4.23969,76.275,21,No
2019-12,2019,Integra,2,194.4497413,64826.3997568323,2271.231,10.0464,4.3559380952381,76.275,21,No
2020-01,2020,Integra,2,195.438484,65087.491096089,2310.363,10.0033,4.50230909090909,73.832,22,No
2020-02,2020,Integra,2,191.486095,63679.6413267758,2345.582,8.622,4.258095,73.832,20,No
2020-03,2020,Integra,2,171.0959501,56839.2636302646,2374.274,-3.2129,5.08725909090909,73.832,22,No
2020-04,2020,Integra,2,175.6471975,57042.0582013098,2374.274,-7.1135,5.0255,73.832,22,No
2020-05,2020,Integra,2,182.1723967,58036.330546069,2407.347,-3.1779,4.4295,73.832,21,No
2020-06,2020,Integra,2,187.3548581,56502.136816339,2429.884,-0.2418,4.39,73.832,22,No
2020-07,2020,Integra,2,193.4141344,55612.04737624,2461.931,-0.1257,4.24045454545455,73.832,23,No
2020-08,2020,Integra,2,197.3350414,56315.293606906,2495.068,3.1678,4.06714285714286,73.832,21,No
2020-09,2020,Integra,2,195.9964603,55904.39480296,2528.481,1.9266,4.18681818181818,73.832,22,No
2020-10,2020,Integra,2,195.7219231,55840.548464378,2567.213,2.1973,4.20545454545454,73.832,22,No
2020-11,2020,Integra,2,208.0114813,59025.553918275,2608.659,3.7866,4.01450476190476,73.832,21,No
2020-12,2020,Integra,2,215.5207526,59947.907269463,2641.313,7.6509,3.63264285714286,73.832,22,No
2021-01,2021,Integra,2,216.318579,59324.806249068,2673.222,8.6065,3.658,71.596,20,No
2021-02,2021,Integra,2,218.2807149,58761.361652702,2708.955,9.7357,3.9115,71.596,20,No
2021-03,2021,Integra,2,215.8541139,57720.573410359,2742.978,19.3514,4.68608695652174,71.596,23,No
2021-04,2021,Integra,2,215.5024615,57424.366262715,2777.313,21.7927,5.09,71.596,22,No
2021-05,2021,Integra,2,224.8996641,59519.988391671,2813.095,19.9782,4.99,71.596,21,No
2021-06,2021,Integra,2,221.3103456,56928.478484167,2856.044,15.5665,5.27323809523809,71.596,22,No
2021-07,2021,Integra,2,219.12956,53032.80537743,2897.334,10.8805,5.6647,71.596,22,No
2021-08,2021,Integra,2,221.6965434,49076.132598373,2944.433,5.7496,6.35523809523809,71.596,22,No
2021-09,2021,Integra,2,221.6323515,46510.0391320562,2995.66,7.7466,6.34227272727273,71.596,22,No
2021-10,2021,Integra,2,227.6616704,47520.7088040986,3049.041,7.4078,5.9495,71.596,21,No
2021-11,2021,Integra,2,228.5658804,47801.646603868,3094.134,6.4523,5.86571428571429,71.596,22,No
2021-12,2021,Integra,2,229.1944249,48097.2429163364,3135.688,1.2205,5.92563636363636,71.596,23,No
2022-01,2022,Integra,2,224.4509099,47519.172022121,3183.288,-1.5146,6.07457142857143,76.834,21,No
2022-02,2022,Integra,2,223.1156177,47606.778823599,3228.654,-4.7876,6.071,76.834,20,No
2022-03,2022,Integra,2,222.1511346,47781.2407212097,3274.989,-4.242,6.59782608695652,76.834,23,No
2022-04,2022,Integra,2,215.0522882,46729.388776355,3320.75,-6.2246,7.37315789473684,76.834,21,No
2022-05,2022,Integra,2,209.1449941,45577.4985340415,3367.81,-12.7299,7.92363636363636,76.834,22,No
2022-06,2022,Integra,2,203.934468,44770.0921205094,3419.381,-15.0144,7.858,76.834,22,No
2022-07,2022,Integra,2,206.3501438,43644.8273825386,3468.216,-14.6607,8.21631578947368,76.834,21,No
2022-08,2022,Integra,2,202.3844085,40304.5109712043,3521.083,-12.5754,7.90872727272727,76.834,23,No
2022-09,2022,Integra,2,199.6516319,37382.8891580912,3578.515,-16.3814,8.30590909090909,76.834,22,No
2022-10,2022,Integra,2,211.1561556,37665.1611913742,3634.898,-13.8551,8.64571428571429,76.834,21,No
2022-11,2022,Integra,2,217.9253022,38662.7695339374,3680.194,-13.4861,7.86476190476191,76.834,22,No
2022-12,2022,Integra,2,213.5737614,38159.3977466136,3716.181,-13.521,7.8615,76.834,22,No
2023-01,2023,Integra,2,218.8016946,39198.4618485017,3764.987,-10.2893,7.95952380952381,77.74,22,No
2023-02,2023,Integra,2,216.2281585,38818.0897611384,3807.321,-11.5392,7.87935,77.74,20,No
2023-03,2023,Integra,2,218.7494432,39468.157335006,3851.633,-10.1102,7.71669565217391,77.74,23,No
2023-04,2023,Integra,2,218.199627,39594.048673194,3886.246,-7.5397,7.48888888888889,77.74,20,No
2023-05,2023,Integra,2,217.9739069,39691.8508923026,3930.037,-5.3306,7.275,77.74,23,No
2023-06,2023,Integra,2,221.5859238,40502.5313685217,3969.748,-0.6494,7.07380952380952,77.74,22,No
2023-07,2023,Integra,2,225.0100024,41338.5694190581,4006.567,-0.2016,6.7555,77.74,21,No
2023-08,2023,Integra,2,226.1549524,41724.042154803,4048.684,2.2245,6.84409090909091,77.74,23,No
2023-09,2023,Integra,2,223.8536361,41515.3426089151,4091.274,2.4471,6.96857142857143,77.74,21,No
2023-10,2023,Integra,2,221.1636014,41252.34593728,4128.713,-0.3663,7.62454545454545,77.74,22,No
2023-11,2023,Integra,2,224.41947,42200.8874214358,4162.18,-0.8673,7.17190476190476,77.74,22,No
2023-12,2023,Integra,2,232.7840605,44038.7369252789,4195.198,5.5771,6.86847368421053,77.74,20,No
2024-01,2024,Integra,2,235.9732138,44837.2868246509,4240.244,4.586,6.67952380952381,77.941,22,No
2024-02,2024,Integra,2,238.2329539,45455.4433049356,4280.115,6.6631,6.75380952380952,77.941,21,No
2024-03,2024,Integra,2,236.1382627,45308.5888884558,4319.452,4.7592,7.00578947368421,77.941,21,No
2024-04,2024,Integra,2,232.7173019,44744.9525049,4370.682,4.1312,7.38204545454545,77.941,22,No
2024-05,2024,Integra,2,237.2119323,45889.072572986,4422.935,6.6868,7.09540909090909,77.941,23,No
2024-06,2024,Integra,2,239.097443,43399.49945668,4466.951,5.7489,7.08842105263158,77.941,20,No
2024-07,2024,Integra,2,238.8871483,39499.604532726,4509.271,3.9556,6.9725,77.941,23,No
2024-08,2024,Integra,2,241.6036129,38164.64177989,4551.005,4.7012,6.5835,77.941,22,No
2024-09,2024,Integra,2,243.1979224,37232.939498719,4590.232,7.4734,6.36185714285714,77.941,21,No
2024-10,2024,Integra,2,243.0137428,36719.593332635,4631.794,7.7124,6.52246818181818,77.941,23,No
2024-11,2024,Integra,2,245.3239216,37156.657724251,4672.761,6.8864,6.669,77.941,21,No
2024-12,2024,Integra,2,244.4102528,37246.216114169,4709.501,2.9693,6.62515789473684,77.941,21,No
2025-01,2025,Integra,2,245.0802753,37640.416859409,4760.268,1.9713,6.69,,22,No
2025-02,2025,Integra,2,241.8631564,37599.151642133,4803.295,0.0457,6.4725,,20,No
2025-03,2025,Integra,2,240.278118,37730.679901225,4845.25,0.4699,6.4852380952381,,21,No
2025-04,2025,Integra,2,238.6667314,37961.995036739,4895.578,0.8919,6.604,,22,No
2025-05,2025,Integra,2,241.1119008,38686.339377443,4938.671,-0.0418,6.48666666666667,,22,No
2025-06,2025,Integra,2,246.6365884,39987.078879971,4934.849,1.4351,6.41190476190476,,21,No
2025-07,2025,Integra,2,251.0562169,40989.591697117,4931.847,3.3485,6.18745,,23,No
2025-08,2025,Integra,2,254.5851921,41900.128276707,4929.386,4.22,6.01696,,21,No
2025-09,2025,Integra,2,261.0845339,43280.467983869,4926.119,5.1998,6.12590909090909,,22,No
2025-10,2025,Integra,2,258.2542632,43307.513708609,4919.734,4.854,6.10583636363637,,23,No
2025-11,2025,Integra,2,259.8415249,41849.434920569,4914.674,4.4876,6.00445,,20,No
2025-12,2025,Integra,2,270.2664703,39507.816647423,4910.011,8.9353,5.82715789473684,,22,No
2010-01,2010,Integra,3,23.5270304,20688.3434357649,1158.323,29.5137,5.75655,72.886,20,No
2010-02,2010,Integra,3,23.8543912,20956.5692034118,1161.962,25.0676,6.09765,72.886,20,No
2010-03,2010,Integra,3,25.5577289,21942.9405146009,1164.736,27.5592,6.0925652173913,72.886,23,No
2010-04,2010,Integra,3,26.1129812,22277.339212491,1167.793,21.781,5.9814,72.886,21,No
2010-05,2010,Integra,3,24.823473,21717.5318322061,1170.326,14.1865,6.16133333333333,72.886,21,No
2010-06,2010,Integra,3,23.9234744,21423.5604746244,1173.688,10.8518,6.3284,72.886,22,No
2010-07,2010,Integra,3,25.4436144,22543.0711499525,1176.543,11.4005,6.00815789473684,72.886,22,No
2010-08,2010,Integra,3,26.0897663,23057.6769460309,1180.314,11.6166,5.6217619047619,72.886,22,No
2010-09,2010,Integra,3,29.2258144,24481.1677637736,1185.285,10.8828,5.73390909090909,72.886,22,No
2010-10,2010,Integra,3,31.1221302,25609.8848948151,1191.195,12.9454,5.49245,72.886,21,No
2010-11,2010,Integra,3,31.8034829,25577.7319203492,1197.32,13.4513,5.70457142857143,72.886,22,No
2010-12,2010,Integra,3,33.4634138,26327.0907402711,1201.525,14.0775,5.89795,72.886,23,No
2011-01,2011,Integra,3,32.3805163,25665.0214522437,1207.042,13.2927,5.84628571428571,73.327,21,No
2011-02,2011,Integra,3,32.2901688,25722.9530095657,1213.854,16.2652,6.01595,73.327,20,No
2011-03,2011,Integra,3,31.5475133,25317.1806747169,1220.114,10.652,6.35333612040134,73.327,23,No
2011-04,2011,Integra,3,30.5939275,24838.6486050112,1226.4,4.3676,6.94410092633545,73.327,20,No
2011-05,2011,Integra,3,31.0578008,25246.7989244324,1232.574,8.5064,6.72250202228567,73.327,22,No
2011-06,2011,Integra,3,29.0656704,24444.8346936199,1238.816,6.4827,6.45763825900731,73.327,22,No
2011-07,2011,Integra,3,30.580257,25367.4910432491,1245.269,6.8031,6.23626241920591,73.327,21,No
2011-08,2011,Integra,3,29.6505681,25381.7429362651,1251.797,2.3936,5.92853521749067,73.327,23,No
2011-09,2011,Integra,3,26.2195188,23313.2603410815,1259.025,-1.93,5.62017803787122,73.327,22,No
2011-10,2011,Integra,3,28.3694413,24790.6359468397,1266.616,-9.7804,5.72483222108669,73.327,21,No
2011-11,2011,Integra,3,28.0818804,24642.9156716303,1274.215,-9.7759,5.66734322961868,73.327,22,No
2011-12,2011,Integra,3,27.5767505,24439.142,1280.289,-11.0815,5.6953293398377,73.327,22,No
2012-01,2012,Integra,3,30.2062405,26003.4388506942,1287.904,-7.2652,5.6877609398031,73.979,22,No
2012-02,2012,Integra,3,30.8891066,26618.9261255929,1294.669,-2.8265,5.55203643226112,73.979,21,No
2012-03,2012,Integra,3,31.1286388,26818.5075044077,1303.172,-1.0564,5.40746192764249,73.979,22,No
2012-04,2012,Integra,3,31.0412145,26951.6061302989,1310.248,1.8744,5.31709184145608,73.979,20,No
2012-05,2012,Integra,3,29.2202803,26199.5509684671,1318.215,-1.3075,5.1611689535073,73.979,23,No
2012-06,2012,Integra,3,29.2639311,26585.8025014636,1325.682,0.6305,5.14383563093637,73.979,21,No
2012-07,2012,Integra,3,28.5708064,26424.1615888448,1333.538,0.3866,5.02354166666667,73.979,22,No
2012-08,2012,Integra,3,28.6955726,26694.937946232,1343.354,0.8037,4.85419437482595,73.979,23,No
2012-09,2012,Integra,3,30.0484576,27629.255306748,1356.81,3.3348,4.67659618205868,73.979,20,No
2012-10,2012,Integra,3,29.6648993,27669.7557726749,1355.926,7.3621,4.55363674242424,73.979,23,No
2012-11,2012,Integra,3,29.7645415,27973.2700872909,1355.011,6.3614,4.45981283452211,73.979,22,No
2012-12,2012,Integra,3,30.5717417,28648.0424701848,1354.386,8.4508,4.16331561657297,73.979,20,No
2013-01,2013,Integra,3,31.6385824,29405.2361076181,1353.581,8.3833,4.06750469795356,74.591,22,No
2013-02,2013,Integra,3,31.4429411,29319.8105111911,1352.519,4.5887,4.15190764118355,74.591,20,No
2013-03,2013,Integra,3,31.5462632,29606.5275025651,1352.026,4.2507,4.14838614187719,74.591,20,No
2013-04,2013,Integra,3,31.091422,29721.6097636983,1350.876,3.9827,4.05634051937754,74.591,22,No
2013-05,2013,Integra,3,30.275559,29089.3985170919,1350.653,6.6483,4.20181818181818,74.591,23,No
2013-06,2013,Integra,3,29.704516,28416.6635595262,1350.271,2.5519,5.31946716260051,74.591,20,No
2013-07,2013,Integra,3,29.771024,28909.6293029103,1350.91,0.5425,5.26015228899572,74.591,23,No
2013-08,2013,Integra,3,29.9451924,39910.4959581123,2053.52,0.9448,5.46271259667266,74.591,22,No
2013-09,2013,Integra,3,29.9723426,40501.4741801211,2052.571,-0.907,5.60047619047619,74.591,21,No
2013-10,2013,Integra,3,30.9048685,41636.4351874253,2051.476,-0.6531,5.31727272727273,74.591,23,No
2013-11,2013,Integra,3,30.5036938,41298.2343252109,2050.018,-0.1194,5.467,74.591,21,No
2013-12,2013,Integra,3,31.2382806,41961.357479324,2048.904,-1.702,5.6055,74.591,21,No
2014-01,2014,Integra,3,30.4769791,41364.0960518514,2047.483,-3.4685,5.72,75.26,22,No
2014-02,2014,Integra,3,30.7607688,41945.9452760996,2046.393,-5.369,6.4255,75.26,20,No
2014-03,2014,Integra,3,30.393944,42191.0961802607,2045.334,-4.2655,6.16490476190476,75.26,21,No
2014-04,2014,Integra,3,31.1682138,43058.0442311752,2043.98,-3.3281,5.951,75.26,21,No
2014-05,2014,Integra,3,31.21001,43441.696610708,2043.05,-2.4121,5.64095238095238,75.26,22,No
2014-06,2014,Integra,3,31.8965076,44398.2134250265,2042.154,3.0085,5.37238095238095,75.26,21,No
2014-07,2014,Integra,3,31.700166,44431.3329823239,2040.934,4.6393,5.177,75.26,23,No
2014-08,2014,Integra,3,32.4938826,45508.3128438784,2040.224,5.3782,5.19790476190476,75.26,21,No
2014-09,2014,Integra,3,32.1494068,45172.8488759125,2038.801,6.6759,5.33545454545455,75.26,22,No
2014-10,2014,Integra,3,32.26427,45818.0541435563,2037.496,3.5717,5.35995454545454,75.26,23,No
2014-11,2014,Integra,3,32.4627921,46130.7679387822,2034.782,4.7619,5.43935,75.26,20,No
2014-12,2014,Integra,3,32.6229104,46449.9117017821,2033.292,5.4571,5.35971428571429,75.26,22,No
2015-01,2015,Integra,3,32.4722988,47176.8355028984,2032.071,4.9837,5.2966,75.732,21,No
2015-02,2015,Integra,3,33.3760257,48221.7278501068,2030.258,9.5732,5.2855,75.732,20,No
2015-03,2015,Integra,3,32.9346598,47865.7281942429,2029.139,8.0514,5.52668181818182,75.732,22,No
2015-04,2015,Integra,3,33.7240284,48820.9681498741,2028.191,8.7067,5.53809090909091,75.732,21,No
2015-05,2015,Integra,3,34.2088719,49447.6971639448,2027.109,7.3719,5.9019,75.732,21,No
2015-06,2015,Integra,3,33.9190448,49211.5496087756,2024.722,5.3229,6.17166666666667,75.732,22,No
2015-07,2015,Integra,3,33.8303051,49370.1804239804,2023.157,4.0585,6.47165,75.732,23,No
2015-08,2015,Integra,3,31.5298896,47380.063629208,2021.589,2.0379,6.66319047619047,75.732,21,No
2015-09,2015,Integra,3,30.601239,46559.4142938428,2020.045,-3.2336,7.23577272727273,75.732,22,No
2015-10,2015,Integra,3,32.6579637,48996.9212469303,2019.097,0.551,7.01072727272727,75.732,22,No
2015-11,2015,Integra,3,33.5340057,50165.8750563644,2017.752,1.7211,6.69261904761905,75.732,21,No
2015-12,2015,Integra,3,32.9641382,49679.7216754906,2016.467,0.9484,6.70786363636364,75.732,22,No
2016-01,2016,Integra,3,31.7195317,48952.7419478415,2016.61,-2.2153,7.02015,75.951,20,No
2016-02,2016,Integra,3,32.1444528,49820.4375199928,2015.178,-4.0687,7.34585714285714,75.951,21,No
2016-03,2016,Integra,3,32.6211934,50232.3223653491,2013.354,-1.3172,7.139,75.951,23,No
2016-04,2016,Integra,3,33.4975517,51501.4308424758,2012.094,-1.7704,6.54485714285714,75.951,21,No
2016-05,2016,Integra,3,34.4487408,52663.488840372,2011.078,0.1187,6.26581818181818,75.951,22,No
2016-06,2016,Integra,3,33.2751514,51740.4379105752,2010.139,0.4679,6.08436363636364,75.951,22,No
2016-07,2016,Integra,3,35.2211977,53583.7692904538,2009.29,3.2736,5.75652380952381,75.951,21,No
2016-08,2016,Integra,3,36.1232082,54341.1570391158,2008.508,7.1898,5.63617391304348,75.951,23,No
2016-09,2016,Integra,3,36.1109501,54229.0746192077,2007.047,12.5593,5.79354545454546,75.951,22,No
2016-10,2016,Integra,3,35.9454876,53958.5539173285,2006.441,10.1917,5.77085714285714,75.951,21,No
2016-11,2016,Integra,3,36.0214763,53641.7145512567,2005.889,5.5307,6.30986363636364,75.951,22,No
2016-12,2016,Integra,3,36.5568435,53984.9622356673,2005.368,6.8675,6.44685714285714,75.951,22,No
2017-01,2017,Integra,3,36.0276622,53939.2017557102,2005.002,10.1253,6.35095454545454,75.958,22,No
2017-02,2017,Integra,3,36.1824686,54208.0043491477,2004.613,9.0965,6.26035,75.958,20,No
2017-03,2017,Integra,3,36.6584002,55043.6831582107,2004.213,6.6264,6.09739130434783,75.958,23,No
2017-04,2017,Integra,3,37.007865,55628.7552177963,2003.703,7.09,5.87055555555556,75.958,20,No
2017-05,2017,Integra,3,37.8003395,56563.6023711293,2003.421,8.3062,5.71772727272727,75.958,23,No
2017-06,2017,Integra,3,37.7719574,56716.0115864363,2003.312,9.2843,5.57905,75.958,22,No
2017-07,2017,Integra,3,38.4005485,57398.5270752453,2003.066,7.1166,5.65947368421053,75.958,21,No
2017-08,2017,Integra,3,38.6137469,57769.0299364161,2002.71,5.2065,5.46204347826087,75.958,23,No
2017-09,2017,Integra,3,40.4126637,59275.3350257751,2002.347,6.3068,5.34190476190476,75.958,21,No
2017-10,2017,Integra,3,42.0651324,60407.795892001,2002.239,9.2799,5.26331818181818,75.958,22,No
2017-11,2017,Integra,3,41.8084179,60526.0502184775,2002.911,11.433,5.2997619047619,75.958,22,No
2017-12,2017,Integra,3,41.9243061,60945.2537703536,2002.514,11.053,5.24947368421053,75.958,20,No
2018-01,2018,Integra,3,43.2260396,62772.51316,2002.881,13.8367,4.81809523809524,76.018,22,No
2018-02,2018,Integra,3,42.2523293,62059.3928405563,2003.056,13.2626,4.7945,76.018,20,No
2018-03,2018,Integra,3,41.7121282,61586.4597179434,2003.46,12.9373,4.845,76.018,22,No
2018-04,2018,Integra,3,42.5849478,61732.661932969,2003.813,11.011,5.0242,76.018,21,No
2018-05,2018,Integra,3,42.2319943,60932.2507905715,2003.949,7.979,5.47227272727273,76.018,23,No
2018-06,2018,Integra,3,41.1421791,60136.1322625172,2004.259,5.6406,5.6626,76.018,21,No
2018-07,2018,Integra,3,42.2595209,61364.6262955657,2004.629,5.253,5.48476190476191,76.018,22,No
2018-08,2018,Integra,3,41.668015,60918.4079988565,2004.967,5.4054,5.4252380952381,76.018,23,No
2018-09,2018,Integra,3,41.5040385,60811.3799638525,2005.57,3.0936,5.5175,76.018,20,No
2018-10,2018,Integra,3,39.6755043,58758.1828891539,2006.756,-1.8036,5.73181818181818,76.018,23,No
2018-11,2018,Integra,3,40.831962,60058.2723261226,2008.001,-2.399,5.727,76.018,22,No
2018-12,2018,Integra,3,39.324322,58515.710669715,2008.747,-3.0118,5.74363157894737,76.018,20,No
2019-01,2019,Integra,3,40.855035,60133.2319851296,2009.932,-5.5191,5.58772727272727,76.275,22,No
2019-02,2019,Integra,3,41.3008877,60582.7699712057,2010.652,-2.7522,5.4945,76.275,20,No
2019-03,2019,Integra,3,41.8855823,61539.29175,2011.015,-1.7254,5.29923809523809,76.275,21,No
2019-04,2019,Integra,3,42.228061,62175.5326054532,2011.015,0.1229,5.2158,76.275,22,No
2019-05,2019,Integra,3,41.0253878,61387.4394269657,2011.774,-0.4461,5.13735454545455,76.275,23,No
2019-06,2019,Integra,3,41.6924476,62367.8137365779,2040.86,1.9033,4.81719,76.275,20,No
2019-07,2019,Integra,3,41.6026198,62784.5188372357,2077.202,3.9929,4.4401,76.275,23,No
2019-08,2019,Integra,3,41.0376178,62941.8408489234,2117.325,3.0343,4.228985,76.275,22,No
2019-09,2019,Integra,3,41.4663398,63255.403633338,2156.621,4.5537,4.15212380952381,76.275,21,No
2019-10,2019,Integra,3,42.2617096,63993.8713744339,2199.615,7.4333,4.07454285714286,76.275,23,No
2019-11,2019,Integra,3,42.5767036,64092.9006913409,2199.615,8.0871,4.23969,76.275,21,No
2019-12,2019,Integra,3,43.2746423,64826.3997568323,2271.231,10.0464,4.3559380952381,76.275,21,No
2020-01,2020,Integra,3,43.105425,65087.491096089,2310.363,10.0033,4.50230909090909,73.832,22,No
2020-02,2020,Integra,3,41.4400937,63679.6413267758,2345.582,8.622,4.258095,73.832,20,No
2020-03,2020,Integra,3,35.6722736,56839.2636302646,2374.274,-3.2129,5.08725909090909,73.832,22,No
2020-04,2020,Integra,3,35.8536393,57042.0582013098,2374.274,-7.1135,5.0255,73.832,22,No
2020-05,2020,Integra,3,36.7874034,58036.330546069,2407.347,-3.1779,4.4295,73.832,21,No
2020-06,2020,Integra,3,39.0915333,56502.136816339,2429.884,-0.2418,4.39,73.832,22,No
2020-07,2020,Integra,3,39.9526693,55612.04737624,2461.931,-0.1257,4.24045454545455,73.832,23,No
2020-08,2020,Integra,3,40.9698568,56315.293606906,2495.068,3.1678,4.06714285714286,73.832,21,No
2020-09,2020,Integra,3,40.9543171,55904.39480296,2528.481,1.9266,4.18681818181818,73.832,22,No
2020-10,2020,Integra,3,40.4537188,55840.548464378,2567.213,2.1973,4.20545454545454,73.832,22,No
2020-11,2020,Integra,3,43.9139894,59025.553918275,2608.659,3.7866,4.01450476190476,73.832,21,No
2020-12,2020,Integra,3,45.909548400000006,59947.907269463,2641.313,7.6509,3.63264285714286,73.832,22,No
2021-01,2021,Integra,3,47.2434055,59324.806249068,2673.222,8.6065,3.658,71.596,20,No
2021-02,2021,Integra,3,49.4714627,58761.361652702,2708.955,9.7357,3.9115,71.596,20,No
2021-03,2021,Integra,3,48.9193727,57720.573410359,2742.978,19.3514,4.68608695652174,71.596,23,No
2021-04,2021,Integra,3,48.2867725,57424.366262715,2777.313,21.7927,5.09,71.596,22,No
2021-05,2021,Integra,3,51.2175174,59519.988391671,2813.095,19.9782,4.99,71.596,21,No
2021-06,2021,Integra,3,49.9741594,56928.478484167,2856.044,15.5665,5.27323809523809,71.596,22,No
2021-07,2021,Integra,3,49.5823474,53032.80537743,2897.334,10.8805,5.6647,71.596,22,No
2021-08,2021,Integra,3,50.4218931,49076.132598373,2944.433,5.7496,6.35523809523809,71.596,22,No
2021-09,2021,Integra,3,51.4423907,46510.0391320562,2995.66,7.7466,6.34227272727273,71.596,22,No
2021-10,2021,Integra,3,53.9094284,47520.7088040986,3049.041,7.4078,5.9495,71.596,21,No
2021-11,2021,Integra,3,54.9238704,47801.646603868,3094.134,6.4523,5.86571428571429,71.596,22,No
2021-12,2021,Integra,3,54.7599614,48097.2429163364,3135.688,1.2205,5.92563636363636,71.596,23,No
2022-01,2022,Integra,3,55.21167139999999,47519.172022121,3183.288,-1.5146,6.07457142857143,76.834,21,No
2022-02,2022,Integra,3,55.0045499,47606.778823599,3228.654,-4.7876,6.071,76.834,20,No
2022-03,2022,Integra,3,55.515292,47781.2407212097,3274.989,-4.242,6.59782608695652,76.834,23,No
2022-04,2022,Integra,3,53.6795066,46729.388776355,3320.75,-6.2246,7.37315789473684,76.834,21,No
2022-05,2022,Integra,3,49.2275305,45577.4985340415,3367.81,-12.7299,7.92363636363636,76.834,22,No
2022-06,2022,Integra,3,46.4820611,44770.0921205094,3419.381,-15.0144,7.858,76.834,22,No
2022-07,2022,Integra,3,47.5056931,43644.8273825386,3468.216,-14.6607,8.21631578947368,76.834,21,No
2022-08,2022,Integra,3,45.962931600000005,40304.5109712043,3521.083,-12.5754,7.90872727272727,76.834,23,No
2022-09,2022,Integra,3,45.8258552,37382.8891580912,3578.515,-16.3814,8.30590909090909,76.834,22,No
2022-10,2022,Integra,3,50.5656672,37665.1611913742,3634.898,-13.8551,8.64571428571429,76.834,21,No
2022-11,2022,Integra,3,51.4509533,38662.7695339374,3680.194,-13.4861,7.86476190476191,76.834,22,No
2022-12,2022,Integra,3,50.1516841,38159.3977466136,3716.181,-13.521,7.8615,76.834,22,No
2023-01,2023,Integra,3,51.4582525,39198.4618485017,3764.987,-10.2893,7.95952380952381,77.74,22,No
2023-02,2023,Integra,3,49.6811882,38818.0897611384,3807.321,-11.5392,7.87935,77.74,20,No
2023-03,2023,Integra,3,49.6415164,39468.157335006,3851.633,-10.1102,7.71669565217391,77.74,23,No
2023-04,2023,Integra,3,49.2947929,39594.048673194,3886.246,-7.5397,7.48888888888889,77.74,20,No
2023-05,2023,Integra,3,48.151850800000005,39691.8508923026,3930.037,-5.3306,7.275,77.74,23,No
2023-06,2023,Integra,3,47.7696111,40502.5313685217,3969.748,-0.6494,7.07380952380952,77.74,22,No
2023-07,2023,Integra,3,48.97232,41338.5694190581,4006.567,-0.2016,6.7555,77.74,21,No
2023-08,2023,Integra,3,49.3022611,41724.042154803,4048.684,2.2245,6.84409090909091,77.74,23,No
2023-09,2023,Integra,3,49.3236812,41515.3426089151,4091.274,2.4471,6.96857142857143,77.74,21,No
2023-10,2023,Integra,3,48.3037274,41252.34593728,4128.713,-0.3663,7.62454545454545,77.74,22,No
2023-11,2023,Integra,3,48.61213480000001,42200.8874214358,4162.18,-0.8673,7.17190476190476,77.74,22,No
2023-12,2023,Integra,3,50.9530626,44038.7369252789,4195.198,5.5771,6.86847368421053,77.74,20,No
2024-01,2024,Integra,3,52.255651500000006,44837.2868246509,4240.244,4.586,6.67952380952381,77.941,22,No
2024-02,2024,Integra,3,53.7438552,45455.4433049356,4280.115,6.6631,6.75380952380952,77.941,21,No
2024-03,2024,Integra,3,53.4619289,45308.5888884558,4319.452,4.7592,7.00578947368421,77.941,21,No
2024-04,2024,Integra,3,51.6493769,44744.9525049,4370.682,4.1312,7.38204545454545,77.941,22,No
2024-05,2024,Integra,3,52.1919392,45889.072572986,4422.935,6.6868,7.09540909090909,77.941,23,No
2024-06,2024,Integra,3,52.1705805,43399.49945668,4466.951,5.7489,7.08842105263158,77.941,20,No
2024-07,2024,Integra,3,51.6106837,39499.604532726,4509.271,3.9556,6.9725,77.941,23,No
2024-08,2024,Integra,3,50.6014217,38164.64177989,4551.005,4.7012,6.5835,77.941,22,No
2024-09,2024,Integra,3,50.7891866,37232.939498719,4590.232,7.4734,6.36185714285714,77.941,21,No
2024-10,2024,Integra,3,51.8852242,36719.593332635,4631.794,7.7124,6.52246818181818,77.941,23,No
2024-11,2024,Integra,3,51.6468442,37156.657724251,4672.761,6.8864,6.669,77.941,21,No
2024-12,2024,Integra,3,51.115465400000005,37246.216114169,4709.501,2.9693,6.62515789473684,77.941,21,No
2025-01,2025,Integra,3,51.1192994,37640.416859409,4760.268,1.9713,6.69,,22,No
2025-02,2025,Integra,3,49.714312,37599.151642133,4803.295,0.0457,6.4725,,20,No
2025-03,2025,Integra,3,49.5870103,37730.679901225,4845.25,0.4699,6.4852380952381,,21,No
2025-04,2025,Integra,3,48.6525297,37961.995036739,4895.578,0.8919,6.604,,22,No
2025-05,2025,Integra,3,49.35813640000001,38686.339377443,4938.671,-0.0418,6.48666666666667,,22,No
2025-06,2025,Integra,3,50.979591600000006,39987.078879971,4934.849,1.4351,6.41190476190476,,21,No
2025-07,2025,Integra,3,52.2072986,40989.591697117,4931.847,3.3485,6.18745,,23,No
2025-08,2025,Integra,3,52.950774300000006,41900.128276707,4929.386,4.22,6.01696,,21,No
2025-09,2025,Integra,3,55.2564674,43280.467983869,4926.119,5.1998,6.12590909090909,,22,No
2025-10,2025,Integra,3,55.1718745,43307.513708609,4919.734,4.854,6.10583636363637,,23,No
2025-11,2025,Integra,3,55.6215975,41849.434920569,4914.674,4.4876,6.00445,,20,No
2025-12,2025,Integra,3,59.43469300000001,39507.816647423,4910.011,8.9353,5.82715789473684,,22,No
2016-04,2016,Prima,0,10.030652,40734.1944415612,1454.515,-1.6254,6.54485714285714,75.951,21,No
2016-05,2016,Prima,0,10.0680733,41712.7810195713,1454.833,0.2421,6.26581818181818,75.951,22,No
2016-06,2016,Prima,0,10.1001233,40818.2086042253,1455.787,0.6759,6.08436363636364,75.951,22,No
2016-07,2016,Prima,0,10.1251075,42475.2289905629,1456.723,3.2868,5.75652380952381,75.951,21,No
2016-08,2016,Prima,0,10.167785,43138.7864370469,1458.394,7.3479,5.63617391304348,75.951,23,No
2016-09,2016,Prima,0,10.2192117,43221.222453717,1460.944,12.4819,5.79354545454546,75.951,22,No
2016-10,2016,Prima,0,10.2632946,43018.5527606455,1462.357,10.2416,5.77085714285714,75.951,21,No
2016-11,2016,Prima,0,10.3048137,42701.2217235967,1463.85,5.9733,6.30986363636364,75.951,22,No
2016-12,2016,Prima,0,10.3416923,42844.8756009073,1465.257,6.7272,6.44685714285714,75.951,22,No
2017-01,2017,Prima,0,10.378482,42914.9036378155,1467.356,10.0911,6.35095454545454,75.958,22,No
2017-02,2017,Prima,0,10.4105777,43108.4811151728,1467.155,9.299,6.26035,75.958,20,No
2017-03,2017,Prima,0,10.4557697,43658.8805266655,1469.395,6.0428,6.09739130434783,75.958,23,No
2017-04,2017,Prima,0,10.4959673,44217.2751449565,1471.008,6.35,5.87055555555556,75.958,20,No
2017-05,2017,Prima,0,10.5439541,45108.7456640493,1472.347,7.453,5.71772727272727,75.958,23,No
2017-06,2017,Prima,0,10.5805774,45349.5406497025,1498.151,8.7785,5.57905,75.958,22,No
2017-07,2017,Prima,0,10.6179599,45977.5802406479,1527.129,6.946,5.65947368421053,75.958,21,No
2017-08,2017,Prima,0,10.6545816,46265.9392645647,1559.625,4.9581,5.46204347826087,75.958,23,No
2017-09,2017,Prima,0,10.6879373,47527.3995630103,1595.391,6.0227,5.34190476190476,75.958,21,No
2017-10,2017,Prima,0,10.7267087,48273.779848917,1619.12,8.5635,5.26331818181818,75.958,22,No
2017-11,2017,Prima,0,10.7592871,48372.8022190543,1655.711,10.5511,5.2997619047619,75.958,22,No
2017-12,2017,Prima,0,10.7895884,48836.0586897794,1683.034,10.6538,5.24947368421053,75.958,20,No
2018-01,2018,Prima,0,10.8237961,50462.02152,1726.049,14.0974,4.81809523809524,76.018,22,No
2018-02,2018,Prima,0,10.8536298,49917.9219804917,1764.39,13.7605,4.7945,76.018,20,No
2018-03,2018,Prima,0,10.8842228,49455.5860015474,1800.67,13.3966,4.845,76.018,22,No
2018-04,2018,Prima,0,10.9170206,49636.7766932066,1834.791,11.6047,5.0242,76.018,21,No
2018-05,2018,Prima,0,10.9466315,48854.5186410268,1870.495,8.1316,5.47227272727273,76.018,23,No
2018-06,2018,Prima,0,10.9778047,48385.8506633618,1905.642,5.4291,5.6626,76.018,21,No
2018-07,2018,Prima,0,11.013773,49551.5618590148,1939.853,5.3264,5.48476190476191,76.018,22,No
2018-08,2018,Prima,0,11.0469056,49137.0190762533,1980.613,5.5652,5.4252380952381,76.018,23,No
2018-09,2018,Prima,0,11.0771612,49314.6198046264,2019.228,3.3691,5.5175,76.018,20,No
2018-10,2018,Prima,0,11.1131243,47570.6423325603,2058.775,-1.0007,5.73181818181818,76.018,23,No
2018-11,2018,Prima,0,11.1467546,48412.1863348145,2098.594,-1.7549,5.727,76.018,22,No
2018-12,2018,Prima,0,11.1844559,47451.9020136419,2131.744,-3.0145,5.74363157894737,76.018,20,No
2019-01,2019,Prima,0,11.2241548,49012.693978151,2181.105,-4.7104,5.58772727272727,76.275,22,No
2019-02,2019,Prima,0,11.260521,49583.3565968902,2220.824,-2.1251,5.4945,76.275,20,No
2019-03,2019,Prima,0,11.2981297,50305.94888,2260.041,-1.0198,5.29923809523809,76.275,21,No
2019-04,2019,Prima,0,11.3415308,51001.8700837836,2260.041,0.8083,5.2158,76.275,22,No
2019-05,2019,Prima,0,11.3823101,50283.611096552,2330.531,0.5645,5.13735454545455,76.275,23,No
2019-06,2019,Prima,0,11.4183398,51284.6104648063,2334.751,3.2182,4.81719,76.275,20,No
2019-07,2019,Prima,0,11.4692348,51804.0882477163,2337.654,5.1346,4.4401,76.275,23,No
2019-08,2019,Prima,0,11.5108151,51778.5318709261,2341.047,4.1881,4.228985,76.275,22,No
2019-09,2019,Prima,0,11.5504338,52119.4202188437,2343.978,5.556,4.15212380952381,76.275,21,No
2019-10,2019,Prima,0,11.5907191,52762.0321329515,2347.826,8.1912,4.07454285714286,76.275,23,No
2019-11,2019,Prima,0,11.6299879,52870.1225525854,2347.826,9.1454,4.23969,76.275,21,No
2019-12,2019,Prima,0,11.6715069,53750.803019802,2355.005,10.9687,4.3559380952381,76.275,21,No
2020-01,2020,Prima,0,11.711177,53975.711772757,2357.827,10.8083,4.50230909090909,73.832,22,No
2020-02,2020,Prima,0,11.7429183,52648.4905968134,2360.478,8.9721,4.258095,73.832,20,No
2020-03,2020,Prima,0,11.7882019,46466.0074693419,2363.253,-3.5305,5.08725909090909,73.832,22,No
2020-04,2020,Prima,0,11.8199263,46706.6068738738,2363.253,-7.622,5.0255,73.832,22,No
2020-05,2020,Prima,0,11.8533152,47518.48012754,2365.074,-3.1189,4.4295,73.832,21,No
2020-06,2020,Prima,0,11.8839145,45892.349184523,2364.85,0.0002,4.39,73.832,22,No
2020-07,2020,Prima,0,11.9033452,45501.491960387,2364.636,-0.1897,4.24045454545455,73.832,23,No
2020-08,2020,Prima,0,11.9232567,46067.191391419,2364.042,2.5509,4.06714285714286,73.832,21,No
2020-09,2020,Prima,0,11.9445529,45819.520414021,2362.994,1.3842,4.18681818181818,73.832,22,No
2020-10,2020,Prima,0,11.9773476,45843.396678628,2361.155,1.2964,4.20545454545454,73.832,22,No
2020-11,2020,Prima,0,11.9950979,48516.663366969,2360.405,3.3162,4.01450476190476,73.832,21,No
2020-12,2020,Prima,0,12.0022274,49352.794367007,2360.161,6.785,3.63264285714286,73.832,22,No
2021-01,2021,Prima,0,12.006604,49124.472518926,2359.172,7.7816,3.658,71.596,20,No
2021-02,2021,Prima,0,12.0196679,48523.534012985,2358.189,9.3017,3.9115,71.596,20,No
2021-03,2021,Prima,0,12.026144,47773.475326135,2356.721,19.3459,4.68608695652174,71.596,23,No
2021-04,2021,Prima,0,12.0302961,47335.601904022,2355.931,21.8846,5.09,71.596,22,No
2021-05,2021,Prima,0,12.0398454,48555.289691204,2354.819,18.3278,4.99,71.596,21,No
2021-06,2021,Prima,0,12.0474477,46698.746029399,2353.808,13.4621,5.27323809523809,71.596,22,No
2021-07,2021,Prima,0,12.0521422,42495.597469467,2352.358,9.0981,5.6647,71.596,22,No
2021-08,2021,Prima,0,12.0509878,38720.479980998,2352.077,4.3911,6.35523809523809,71.596,22,No
2021-09,2021,Prima,0,12.0456951,38368.2807659752,2351.087,6.13,6.34227272727273,71.596,22,No
2021-10,2021,Prima,0,12.0666703,39239.8244787737,2350.201,6.1717,5.9495,71.596,21,No
2021-11,2021,Prima,0,12.0824343,39505.711881732,2349.583,4.9557,5.86571428571429,71.596,22,No
2021-12,2021,Prima,0,12.0980529,39758.9591370895,2349.901,-0.0754,5.92563636363636,71.596,23,No
2022-01,2022,Prima,0,12.1249992,39486.291252323,2349.574,-2.4594,6.07457142857143,76.834,21,No
2022-02,2022,Prima,0,12.1520692,39415.882308727,2349.373,-5.1861,6.071,76.834,20,No
2022-03,2022,Prima,0,12.1928854,39138.2984261352,2349.153,-5.3916,6.59782608695652,76.834,23,No
2022-04,2022,Prima,0,12.227824599999998,38116.343093772,2348.976,-7.3143,7.37315789473684,76.834,21,No
2022-05,2022,Prima,0,12.2900015,37429.7405362894,2348.549,-12.4124,7.92363636363636,76.834,22,No
2022-06,2022,Prima,0,12.3442127,36446.6750911387,2347.956,-14.5448,7.858,76.834,22,No
2022-07,2022,Prima,0,12.3981937,35332.9153772582,2347.133,-14.6926,8.21631578947368,76.834,21,No
2022-08,2022,Prima,0,12.4626322,32802.1641335926,2346.805,-11.4387,7.90872727272727,76.834,23,No
2022-09,2022,Prima,0,12.534742799999998,30417.7319587316,2346.509,-15.2986,8.30590909090909,76.834,22,No
2022-10,2022,Prima,0,12.6050358,30732.4434684612,2345.808,-16.1372,8.64571428571429,76.834,21,No
2022-11,2022,Prima,0,12.6784228,31948.4793026058,2345.194,-15.0104,7.86476190476191,76.834,22,No
2022-12,2022,Prima,0,12.7473457,31498.7779810139,2344.701,-14.2715,7.8615,76.834,22,No
2023-01,2023,Prima,0,12.8164056,32482.004427378,2344.355,-11.808,7.95952380952381,77.74,22,No
2023-02,2023,Prima,0,12.8766615,32076.1893567886,2343.744,-12.5095,7.87935,77.74,20,No
2023-03,2023,Prima,0,12.9743163,32617.238396506,2343.011,-9.7663,7.71669565217391,77.74,23,No
2023-04,2023,Prima,0,13.0702372,32800.956236489,2342.878,-6.2607,7.48888888888889,77.74,20,No
2023-05,2023,Prima,0,13.1651097,32776.2452472143,2341.613,-4.7641,7.275,77.74,23,No
2023-06,2023,Prima,0,13.2370969,33576.8248945513,2341.661,1.2771,7.07380952380952,77.74,22,No
2023-07,2023,Prima,0,13.3367983,34372.0856006326,2341.977,2.5444,6.7555,77.74,21,No
2023-08,2023,Prima,0,13.4236307,34558.757113329,2342.061,3.8816,6.84409090909091,77.74,23,No
2023-09,2023,Prima,0,13.511782,34336.1670199125,2342.21,4.8715,6.96857142857143,77.74,21,No
2023-10,2023,Prima,0,13.6221737,34161.633360885,2342.23,2.4421,7.62454545454545,77.74,22,No
2023-11,2023,Prima,0,13.7197623,34967.7012797602,2342.241,0.6055,7.17190476190476,77.74,22,No
2023-12,2023,Prima,0,13.817242900000002,36517.6887188211,2342.422,6.8746,6.86847368421053,77.74,20,No
2024-01,2024,Prima,0,13.9179472,37289.743220308,2342.6,5.7846,6.67952380952381,77.941,22,No
2024-02,2024,Prima,0,13.9930316,37890.1682241311,2342.636,8.1456,6.75380952380952,77.941,21,No
2024-03,2024,Prima,0,14.0562666,37746.5288524792,2342.454,5.5289,7.00578947368421,77.941,21,No
2024-04,2024,Prima,0,14.1370975,37474.5264603364,2342.31,4.9692,7.38204545454545,77.941,22,No
2024-05,2024,Prima,0,14.2089627,38393.322336795,2341.966,7.193,7.09540909090909,77.941,23,No
2024-06,2024,Prima,0,14.2775836,36247.939469221,2342.057,5.8553,7.08842105263158,77.941,20,No
2024-07,2024,Prima,0,14.3569431,33832.029397285,2342.454,3.5988,6.9725,77.941,23,No
2024-08,2024,Prima,0,14.4345051,32198.992384071,2342.229,3.5429,6.5835,77.941,22,No
2024-09,2024,Prima,0,14.4764581,31824.571572783,2341.483,6.8582,6.36185714285714,77.941,21,No
2024-10,2024,Prima,0,14.5785611,31458.613917546,2341.056,7.075,6.52246818181818,77.941,23,No
2024-11,2024,Prima,0,14.6381656,31928.671993083,2340.452,6.2446,6.669,77.941,21,No
2024-12,2024,Prima,0,14.7039017,31811.054817025,2340.087,1.97,6.62515789473684,77.941,21,No
2025-01,2025,Prima,0,14.7653807,31662.338569505,2339.486,-0.6581,6.69,,22,No
2025-02,2025,Prima,0,14.8182948,31506.016513802,2338.348,-2.5367,6.4725,,20,No
2025-03,2025,Prima,0,14.8774398,31399.269539178,2338.126,-1.9212,6.4852380952381,,21,No
2025-04,2025,Prima,0,14.9389159,31480.575454149,2338.037,-1.532,6.604,,22,No
2025-05,2025,Prima,0,14.996188299999998,31803.117972829,2338.787,-2.2377,6.48666666666667,,22,No
2025-06,2025,Prima,0,15.0549236,32629.64188137,2339.871,-0.8262,6.41190476190476,,21,No
2025-07,2025,Prima,0,15.1175501,33266.645524771,2341.423,1.2901,6.18745,,23,No
2025-08,2025,Prima,0,15.1706979,33852.755439208,2342.602,3.7808,6.01696,,21,No
2025-09,2025,Prima,0,15.2324755,34731.496145589,2343.615,4.5934,6.12590909090909,,22,No
2025-10,2025,Prima,0,15.2904831,34467.470729735,2347.203,4.0101,6.10583636363637,,23,No
2025-11,2025,Prima,0,15.3423777,33666.591302812,2353.88,3.5339,6.00445,,20,No
2025-12,2025,Prima,0,15.406836599999998,32482.939285037,2360.014,8.1046,5.82715789473684,,22,No
2010-01,2010,Prima,1,14.1173302,20436.2222829118,1081.566,29.9311,5.75655,72.886,20,No
2010-02,2010,Prima,1,14.1772268,20649.0104079371,1085.37,26.9829,6.09765,72.886,20,No
2010-03,2010,Prima,1,14.3758172,21722.7976818747,1088.878,30.1461,6.0925652173913,72.886,23,No
2010-04,2010,Prima,1,14.4039442,22223.4984156402,1091.921,25.8986,5.9814,72.886,21,No
2010-05,2010,Prima,1,14.187862,21544.1233770074,1095.486,18.0826,6.16133333333333,72.886,21,No
2010-06,2010,Prima,1,14.1744602,21425.6305400945,1098.912,14.096,6.3284,72.886,22,No
2010-07,2010,Prima,1,14.5917781,22455.3261492743,1102.005,14.3702,6.00815789473684,72.886,22,No
2010-08,2010,Prima,1,14.7928285,23005.0953171727,1105.843,13.586,5.6217619047619,72.886,22,No
2010-09,2010,Prima,1,15.1220293,24590.7784978873,1110.105,13.1229,5.73390909090909,72.886,22,No
2010-10,2010,Prima,1,15.4285855,25815.1489702388,1114.877,15.7982,5.49245,72.886,21,No
2010-11,2010,Prima,1,15.3651426,26085.405123028,1119.86,16.9963,5.70457142857143,72.886,22,No
2010-12,2010,Prima,1,15.5518236,27147.7004665067,1124.457,18.6425,5.89795,72.886,23,No
2011-01,2011,Prima,1,15.4754257,26526.2159861003,1130.782,16.776,5.84628571428571,73.327,21,No
2011-02,2011,Prima,1,15.4971941,26615.6990497956,1137.508,19.4187,6.01595,73.327,20,No
2011-03,2011,Prima,1,15.3408684,26248.7574932717,1144.128,13.7245,6.35333612040134,73.327,23,No
2011-04,2011,Prima,1,15.2731885,25823.6913608103,1150.296,6.797,6.94410092633545,73.327,20,No
2011-05,2011,Prima,1,15.4261771,26235.1431807563,1155.621,10.8862,6.72250202228567,73.327,22,No
2011-06,2011,Prima,1,15.4706289,25278.7238303006,1162.141,8.6968,6.45763825900731,73.327,22,No
2011-07,2011,Prima,1,15.7458252,26336.9488410816,1167.864,8.0445,6.23626241920591,73.327,21,No
2011-08,2011,Prima,1,16.0551042,26269.4886326128,1174.586,3.5257,5.92853521749067,73.327,23,No
2011-09,2011,Prima,1,15.6099787,24141.8718269021,1183.087,-0.7,5.62017803787122,73.327,22,No
2011-10,2011,Prima,1,15.9675569,25641.6210747061,1190.775,-8.8938,5.72483222108669,73.327,21,No
2011-11,2011,Prima,1,15.9682093,25502.7424992549,1197.344,-9.2246,5.66734322961868,73.327,22,No
2011-12,2011,Prima,1,16.0270538,25321.606,1203.363,-11.3351,5.6953293398377,73.327,22,No
2012-01,2012,Prima,1,16.3408091,26989.2099285714,1210.9,-7.682,5.6877609398031,73.979,22,No
2012-02,2012,Prima,1,16.599747,27714.5283962499,1218.476,-3.2175,5.55203643226112,73.979,21,No
2012-03,2012,Prima,1,16.7306833,28031.2907632583,1226.243,-0.9194,5.40746192764249,73.979,22,No
2012-04,2012,Prima,1,16.9166929,28264.8039172882,1233.016,1.8609,5.31709184145608,73.979,20,No
2012-05,2012,Prima,1,16.8106201,27423.6677455893,1240.832,-1.2538,5.1611689535073,73.979,23,No
2012-06,2012,Prima,1,17.0529915,27873.7831996053,1247.85,0.705,5.14383563093637,73.979,21,No
2012-07,2012,Prima,1,17.094809,27766.2822881876,1255.94,0.9445,5.02354166666667,73.979,22,No
2012-08,2012,Prima,1,17.2140601,28078.1302445476,1264.085,1.8062,4.85419437482595,73.979,23,No
2012-09,2012,Prima,1,17.5336362,29065.4832721292,1274.635,4.4546,4.67659618205868,73.979,20,No
2012-10,2012,Prima,1,17.616583,29101.2104214054,1294.342,8.5003,4.55363674242424,73.979,23,No
2012-11,2012,Prima,1,17.792058,29455.9945162498,1319.174,7.2574,4.45981283452211,73.979,22,No
2012-12,2012,Prima,1,18.0129081,30221.1253962791,1339.18,9.4579,4.16331561657297,73.979,20,No
2013-01,2013,Prima,1,18.3218057,31066.8785951179,1365.938,9.0474,4.06750469795356,74.591,22,No
2013-02,2013,Prima,1,18.4089551,31119.4037421406,1390.039,5.1673,4.15190764118355,74.591,20,No
2013-03,2013,Prima,1,18.4662307,31379.4666708989,1416.353,4.2026,4.14838614187719,74.591,20,No
2013-04,2013,Prima,1,18.5505674,31228.7560915483,1443.911,3.3126,4.05634051937754,74.591,22,No
2013-05,2013,Prima,1,18.1795827,30378.8851796815,1471.296,5.1411,4.20181818181818,74.591,23,No
2013-06,2013,Prima,1,17.6874737,29460.9580522829,1476.493,0.2378,5.31946716260051,74.591,20,No
2013-07,2013,Prima,1,17.9070583,29904.5310136208,1477.894,-2.4013,5.26015228899572,74.591,23,No
2013-08,2013,Prima,1,17.5261841,29870.7937187055,1477.308,-2.6649,5.46271259667266,74.591,22,No
2013-09,2013,Prima,1,17.8099217,30619.3740989564,1477.358,-4.3503,5.60047619047619,74.591,21,No
2013-10,2013,Prima,1,17.9829048,31555.9002037275,1476.379,-3.8284,5.31727272727273,74.591,23,No
2013-11,2013,Prima,1,17.9765608,31434.8534871525,1475.667,-3.4522,5.467,74.591,21,No
2013-12,2013,Prima,1,18.0694615,32074.1563803048,1473.196,-5.1427,5.6055,74.591,21,No
2014-01,2014,Prima,1,17.9272161,31819.001656853,1469.115,-6.4413,5.72,75.26,22,No
2014-02,2014,Prima,1,18.0583734,32483.9332813611,1468.442,-8.0456,6.4255,75.26,20,No
2014-03,2014,Prima,1,18.1747544,32612.8370808411,1467.097,-6.8356,6.16490476190476,75.26,21,No
2014-04,2014,Prima,1,18.3408723,33273.0675632768,1466.526,-5.4903,5.951,75.26,21,No
2014-05,2014,Prima,1,18.4387429,33621.1906922803,1465.482,-3.7866,5.64095238095238,75.26,22,No
2014-06,2014,Prima,1,18.6752409,34354.8343637763,1465.058,2.6345,5.37238095238095,75.26,21,No
2014-07,2014,Prima,1,18.7276349,34501.227717318,1464.342,5.0288,5.177,75.26,23,No
2014-08,2014,Prima,1,19.0294409,35415.421273194,1463.763,6.2964,5.19790476190476,75.26,21,No
2014-09,2014,Prima,1,18.9993885,35286.1563729471,1462.728,7.583,5.33545454545455,75.26,22,No
2014-10,2014,Prima,1,19.3174716,35823.8021535645,1461.672,4.1809,5.35995454545454,75.26,23,No
2014-11,2014,Prima,1,19.3820615,36196.1371537096,1461.026,5.4201,5.43935,75.26,20,No
2014-12,2014,Prima,1,19.3762661,36415.7529972408,1460.015,6.1866,5.35971428571429,75.26,22,No
2015-01,2015,Prima,1,19.7446813,36962.0755990783,1459.088,5.3602,5.2966,75.732,21,No
2015-02,2015,Prima,1,19.9179655,37876.8825212366,1458.244,9.7245,5.2855,75.732,20,No
2015-03,2015,Prima,1,19.817164,37624.120003468,1457.713,7.8799,5.52668181818182,75.732,22,No
2015-04,2015,Prima,1,20.0206698,38363.8683269944,1456.873,8.7094,5.53809090909091,75.732,21,No
2015-05,2015,Prima,1,20.0649234,38852.4474606399,1455.922,7.2856,5.9019,75.732,21,No
2015-06,2015,Prima,1,19.9081524,38666.1851746251,1455.214,5.0191,6.17166666666667,75.732,22,No
2015-07,2015,Prima,1,19.9171894,38700.200321438,1454.99,3.6398,6.47165,75.732,23,No
2015-08,2015,Prima,1,19.5573701,37242.1647067515,1453.99,1.3344,6.66319047619047,75.732,21,No
2015-09,2015,Prima,1,19.3185376,36530.6773722108,1454.302,-3.7191,7.23577272727273,75.732,22,No
2015-10,2015,Prima,1,19.9611616,38549.9876419851,1454.385,0.2297,7.01072727272727,75.732,22,No
2015-11,2015,Prima,1,20.2963444,39466.0689015436,1820.878,1.1686,6.69261904761905,75.732,21,No
2015-12,2015,Prima,1,20.1221595,39009.0606260238,1454.766,0.4876,6.70786363636364,75.732,22,No
2016-01,2016,Prima,1,20.0936839,38293.4349004306,1453.641,-2.6628,7.02015,75.951,20,No
2016-02,2016,Prima,1,20.4271277,39048.7408309318,1454.46,-4.9146,7.34585714285714,75.951,21,No
2016-03,2016,Prima,1,20.4811025,39747.2717711232,1453.682,-1.2314,7.139,75.951,23,No
2016-04,2016,Prima,1,20.8838293,40734.1944415612,1454.515,-1.6254,6.54485714285714,75.951,21,No
2016-05,2016,Prima,1,21.2252614,41712.7810195713,1454.833,0.2421,6.26581818181818,75.951,22,No
2016-06,2016,Prima,1,21.1753786,40818.2086042253,1455.787,0.6759,6.08436363636364,75.951,22,No
2016-07,2016,Prima,1,21.7387379,42475.2289905629,1456.723,3.2868,5.75652380952381,75.951,21,No
2016-08,2016,Prima,1,22.0521788,43138.7864370469,1458.394,7.3479,5.63617391304348,75.951,23,No
2016-09,2016,Prima,1,22.233793,43221.222453717,1460.944,12.4819,5.79354545454546,75.951,22,No
2016-10,2016,Prima,1,22.2834909,43018.5527606455,1462.357,10.2416,5.77085714285714,75.951,21,No
2016-11,2016,Prima,1,21.833791,42701.2217235967,1463.85,5.9733,6.30986363636364,75.951,22,No
2016-12,2016,Prima,1,21.8532965,42844.8756009073,1465.257,6.7272,6.44685714285714,75.951,22,No
2017-01,2017,Prima,1,22.0492546,42914.9036378155,1467.356,10.0911,6.35095454545454,75.958,22,No
2017-02,2017,Prima,1,22.0312546,43108.4811151728,1467.155,9.299,6.26035,75.958,20,No
2017-03,2017,Prima,1,22.3930651,43658.8805266655,1469.395,6.0428,6.09739130434783,75.958,23,No
2017-04,2017,Prima,1,22.5823359,44217.2751449565,1471.008,6.35,5.87055555555556,75.958,20,No
2017-05,2017,Prima,1,22.9164831,45108.7456640493,1472.347,7.453,5.71772727272727,75.958,23,No
2017-06,2017,Prima,1,23.0546839,45349.5406497025,1498.151,8.7785,5.57905,75.958,22,No
2017-07,2017,Prima,1,23.2855974,45977.5802406479,1527.129,6.946,5.65947368421053,75.958,21,No
2017-08,2017,Prima,1,23.4903724,46265.9392645647,1559.625,4.9581,5.46204347826087,75.958,23,No
2017-09,2017,Prima,1,23.7976053,47527.3995630103,1595.391,6.0227,5.34190476190476,75.958,21,No
2017-10,2017,Prima,1,23.8149834,48273.779848917,1619.12,8.5635,5.26331818181818,75.958,22,No
2017-11,2017,Prima,1,23.9566306,48372.8022190543,1655.711,10.5511,5.2997619047619,75.958,22,No
2017-12,2017,Prima,1,24.1076044,48836.0586897794,1683.034,10.6538,5.24947368421053,75.958,20,No
2018-01,2018,Prima,1,24.7270971,50462.02152,1726.049,14.0974,4.81809523809524,76.018,22,No
2018-02,2018,Prima,1,24.6652069,49917.9219804917,1764.39,13.7605,4.7945,76.018,20,No
2018-03,2018,Prima,1,24.6918011,49455.5860015474,1800.67,13.3966,4.845,76.018,22,No
2018-04,2018,Prima,1,24.4763114,49636.7766932066,1834.791,11.6047,5.0242,76.018,21,No
2018-05,2018,Prima,1,24.0351803,48854.5186410268,1870.495,8.1316,5.47227272727273,76.018,23,No
2018-06,2018,Prima,1,24.0587289,48385.8506633618,1905.642,5.4291,5.6626,76.018,21,No
2018-07,2018,Prima,1,24.5064264,49551.5618590148,1939.853,5.3264,5.48476190476191,76.018,22,No
2018-08,2018,Prima,1,24.3568042,49137.0190762533,1980.613,5.5652,5.4252380952381,76.018,23,No
2018-09,2018,Prima,1,24.484778,49314.6198046264,2019.228,3.3691,5.5175,76.018,20,No
2018-10,2018,Prima,1,23.8216703,47570.6423325603,2058.775,-1.0007,5.73181818181818,76.018,23,No
2018-11,2018,Prima,1,24.2076665,48412.1863348145,2098.594,-1.7549,5.727,76.018,22,No
2018-12,2018,Prima,1,24.2999861,47451.9020136419,2131.744,-3.0145,5.74363157894737,76.018,20,No
2019-01,2019,Prima,1,24.8729768,49012.693978151,2181.105,-4.7104,5.58772727272727,76.275,22,No
2019-02,2019,Prima,1,25.1245034,49583.3565968902,2220.824,-2.1251,5.4945,76.275,20,No
2019-03,2019,Prima,1,25.44437,50305.94888,2260.041,-1.0198,5.29923809523809,76.275,21,No
2019-04,2019,Prima,1,25.761156,51001.8700837836,2260.041,0.8083,5.2158,76.275,22,No
2019-05,2019,Prima,1,25.9675619,50283.611096552,2330.531,0.5645,5.13735454545455,76.275,23,No
2019-06,2019,Prima,1,26.7369913,51284.6104648063,2334.751,3.2182,4.81719,76.275,20,No
2019-07,2019,Prima,1,27.1509232,51804.0882477163,2337.654,5.1346,4.4401,76.275,23,No
2019-08,2019,Prima,1,27.2183399,51778.5318709261,2341.047,4.1881,4.228985,76.275,22,No
2019-09,2019,Prima,1,27.3521756,52119.4202188437,2343.978,5.556,4.15212380952381,76.275,21,No
2019-10,2019,Prima,1,27.6691492,52762.0321329515,2347.826,8.1912,4.07454285714286,76.275,23,No
2019-11,2019,Prima,1,27.5961159,52870.1225525854,2347.826,9.1454,4.23969,76.275,21,No
2019-12,2019,Prima,1,28.0448809,53750.803019802,2355.005,10.9687,4.3559380952381,76.275,21,No
2020-01,2020,Prima,1,28.398069,53975.711772757,2357.827,10.8083,4.50230909090909,73.832,22,No
2020-02,2020,Prima,1,28.0961596,52648.4905968134,2360.478,8.9721,4.258095,73.832,20,No
2020-03,2020,Prima,1,24.9803993,46466.0074693419,2363.253,-3.5305,5.08725909090909,73.832,22,No
2020-04,2020,Prima,1,25.7531559,46706.6068738738,2363.253,-7.622,5.0255,73.832,22,No
2020-05,2020,Prima,1,27.2399831,47518.48012754,2365.074,-3.1189,4.4295,73.832,21,No
2020-06,2020,Prima,1,27.6796817,45892.349184523,2364.85,0.0002,4.39,73.832,22,No
2020-07,2020,Prima,1,28.5868564,45501.491960387,2364.636,-0.1897,4.24045454545455,73.832,23,No
2020-08,2020,Prima,1,28.7000306,46067.191391419,2364.042,2.5509,4.06714285714286,73.832,21,No
2020-09,2020,Prima,1,28.5189749,45819.520414021,2362.994,1.3842,4.18681818181818,73.832,22,No
2020-10,2020,Prima,1,28.7458971,45843.396678628,2361.155,1.2964,4.20545454545454,73.832,22,No
2020-11,2020,Prima,1,30.0669537,48516.663366969,2360.405,3.3162,4.01450476190476,73.832,21,No
2020-12,2020,Prima,1,30.9365252,49352.794367007,2360.161,6.785,3.63264285714286,73.832,22,No
2021-01,2021,Prima,1,30.7359855,49124.472518926,2359.172,7.7816,3.658,71.596,20,No
2021-02,2021,Prima,1,30.3864337,48523.534012985,2358.189,9.3017,3.9115,71.596,20,No
2021-03,2021,Prima,1,29.969702400000003,47773.475326135,2356.721,19.3459,4.68608695652174,71.596,23,No
2021-04,2021,Prima,1,29.895085100000003,47335.601904022,2355.931,21.8846,5.09,71.596,22,No
2021-05,2021,Prima,1,30.5137885,48555.289691204,2354.819,18.3278,4.99,71.596,21,No
2021-06,2021,Prima,1,30.1856051,46698.746029399,2353.808,13.4621,5.27323809523809,71.596,22,No
2021-07,2021,Prima,1,30.0246774,42495.597469467,2352.358,9.0981,5.6647,71.596,22,No
2021-08,2021,Prima,1,29.9210802,38720.479980998,2352.077,4.3911,6.35523809523809,71.596,22,No
2021-09,2021,Prima,1,29.7570966,38368.2807659752,2351.087,6.13,6.34227272727273,71.596,22,No
2021-10,2021,Prima,1,29.8159047,39239.8244787737,2350.201,6.1717,5.9495,71.596,21,No
2021-11,2021,Prima,1,29.7768039,39505.711881732,2349.583,4.9557,5.86571428571429,71.596,22,No
2021-12,2021,Prima,1,29.9824011,39758.9591370895,2349.901,-0.0754,5.92563636363636,71.596,23,No
2022-01,2022,Prima,1,29.6705431,39486.291252323,2349.574,-2.4594,6.07457142857143,76.834,21,No
2022-02,2022,Prima,1,29.4728154,39415.882308727,2349.373,-5.1861,6.071,76.834,20,No
2022-03,2022,Prima,1,29.1398016,39138.2984261352,2349.153,-5.3916,6.59782608695652,76.834,23,No
2022-04,2022,Prima,1,28.0316722,38116.343093772,2348.976,-7.3143,7.37315789473684,76.834,21,No
2022-05,2022,Prima,1,28.192454,37429.7405362894,2348.549,-12.4124,7.92363636363636,76.834,22,No
2022-06,2022,Prima,1,27.3279665,36446.6750911387,2347.956,-14.5448,7.858,76.834,22,No
2022-07,2022,Prima,1,27.3827768,35332.9153772582,2347.133,-14.6926,8.21631578947368,76.834,21,No
2022-08,2022,Prima,1,27.597899400000003,32802.1641335926,2346.805,-11.4387,7.90872727272727,76.834,23,No
2022-09,2022,Prima,1,26.7722453,30417.7319587316,2346.509,-15.2986,8.30590909090909,76.834,22,No
2022-10,2022,Prima,1,27.4334136,30732.4434684612,2345.808,-16.1372,8.64571428571429,76.834,21,No
2022-11,2022,Prima,1,28.7188643,31948.4793026058,2345.194,-15.0104,7.86476190476191,76.834,22,No
2022-12,2022,Prima,1,28.5880551,31498.7779810139,2344.701,-14.2715,7.8615,76.834,22,No
2023-01,2023,Prima,1,29.3370227,32482.004427378,2344.355,-11.808,7.95952380952381,77.74,22,No
2023-02,2023,Prima,1,28.8850885,32076.1893567886,2343.744,-12.5095,7.87935,77.74,20,No
2023-03,2023,Prima,1,29.7718205,32617.238396506,2343.011,-9.7663,7.71669565217391,77.74,23,No
2023-04,2023,Prima,1,29.9204642,32800.956236489,2342.878,-6.2607,7.48888888888889,77.74,20,No
2023-05,2023,Prima,1,30.1854361,32776.2452472143,2341.613,-4.7641,7.275,77.74,23,No
2023-06,2023,Prima,1,31.1100994,33576.8248945513,2341.661,1.2771,7.07380952380952,77.74,22,No
2023-07,2023,Prima,1,31.7075536,34372.0856006326,2341.977,2.5444,6.7555,77.74,21,No
2023-08,2023,Prima,1,31.5700336,34558.757113329,2342.061,3.8816,6.84409090909091,77.74,23,No
2023-09,2023,Prima,1,30.9615438,34336.1670199125,2342.21,4.8715,6.96857142857143,77.74,21,No
2023-10,2023,Prima,1,30.6625045,34161.633360885,2342.23,2.4421,7.62454545454545,77.74,22,No
2023-11,2023,Prima,1,31.7946713,34967.7012797602,2342.241,0.6055,7.17190476190476,77.74,22,No
2023-12,2023,Prima,1,33.2676861,36517.6887188211,2342.422,6.8746,6.86847368421053,77.74,20,No
2024-01,2024,Prima,1,33.7725482,37289.743220308,2342.6,5.7846,6.67952380952381,77.941,22,No
2024-02,2024,Prima,1,33.7182837,37890.1682241311,2342.636,8.1456,6.75380952380952,77.941,21,No
2024-03,2024,Prima,1,33.4924543,37746.5288524792,2342.454,5.5289,7.00578947368421,77.941,21,No
2024-04,2024,Prima,1,32.9602015,37474.5264603364,2342.31,4.9692,7.38204545454545,77.941,22,No
2024-05,2024,Prima,1,33.4261859,38393.322336795,2341.966,7.193,7.09540909090909,77.941,23,No
2024-06,2024,Prima,1,33.2966202,36247.939469221,2342.057,5.8553,7.08842105263158,77.941,20,No
2024-07,2024,Prima,1,33.7295617,33832.029397285,2342.454,3.5988,6.9725,77.941,23,No
2024-08,2024,Prima,1,34.4149635,32198.992384071,2342.229,3.5429,6.5835,77.941,22,No
2024-09,2024,Prima,1,34.9684228,31824.571572783,2341.483,6.8582,6.36185714285714,77.941,21,No
2024-10,2024,Prima,1,34.0679703,31458.613917546,2341.056,7.075,6.52246818181818,77.941,23,No
2024-11,2024,Prima,1,34.359035000000006,31928.671993083,2340.452,6.2446,6.669,77.941,21,No
2024-12,2024,Prima,1,33.9813037,31811.054817025,2340.087,1.97,6.62515789473684,77.941,21,No
2025-01,2025,Prima,1,34.078708299999995,31662.338569505,2339.486,-0.6581,6.69,,22,No
2025-02,2025,Prima,1,34.307524400000005,31506.016513802,2338.348,-2.5367,6.4725,,20,No
2025-03,2025,Prima,1,34.1049097,31399.269539178,2338.126,-1.9212,6.4852380952381,,21,No
2025-04,2025,Prima,1,34.174622,31480.575454149,2338.037,-1.532,6.604,,22,No
2025-05,2025,Prima,1,34.303231000000004,31803.117972829,2338.787,-2.2377,6.48666666666667,,22,No
2025-06,2025,Prima,1,35.0544098,32629.64188137,2339.871,-0.8262,6.41190476190476,,21,No
2025-07,2025,Prima,1,35.500268500000004,33266.645524771,2341.423,1.2901,6.18745,,23,No
2025-08,2025,Prima,1,36.0039612,33852.755439208,2342.602,3.7808,6.01696,,21,No
2025-09,2025,Prima,1,36.5881294,34731.496145589,2343.615,4.5934,6.12590909090909,,22,No
2025-10,2025,Prima,1,36.4380477,34467.470729735,2347.203,4.0101,6.10583636363637,,23,No
2025-11,2025,Prima,1,36.7747092,33666.591302812,2353.88,3.5339,6.00445,,20,No
2025-12,2025,Prima,1,37.3248883,32482.939285037,2360.014,8.1046,5.82715789473684,,22,No
2010-01,2010,Prima,2,18.1823974,20436.2222829118,1081.566,29.9311,5.75655,72.886,20,No
2010-02,2010,Prima,2,18.3576784,20649.0104079371,1085.37,26.9829,6.09765,72.886,20,No
2010-03,2010,Prima,2,19.1531058,21722.7976818747,1088.878,30.1461,6.0925652173913,72.886,23,No
2010-04,2010,Prima,2,19.501806,22223.4984156402,1091.921,25.8986,5.9814,72.886,21,No
2010-05,2010,Prima,2,18.9562419,21544.1233770074,1095.486,18.0826,6.16133333333333,72.886,21,No
2010-06,2010,Prima,2,18.8380956,21425.6305400945,1098.912,14.096,6.3284,72.886,22,No
2010-07,2010,Prima,2,19.6516847,22455.3261492743,1102.005,14.3702,6.00815789473684,72.886,22,No
2010-08,2010,Prima,2,20.05983,23005.0953171727,1105.843,13.586,5.6217619047619,72.886,22,No
2010-09,2010,Prima,2,21.1558788,24590.7784978873,1110.105,13.1229,5.73390909090909,72.886,22,No
2010-10,2010,Prima,2,22.0202041,25815.1489702388,1114.877,15.7982,5.49245,72.886,21,No
2010-11,2010,Prima,2,22.0628982,26085.405123028,1119.86,16.9963,5.70457142857143,72.886,22,No
2010-12,2010,Prima,2,22.7997931,27147.7004665067,1124.457,18.6425,5.89795,72.886,23,No
2011-01,2011,Prima,2,22.2473866,26526.2159861003,1130.782,16.776,5.84628571428571,73.327,21,No
2011-02,2011,Prima,2,22.2792229,26615.6990497956,1137.508,19.4187,6.01595,73.327,20,No
2011-03,2011,Prima,2,21.9589026,26248.7574932717,1144.128,13.7245,6.35333612040134,73.327,23,No
2011-04,2011,Prima,2,21.5794562,25823.6913608103,1150.296,6.797,6.94410092633545,73.327,20,No
2011-05,2011,Prima,2,21.8584416,26235.1431807563,1155.621,10.8862,6.72250202228567,73.327,22,No
2011-06,2011,Prima,2,21.1245793,25278.7238303006,1162.141,8.6968,6.45763825900731,73.327,22,No
2011-07,2011,Prima,2,21.8671241,26336.9488410816,1167.864,8.0445,6.23626241920591,73.327,21,No
2011-08,2011,Prima,2,21.894314,26269.4886326128,1174.586,3.5257,5.92853521749067,73.327,23,No
2011-09,2011,Prima,2,20.2057482,24141.8718269021,1183.087,-0.7,5.62017803787122,73.327,22,No
2011-10,2011,Prima,2,21.3506109,25641.6210747061,1190.775,-8.8938,5.72483222108669,73.327,21,No
2011-11,2011,Prima,2,21.1311093,25502.7424992549,1197.344,-9.2246,5.66734322961868,73.327,22,No
2011-12,2011,Prima,2,20.977381,25321.606,1203.363,-11.3351,5.6953293398377,73.327,22,No
2012-01,2012,Prima,2,22.1126652,26989.2099285714,1210.9,-7.682,5.6877609398031,73.979,22,No
2012-02,2012,Prima,2,22.6028349,27714.5283962499,1218.476,-3.2175,5.55203643226112,73.979,21,No
2012-03,2012,Prima,2,22.7387601,28031.2907632583,1226.243,-0.9194,5.40746192764249,73.979,22,No
2012-04,2012,Prima,2,22.8396529,28264.8039172882,1233.016,1.8609,5.31709184145608,73.979,20,No
2012-05,2012,Prima,2,22.1704232,27423.6677455893,1240.832,-1.2538,5.1611689535073,73.979,23,No
2012-06,2012,Prima,2,22.5023138,27873.7831996053,1247.85,0.705,5.14383563093637,73.979,21,No
2012-07,2012,Prima,2,22.4160928,27766.2822881876,1255.94,0.9445,5.02354166666667,73.979,22,No
2012-08,2012,Prima,2,22.5868585,28078.1302445476,1264.085,1.8062,4.85419437482595,73.979,23,No
2012-09,2012,Prima,2,23.1994377,29065.4832721292,1274.635,4.4546,4.67659618205868,73.979,20,No
2012-10,2012,Prima,2,23.1522668,29101.2104214054,1294.342,8.5003,4.55363674242424,73.979,23,No
2012-11,2012,Prima,2,23.3430811,29455.9945162498,1319.174,7.2574,4.45981283452211,73.979,22,No
2012-12,2012,Prima,2,23.7928356,30221.1253962791,1339.18,9.4579,4.16331561657297,73.979,20,No
2013-01,2013,Prima,2,24.2615156,31066.8785951179,1365.938,9.0474,4.06750469795356,74.591,22,No
2013-02,2013,Prima,2,24.1547066,31119.4037421406,1390.039,5.1673,4.15190764118355,74.591,20,No
2013-03,2013,Prima,2,24.2712222,31379.4666708989,1416.353,4.2026,4.14838614187719,74.591,20,No
2013-04,2013,Prima,2,24.1194965,31228.7560915483,1443.911,3.3126,4.05634051937754,74.591,22,No
2013-05,2013,Prima,2,23.3620536,30378.8851796815,1471.296,5.1411,4.20181818181818,74.591,23,No
2013-06,2013,Prima,2,22.4937452,29460.9580522829,1476.493,0.2378,5.31946716260051,74.591,20,No
2013-07,2013,Prima,2,22.6807204,29904.5310136208,1477.894,-2.4013,5.26015228899572,74.591,23,No
2013-08,2013,Prima,2,22.3199064,29870.7937187055,1477.308,-2.6649,5.46271259667266,74.591,22,No
2013-09,2013,Prima,2,22.7546837,30619.3740989564,1477.358,-4.3503,5.60047619047619,74.591,21,No
2013-10,2013,Prima,2,23.2821833,31555.9002037275,1476.379,-3.8284,5.31727272727273,74.591,23,No
2013-11,2013,Prima,2,23.0263475,31434.8534871525,1475.667,-3.4522,5.467,74.591,21,No
2013-12,2013,Prima,2,23.3086244,32074.1563803048,1473.196,-5.1427,5.6055,74.591,21,No
2014-01,2014,Prima,2,22.9872816,31819.001656853,1469.115,-6.4413,5.72,75.26,22,No
2014-02,2014,Prima,2,23.3836604,32483.9332813611,1468.442,-8.0456,6.4255,75.26,20,No
2014-03,2014,Prima,2,23.4816373,32612.8370808411,1467.097,-6.8356,6.16490476190476,75.26,21,No
2014-04,2014,Prima,2,23.8648712,33273.0675632768,1466.526,-5.4903,5.951,75.26,21,No
2014-05,2014,Prima,2,24.0398432,33621.1906922803,1465.482,-3.7866,5.64095238095238,75.26,22,No
2014-06,2014,Prima,2,24.4715129,34354.8343637763,1465.058,2.6345,5.37238095238095,75.26,21,No
2014-07,2014,Prima,2,24.5060593,34501.227717318,1464.342,5.0288,5.177,75.26,23,No
2014-08,2014,Prima,2,25.0417973,35415.421273194,1463.763,6.2964,5.19790476190476,75.26,21,No
2014-09,2014,Prima,2,24.8175823,35286.1563729471,1462.728,7.583,5.33545454545455,75.26,22,No
2014-10,2014,Prima,2,25.108951,35823.8021535645,1461.672,4.1809,5.35995454545454,75.26,23,No
2014-11,2014,Prima,2,25.2613039,36196.1371537096,1461.026,5.4201,5.43935,75.26,20,No
2014-12,2014,Prima,2,25.3069938,36415.7529972408,1460.015,6.1866,5.35971428571429,75.26,22,No
2015-01,2015,Prima,2,25.6882264,36962.0755990783,1459.088,5.3602,5.2966,75.732,21,No
2015-02,2015,Prima,2,26.2318459,37876.8825212366,1458.244,9.7245,5.2855,75.732,20,No
2015-03,2015,Prima,2,25.9621074,37624.120003468,1457.713,7.8799,5.52668181818182,75.732,22,No
2015-04,2015,Prima,2,26.3597847,38363.8683269944,1456.873,8.7094,5.53809090909091,75.732,21,No
2015-05,2015,Prima,2,26.6007883,38852.4474606399,1455.922,7.2856,5.9019,75.732,21,No
2015-06,2015,Prima,2,26.4187153,38666.1851746251,1455.214,5.0191,6.17166666666667,75.732,22,No
2015-07,2015,Prima,2,26.3907431,38700.200321438,1454.99,3.6398,6.47165,75.732,23,No
2015-08,2015,Prima,2,25.4241953,37242.1647067515,1453.99,1.3344,6.66319047619047,75.732,21,No
2015-09,2015,Prima,2,24.8915458,36530.6773722108,1454.302,-3.7191,7.23577272727273,75.732,22,No
2015-10,2015,Prima,2,26.187919,38549.9876419851,1454.385,0.2297,7.01072727272727,75.732,22,No
2015-11,2015,Prima,2,26.7480877,39466.0689015436,1820.878,1.1686,6.69261904761905,75.732,21,No
2015-12,2015,Prima,2,26.3880206,39009.0606260238,1454.766,0.4876,6.70786363636364,75.732,22,No
2016-01,2016,Prima,2,25.8723799,38293.4349004306,1453.641,-2.6628,7.02015,75.951,20,No
2016-02,2016,Prima,2,26.3029558,39048.7408309318,1454.46,-4.9146,7.34585714285714,75.951,21,No
2016-03,2016,Prima,2,26.7223939,39747.2717711232,1453.682,-1.2314,7.139,75.951,23,No
2016-04,2016,Prima,2,27.3113688,40734.1944415612,1454.515,-1.6254,6.54485714285714,75.951,21,No
2016-05,2016,Prima,2,27.881704,41712.7810195713,1454.833,0.2421,6.26581818181818,75.951,22,No
2016-06,2016,Prima,2,27.4721633,40818.2086042253,1455.787,0.6759,6.08436363636364,75.951,22,No
2016-07,2016,Prima,2,28.6001547,42475.2289905629,1456.723,3.2868,5.75652380952381,75.951,21,No
2016-08,2016,Prima,2,29.0566297,43138.7864370469,1458.394,7.3479,5.63617391304348,75.951,23,No
2016-09,2016,Prima,2,29.2445275,43221.222453717,1460.944,12.4819,5.79354545454546,75.951,22,No
2016-10,2016,Prima,2,29.184521,43018.5527606455,1462.357,10.2416,5.77085714285714,75.951,21,No
2016-11,2016,Prima,2,28.964282,42701.2217235967,1463.85,5.9733,6.30986363636364,75.951,22,No
2016-12,2016,Prima,2,29.0295256,42844.8756009073,1465.257,6.7272,6.44685714285714,75.951,22,No
2017-01,2017,Prima,2,29.122881,42914.9036378155,1467.356,10.0911,6.35095454545454,75.958,22,No
2017-02,2017,Prima,2,29.2762524,43108.4811151728,1467.155,9.299,6.26035,75.958,20,No
2017-03,2017,Prima,2,29.686527,43658.8805266655,1469.395,6.0428,6.09739130434783,75.958,23,No
2017-04,2017,Prima,2,29.9965852,44217.2751449565,1471.008,6.35,5.87055555555556,75.958,20,No
2017-05,2017,Prima,2,30.5865527,45108.7456640493,1472.347,7.453,5.71772727272727,75.958,23,No
2017-06,2017,Prima,2,30.7367004,45349.5406497025,1498.151,8.7785,5.57905,75.958,22,No
2017-07,2017,Prima,2,31.113199,45977.5802406479,1527.129,6.946,5.65947368421053,75.958,21,No
2017-08,2017,Prima,2,31.2974997,46265.9392645647,1559.625,4.9581,5.46204347826087,75.958,23,No
2017-09,2017,Prima,2,32.0932351,47527.3995630103,1595.391,6.0227,5.34190476190476,75.958,21,No
2017-10,2017,Prima,2,32.5231972,48273.779848917,1619.12,8.5635,5.26331818181818,75.958,22,No
2017-11,2017,Prima,2,32.642942,48372.8022190543,1655.711,10.5511,5.2997619047619,75.958,22,No
2017-12,2017,Prima,2,32.9680019,48836.0586897794,1683.034,10.6538,5.24947368421053,75.958,20,No
2018-01,2018,Prima,2,34.0524452,50462.02152,1726.049,14.0974,4.81809523809524,76.018,22,No
2018-02,2018,Prima,2,33.7039316,49917.9219804917,1764.39,13.7605,4.7945,76.018,20,No
2018-03,2018,Prima,2,33.3872032,49455.5860015474,1800.67,13.3966,4.845,76.018,22,No
2018-04,2018,Prima,2,33.4302819,49636.7766932066,1834.791,11.6047,5.0242,76.018,21,No
2018-05,2018,Prima,2,32.911339,48854.5186410268,1870.495,8.1316,5.47227272727273,76.018,23,No
2018-06,2018,Prima,2,32.6730683,48385.8506633618,1905.642,5.4291,5.6626,76.018,21,No
2018-07,2018,Prima,2,33.4491468,49551.5618590148,1939.853,5.3264,5.48476190476191,76.018,22,No
2018-08,2018,Prima,2,33.2177046,49137.0190762533,1980.613,5.5652,5.4252380952381,76.018,23,No
2018-09,2018,Prima,2,33.3657934,49314.6198046264,2019.228,3.3691,5.5175,76.018,20,No
2018-10,2018,Prima,2,32.2629153,47570.6423325603,2058.775,-1.0007,5.73181818181818,76.018,23,No
2018-11,2018,Prima,2,32.9341316,48412.1863348145,2098.594,-1.7549,5.727,76.018,22,No
2018-12,2018,Prima,2,32.3619125,47451.9020136419,2131.744,-3.0145,5.74363157894737,76.018,20,No
2019-01,2019,Prima,2,33.3948155,49012.693978151,2181.105,-4.7104,5.58772727272727,76.275,22,No
2019-02,2019,Prima,2,33.7087364,49583.3565968902,2220.824,-2.1251,5.4945,76.275,20,No
2019-03,2019,Prima,2,34.1500364,50305.94888,2260.041,-1.0198,5.29923809523809,76.275,21,No
2019-04,2019,Prima,2,34.5985251,51001.8700837836,2260.041,0.8083,5.2158,76.275,22,No
2019-05,2019,Prima,2,34.287785,50283.611096552,2330.531,0.5645,5.13735454545455,76.275,23,No
2019-06,2019,Prima,2,35.0468683,51284.6104648063,2334.751,3.2182,4.81719,76.275,20,No
2019-07,2019,Prima,2,35.45042,51804.0882477163,2337.654,5.1346,4.4401,76.275,23,No
2019-08,2019,Prima,2,35.5175493,51778.5318709261,2341.047,4.1881,4.228985,76.275,22,No
2019-09,2019,Prima,2,35.7661807,52119.4202188437,2343.978,5.556,4.15212380952381,76.275,21,No
2019-10,2019,Prima,2,36.2119282,52762.0321329515,2347.826,8.1912,4.07454285714286,76.275,23,No
2019-11,2019,Prima,2,36.3220226,52870.1225525854,2347.826,9.1454,4.23969,76.275,21,No
2019-12,2019,Prima,2,36.8806366,53750.803019802,2355.005,10.9687,4.3559380952381,76.275,21,No
2020-01,2020,Prima,2,37.06238,53975.711772757,2357.827,10.8083,4.50230909090909,73.832,22,No
2020-02,2020,Prima,2,36.1829806,52648.4905968134,2360.478,8.9721,4.258095,73.832,20,No
2020-03,2020,Prima,2,32.0054076,46466.0074693419,2363.253,-3.5305,5.08725909090909,73.832,22,No
2020-04,2020,Prima,2,33.0214695,46706.6068738738,2363.253,-7.622,5.0255,73.832,22,No
2020-05,2020,Prima,2,34.4305623,47518.48012754,2365.074,-3.1189,4.4295,73.832,21,No
2020-06,2020,Prima,2,35.3398596,45892.349184523,2364.85,0.0002,4.39,73.832,22,No
2020-07,2020,Prima,2,36.5344889,45501.491960387,2364.636,-0.1897,4.24045454545455,73.832,23,No
2020-08,2020,Prima,2,37.0016396,46067.191391419,2364.042,2.5509,4.06714285714286,73.832,21,No
2020-09,2020,Prima,2,36.7882673,45819.520414021,2362.994,1.3842,4.18681818181818,73.832,22,No
2020-10,2020,Prima,2,36.7864762,45843.396678628,2361.155,1.2964,4.20545454545454,73.832,22,No
2020-11,2020,Prima,2,39.1158062,48516.663366969,2360.405,3.3162,4.01450476190476,73.832,21,No
2020-12,2020,Prima,2,40.5138126,49352.794367007,2360.161,6.785,3.63264285714286,73.832,22,No
2021-01,2021,Prima,2,40.9084382,49124.472518926,2359.172,7.7816,3.658,71.596,20,No
2021-02,2021,Prima,2,41.120665900000006,48523.534012985,2358.189,9.3017,3.9115,71.596,20,No
2021-03,2021,Prima,2,40.5872031,47773.475326135,2356.721,19.3459,4.68608695652174,71.596,23,No
2021-04,2021,Prima,2,40.4007623,47335.601904022,2355.931,21.8846,5.09,71.596,22,No
2021-05,2021,Prima,2,41.7059709,48555.289691204,2354.819,18.3278,4.99,71.596,21,No
2021-06,2021,Prima,2,41.0852464,46698.746029399,2353.808,13.4621,5.27323809523809,71.596,22,No
2021-07,2021,Prima,2,40.8668909,42495.597469467,2352.358,9.0981,5.6647,71.596,22,No
2021-08,2021,Prima,2,40.9843978,38720.479980998,2352.077,4.3911,6.35523809523809,71.596,22,No
2021-09,2021,Prima,2,41.0926028,38368.2807659752,2351.087,6.13,6.34227272727273,71.596,22,No
2021-10,2021,Prima,2,42.1945204,39239.8244787737,2350.201,6.1717,5.9495,71.596,21,No
2021-11,2021,Prima,2,42.4765424,39505.711881732,2349.583,4.9557,5.86571428571429,71.596,22,No
2021-12,2021,Prima,2,42.5946076,39758.9591370895,2349.901,-0.0754,5.92563636363636,71.596,23,No
2022-01,2022,Prima,2,42.059899400000006,39486.291252323,2349.574,-2.4594,6.07457142857143,76.834,21,No
2022-02,2022,Prima,2,41.8232768,39415.882308727,2349.373,-5.1861,6.071,76.834,20,No
2022-03,2022,Prima,2,41.32722759999999,39138.2984261352,2349.153,-5.3916,6.59782608695652,76.834,23,No
2022-04,2022,Prima,2,39.9350645,38116.343093772,2348.976,-7.3143,7.37315789473684,76.834,21,No
2022-05,2022,Prima,2,39.2042679,37429.7405362894,2348.549,-12.4124,7.92363636363636,76.834,22,No
2022-06,2022,Prima,2,38.0613945,36446.6750911387,2347.956,-14.5448,7.858,76.834,22,No
2022-07,2022,Prima,2,38.4619829,35332.9153772582,2347.133,-14.6926,8.21631578947368,76.834,21,No
2022-08,2022,Prima,2,38.0155206,32802.1641335926,2346.805,-11.4387,7.90872727272727,76.834,23,No
2022-09,2022,Prima,2,37.2815634,30417.7319587316,2346.509,-15.2986,8.30590909090909,76.834,22,No
2022-10,2022,Prima,2,38.5951782,30732.4434684612,2345.808,-16.1372,8.64571428571429,76.834,21,No
2022-11,2022,Prima,2,40.2974122,31948.4793026058,2345.194,-15.0104,7.86476190476191,76.834,22,No
2022-12,2022,Prima,2,39.5468148,31498.7779810139,2344.701,-14.2715,7.8615,76.834,22,No
2023-01,2023,Prima,2,40.6299464,32482.004427378,2344.355,-11.808,7.95952380952381,77.74,22,No
2023-02,2023,Prima,2,40.0783048,32076.1893567886,2343.744,-12.5095,7.87935,77.74,20,No
2023-03,2023,Prima,2,40.7829176,32617.238396506,2343.011,-9.7663,7.71669565217391,77.74,23,No
2023-04,2023,Prima,2,40.8171375,32800.956236489,2342.878,-6.2607,7.48888888888889,77.74,20,No
2023-05,2023,Prima,2,40.7607842,32776.2452472143,2341.613,-4.7641,7.275,77.74,23,No
2023-06,2023,Prima,2,41.6089582,33576.8248945513,2341.661,1.2771,7.07380952380952,77.74,22,No
2023-07,2023,Prima,2,42.40204550000001,34372.0856006326,2341.977,2.5444,6.7555,77.74,21,No
2023-08,2023,Prima,2,42.3596138,34558.757113329,2342.061,3.8816,6.84409090909091,77.74,23,No
2023-09,2023,Prima,2,41.7966849,34336.1670199125,2342.21,4.8715,6.96857142857143,77.74,21,No
2023-10,2023,Prima,2,41.338359200000006,34161.633360885,2342.23,2.4421,7.62454545454545,77.74,22,No
2023-11,2023,Prima,2,42.1009362,34967.7012797602,2342.241,0.6055,7.17190476190476,77.74,22,No
2023-12,2023,Prima,2,43.6607097,36517.6887188211,2342.422,6.8746,6.86847368421053,77.74,20,No
2024-01,2024,Prima,2,44.5611326,37289.743220308,2342.6,5.7846,6.67952380952381,77.941,22,No
2024-02,2024,Prima,2,45.0359417,37890.1682241311,2342.636,8.1456,6.75380952380952,77.941,21,No
2024-03,2024,Prima,2,44.5731572,37746.5288524792,2342.454,5.5289,7.00578947368421,77.941,21,No
2024-04,2024,Prima,2,44.1108051,37474.5264603364,2342.31,4.9692,7.38204545454545,77.941,22,No
2024-05,2024,Prima,2,44.7621724,38393.322336795,2341.966,7.193,7.09540909090909,77.941,23,No
2024-06,2024,Prima,2,45.1234379,36247.939469221,2342.057,5.8553,7.08842105263158,77.941,20,No
2024-07,2024,Prima,2,45.046696700000005,33832.029397285,2342.454,3.5988,6.9725,77.941,23,No
2024-08,2024,Prima,2,44.9655886,32198.992384071,2342.229,3.5429,6.5835,77.941,22,No
2024-09,2024,Prima,2,45.2678074,31824.571572783,2341.483,6.8582,6.36185714285714,77.941,21,No
2024-10,2024,Prima,2,45.43241,31458.613917546,2341.056,7.075,6.52246818181818,77.941,23,No
2024-11,2024,Prima,2,45.9826252,31928.671993083,2340.452,6.2446,6.669,77.941,21,No
2024-12,2024,Prima,2,45.622371300000005,31811.054817025,2340.087,1.97,6.62515789473684,77.941,21,No
2025-01,2025,Prima,2,45.0875137,31662.338569505,2339.486,-0.6581,6.69,,22,No
2025-02,2025,Prima,2,44.5419477,31506.016513802,2338.348,-2.5367,6.4725,,20,No
2025-03,2025,Prima,2,44.2751556,31399.269539178,2338.126,-1.9212,6.4852380952381,,21,No
2025-04,2025,Prima,2,44.1515992,31480.575454149,2338.037,-1.532,6.604,,22,No
2025-05,2025,Prima,2,44.4986225,31803.117972829,2338.787,-2.2377,6.48666666666667,,22,No
2025-06,2025,Prima,2,45.5085387,32629.64188137,2339.871,-0.8262,6.41190476190476,,21,No
2025-07,2025,Prima,2,46.3985001,33266.645524771,2341.423,1.2901,6.18745,,23,No
2025-08,2025,Prima,2,47.1819247,33852.755439208,2342.602,3.7808,6.01696,,21,No
2025-09,2025,Prima,2,48.4639719,34731.496145589,2343.615,4.5934,6.12590909090909,,22,No
2025-10,2025,Prima,2,47.8930774,34467.470729735,2347.203,4.0101,6.10583636363637,,23,No
2025-11,2025,Prima,2,48.2591977,33666.591302812,2353.88,3.5339,6.00445,,20,No
2025-12,2025,Prima,2,50.0640347,32482.939285037,2360.014,8.1046,5.82715789473684,,22,No
2010-01,2010,Prima,3,23.6763043,20436.2222829118,1081.566,29.9311,5.75655,72.886,20,No
2010-02,2010,Prima,3,23.6536291,20649.0104079371,1085.37,26.9829,6.09765,72.886,20,No
2010-03,2010,Prima,3,25.5172049,21722.7976818747,1088.878,30.1461,6.0925652173913,72.886,23,No
2010-04,2010,Prima,3,26.2960834,22223.4984156402,1091.921,25.8986,5.9814,72.886,21,No
2010-05,2010,Prima,3,24.9300719,21544.1233770074,1095.486,18.0826,6.16133333333333,72.886,21,No
2010-06,2010,Prima,3,24.326984,21425.6305400945,1098.912,14.096,6.3284,72.886,22,No
2010-07,2010,Prima,3,25.6324903,22455.3261492743,1102.005,14.3702,6.00815789473684,72.886,22,No
2010-08,2010,Prima,3,26.3900635,23005.0953171727,1105.843,13.586,5.6217619047619,72.886,22,No
2010-09,2010,Prima,3,29.415215,24590.7784978873,1110.105,13.1229,5.73390909090909,72.886,22,No
2010-10,2010,Prima,3,31.3684437,25815.1489702388,1114.877,15.7982,5.49245,72.886,21,No
2010-11,2010,Prima,3,31.9749581,26085.405123028,1119.86,16.9963,5.70457142857143,72.886,22,No
2010-12,2010,Prima,3,33.7160398,27147.7004665067,1124.457,18.6425,5.89795,72.886,23,No
2011-01,2011,Prima,3,32.3859136,26526.2159861003,1130.782,16.776,5.84628571428571,73.327,21,No
2011-02,2011,Prima,3,32.3037754,26615.6990497956,1137.508,19.4187,6.01595,73.327,20,No
2011-03,2011,Prima,3,31.5108855,26248.7574932717,1144.128,13.7245,6.35333612040134,73.327,23,No
2011-04,2011,Prima,3,30.6175351,25823.6913608103,1150.296,6.797,6.94410092633545,73.327,20,No
2011-05,2011,Prima,3,30.8636588,26235.1431807563,1155.621,10.8862,6.72250202228567,73.327,22,No
2011-06,2011,Prima,3,28.6609241,25278.7238303006,1162.141,8.6968,6.45763825900731,73.327,22,No
2011-07,2011,Prima,3,30.1689141,26336.9488410816,1167.864,8.0445,6.23626241920591,73.327,21,No
2011-08,2011,Prima,3,29.1633516,26269.4886326128,1174.586,3.5257,5.92853521749067,73.327,23,No
2011-09,2011,Prima,3,25.7105286,24141.8718269021,1183.087,-0.7,5.62017803787122,73.327,22,No
2011-10,2011,Prima,3,27.5532568,25641.6210747061,1190.775,-8.8938,5.72483222108669,73.327,21,No
2011-11,2011,Prima,3,27.1330473,25502.7424992549,1197.344,-9.2246,5.66734322961868,73.327,22,No
2011-12,2011,Prima,3,26.5581242,25321.606,1203.363,-11.3351,5.6953293398377,73.327,22,No
2012-01,2012,Prima,3,29.1319896,26989.2099285714,1210.9,-7.682,5.6877609398031,73.979,22,No
2012-02,2012,Prima,3,29.9305911,27714.5283962499,1218.476,-3.2175,5.55203643226112,73.979,21,No
2012-03,2012,Prima,3,30.4303473,28031.2907632583,1226.243,-0.9194,5.40746192764249,73.979,22,No
2012-04,2012,Prima,3,30.3729725,28264.8039172882,1233.016,1.8609,5.31709184145608,73.979,20,No
2012-05,2012,Prima,3,28.6557907,27423.6677455893,1240.832,-1.2538,5.1611689535073,73.979,23,No
2012-06,2012,Prima,3,28.8040313,27873.7831996053,1247.85,0.705,5.14383563093637,73.979,21,No
2012-07,2012,Prima,3,28.1722655,27766.2822881876,1255.94,0.9445,5.02354166666667,73.979,22,No
2012-08,2012,Prima,3,28.3155113,28078.1302445476,1264.085,1.8062,4.85419437482595,73.979,23,No
2012-09,2012,Prima,3,29.62144,29065.4832721292,1274.635,4.4546,4.67659618205868,73.979,20,No
2012-10,2012,Prima,3,29.2995815,29101.2104214054,1294.342,8.5003,4.55363674242424,73.979,23,No
2012-11,2012,Prima,3,29.4476449,29455.9945162498,1319.174,7.2574,4.45981283452211,73.979,22,No
2012-12,2012,Prima,3,30.1830334,30221.1253962791,1339.18,9.4579,4.16331561657297,73.979,20,No
2013-01,2013,Prima,3,31.2442407,31066.8785951179,1365.938,9.0474,4.06750469795356,74.591,22,No
2013-02,2013,Prima,3,31.1996747,31119.4037421406,1390.039,5.1673,4.15190764118355,74.591,20,No
2013-03,2013,Prima,3,31.1958762,31379.4666708989,1416.353,4.2026,4.14838614187719,74.591,20,No
2013-04,2013,Prima,3,30.3941994,31228.7560915483,1443.911,3.3126,4.05634051937754,74.591,22,No
2013-05,2013,Prima,3,29.2177133,30378.8851796815,1471.296,5.1411,4.20181818181818,74.591,23,No
2013-06,2013,Prima,3,28.184064,29460.9580522829,1476.493,0.2378,5.31946716260051,74.591,20,No
2013-07,2013,Prima,3,28.2297319,29904.5310136208,1477.894,-2.4013,5.26015228899572,74.591,23,No
2013-08,2013,Prima,3,28.1822267,29870.7937187055,1477.308,-2.6649,5.46271259667266,74.591,22,No
2013-09,2013,Prima,3,28.3179109,30619.3740989564,1477.358,-4.3503,5.60047619047619,74.591,21,No
2013-10,2013,Prima,3,29.2208903,31555.9002037275,1476.379,-3.8284,5.31727272727273,74.591,23,No
2013-11,2013,Prima,3,28.8066366,31434.8534871525,1475.667,-3.4522,5.467,74.591,21,No
2013-12,2013,Prima,3,29.5646748,32074.1563803048,1473.196,-5.1427,5.6055,74.591,21,No
2014-01,2014,Prima,3,29.0185991,31819.001656853,1469.115,-6.4413,5.72,75.26,22,No
2014-02,2014,Prima,3,29.4991117,32483.9332813611,1468.442,-8.0456,6.4255,75.26,20,No
2014-03,2014,Prima,3,29.1631764,32612.8370808411,1467.097,-6.8356,6.16490476190476,75.26,21,No
2014-04,2014,Prima,3,29.8668564,33273.0675632768,1466.526,-5.4903,5.951,75.26,21,No
2014-05,2014,Prima,3,30.0014388,33621.1906922803,1465.482,-3.7866,5.64095238095238,75.26,22,No
2014-06,2014,Prima,3,30.5887947,34354.8343637763,1465.058,2.6345,5.37238095238095,75.26,21,No
2014-07,2014,Prima,3,30.4966693,34501.227717318,1464.342,5.0288,5.177,75.26,23,No
2014-08,2014,Prima,3,31.2553955,35415.421273194,1463.763,6.2964,5.19790476190476,75.26,21,No
2014-09,2014,Prima,3,30.9536485,35286.1563729471,1462.728,7.583,5.33545454545455,75.26,22,No
2014-10,2014,Prima,3,31.0197572,35823.8021535645,1461.672,4.1809,5.35995454545454,75.26,23,No
2014-11,2014,Prima,3,31.2617687,36196.1371537096,1461.026,5.4201,5.43935,75.26,20,No
2014-12,2014,Prima,3,31.312474,36415.7529972408,1460.015,6.1866,5.35971428571429,75.26,22,No
2015-01,2015,Prima,3,31.226838,36962.0755990783,1459.088,5.3602,5.2966,75.732,21,No
2015-02,2015,Prima,3,32.0953234,37876.8825212366,1458.244,9.7245,5.2855,75.732,20,No
2015-03,2015,Prima,3,31.7572698,37624.120003468,1457.713,7.8799,5.52668181818182,75.732,22,No
2015-04,2015,Prima,3,32.3255946,38363.8683269944,1456.873,8.7094,5.53809090909091,75.732,21,No
2015-05,2015,Prima,3,32.726347,38852.4474606399,1455.922,7.2856,5.9019,75.732,21,No
2015-06,2015,Prima,3,32.4594487,38666.1851746251,1455.214,5.0191,6.17166666666667,75.732,22,No
2015-07,2015,Prima,3,32.2260271,38700.200321438,1454.99,3.6398,6.47165,75.732,23,No
2015-08,2015,Prima,3,30.2361924,37242.1647067515,1453.99,1.3344,6.66319047619047,75.732,21,No
2015-09,2015,Prima,3,29.3842547,36530.6773722108,1454.302,-3.7191,7.23577272727273,75.732,22,No
2015-10,2015,Prima,3,31.3355312,38549.9876419851,1454.385,0.2297,7.01072727272727,75.732,22,No
2015-11,2015,Prima,3,32.1439259,39466.0689015436,1820.878,1.1686,6.69261904761905,75.732,21,No
2015-12,2015,Prima,3,31.448801,39009.0606260238,1454.766,0.4876,6.70786363636364,75.732,22,No
2016-01,2016,Prima,3,30.1238551,38293.4349004306,1453.641,-2.6628,7.02015,75.951,20,No
2016-02,2016,Prima,3,30.5855059,39048.7408309318,1454.46,-4.9146,7.34585714285714,75.951,21,No
2016-03,2016,Prima,3,31.2560759,39747.2717711232,1453.682,-1.2314,7.139,75.951,23,No
2016-04,2016,Prima,3,31.9780866,40734.1944415612,1454.515,-1.6254,6.54485714285714,75.951,21,No
2016-05,2016,Prima,3,32.9533916,41712.7810195713,1454.833,0.2421,6.26581818181818,75.951,22,No
2016-06,2016,Prima,3,31.5304337,40818.2086042253,1455.787,0.6759,6.08436363636364,75.951,22,No
2016-07,2016,Prima,3,33.4467409,42475.2289905629,1456.723,3.2868,5.75652380952381,75.951,21,No
2016-08,2016,Prima,3,34.2533478,43138.7864370469,1458.394,7.3479,5.63617391304348,75.951,23,No
2016-09,2016,Prima,3,34.3474824,43221.222453717,1460.944,12.4819,5.79354545454546,75.951,22,No
2016-10,2016,Prima,3,34.221601,43018.5527606455,1462.357,10.2416,5.77085714285714,75.951,21,No
2016-11,2016,Prima,3,34.2717749,42701.2217235967,1463.85,5.9733,6.30986363636364,75.951,22,No
2016-12,2016,Prima,3,34.5903387,42844.8756009073,1465.257,6.7272,6.44685714285714,75.951,22,No
2017-01,2017,Prima,3,34.0243866,42914.9036378155,1467.356,10.0911,6.35095454545454,75.958,22,No
2017-02,2017,Prima,3,34.096552,43108.4811151728,1467.155,9.299,6.26035,75.958,20,No
2017-03,2017,Prima,3,34.3969327,43658.8805266655,1469.395,6.0428,6.09739130434783,75.958,23,No
2017-04,2017,Prima,3,34.8048842,44217.2751449565,1471.008,6.35,5.87055555555556,75.958,20,No
2017-05,2017,Prima,3,35.5969484,45108.7456640493,1472.347,7.453,5.71772727272727,75.958,23,No
2017-06,2017,Prima,3,35.7374376,45349.5406497025,1498.151,8.7785,5.57905,75.958,22,No
2017-07,2017,Prima,3,36.2653247,45977.5802406479,1527.129,6.946,5.65947368421053,75.958,21,No
2017-08,2017,Prima,3,36.4293276,46265.9392645647,1559.625,4.9581,5.46204347826087,75.958,23,No
2017-09,2017,Prima,3,38.0945241,47527.3995630103,1595.391,6.0227,5.34190476190476,75.958,21,No
2017-10,2017,Prima,3,39.389259,48273.779848917,1619.12,8.5635,5.26331818181818,75.958,22,No
2017-11,2017,Prima,3,39.0721243,48372.8022190543,1655.711,10.5511,5.2997619047619,75.958,22,No
2017-12,2017,Prima,3,39.2559797,48836.0586897794,1683.034,10.6538,5.24947368421053,75.958,20,No
2018-01,2018,Prima,3,40.5780218,50462.02152,1726.049,14.0974,4.81809523809524,76.018,22,No
2018-02,2018,Prima,3,39.7399149,49917.9219804917,1764.39,13.7605,4.7945,76.018,20,No
2018-03,2018,Prima,3,39.1753652,49455.5860015474,1800.67,13.3966,4.845,76.018,22,No
2018-04,2018,Prima,3,39.9525989,49636.7766932066,1834.791,11.6047,5.0242,76.018,21,No
2018-05,2018,Prima,3,39.381572,48854.5186410268,1870.495,8.1316,5.47227272727273,76.018,23,No
2018-06,2018,Prima,3,38.5021775,48385.8506633618,1905.642,5.4291,5.6626,76.018,21,No
2018-07,2018,Prima,3,39.6560896,49551.5618590148,1939.853,5.3264,5.48476190476191,76.018,22,No
2018-08,2018,Prima,3,39.0403477,49137.0190762533,1980.613,5.5652,5.4252380952381,76.018,23,No
2018-09,2018,Prima,3,39.1373155,49314.6198046264,2019.228,3.3691,5.5175,76.018,20,No
2018-10,2018,Prima,3,37.370989,47570.6423325603,2058.775,-1.0007,5.73181818181818,76.018,23,No
2018-11,2018,Prima,3,38.3200301,48412.1863348145,2098.594,-1.7549,5.727,76.018,22,No
2018-12,2018,Prima,3,36.9921943,47451.9020136419,2131.744,-3.0145,5.74363157894737,76.018,20,No
2019-01,2019,Prima,3,38.5506255,49012.693978151,2181.105,-4.7104,5.58772727272727,76.275,22,No
2019-02,2019,Prima,3,38.9758394,49583.3565968902,2220.824,-2.1251,5.4945,76.275,20,No
2019-03,2019,Prima,3,39.4204966,50305.94888,2260.041,-1.0198,5.29923809523809,76.275,21,No
2019-04,2019,Prima,3,39.6685903,51001.8700837836,2260.041,0.8083,5.2158,76.275,22,No
2019-05,2019,Prima,3,38.2927606,50283.611096552,2330.531,0.5645,5.13735454545455,76.275,23,No
2019-06,2019,Prima,3,38.9427486,51284.6104648063,2334.751,3.2182,4.81719,76.275,20,No
2019-07,2019,Prima,3,38.9363343,51804.0882477163,2337.654,5.1346,4.4401,76.275,23,No
2019-08,2019,Prima,3,38.2315648,51778.5318709261,2341.047,4.1881,4.228985,76.275,22,No
2019-09,2019,Prima,3,38.6732852,52119.4202188437,2343.978,5.556,4.15212380952381,76.275,21,No
2019-10,2019,Prima,3,39.2127366,52762.0321329515,2347.826,8.1912,4.07454285714286,76.275,23,No
2019-11,2019,Prima,3,39.2166531,52870.1225525854,2347.826,9.1454,4.23969,76.275,21,No
2019-12,2019,Prima,3,40.0013853,53750.803019802,2355.005,10.9687,4.3559380952381,76.275,21,No
2020-01,2020,Prima,3,39.7586,53975.711772757,2357.827,10.8083,4.50230909090909,73.832,22,No
2020-02,2020,Prima,3,38.0222606,52648.4905968134,2360.478,8.9721,4.258095,73.832,20,No
2020-03,2020,Prima,3,32.4407875,46466.0074693419,2363.253,-3.5305,5.08725909090909,73.832,22,No
2020-04,2020,Prima,3,32.6827822,46706.6068738738,2363.253,-7.622,5.0255,73.832,22,No
2020-05,2020,Prima,3,33.780406,47518.48012754,2365.074,-3.1189,4.4295,73.832,21,No
2020-06,2020,Prima,3,35.6816728,45892.349184523,2364.85,0.0002,4.39,73.832,22,No
2020-07,2020,Prima,3,36.5664457,45501.491960387,2364.636,-0.1897,4.24045454545455,73.832,23,No
2020-08,2020,Prima,3,37.1934127,46067.191391419,2364.042,2.5509,4.06714285714286,73.832,21,No
2020-09,2020,Prima,3,37.1783474,45819.520414021,2362.994,1.3842,4.18681818181818,73.832,22,No
2020-10,2020,Prima,3,36.8003317,45843.396678628,2361.155,1.2964,4.20545454545454,73.832,22,No
2020-11,2020,Prima,3,39.8943006,48516.663366969,2360.405,3.3162,4.01450476190476,73.832,21,No
2020-12,2020,Prima,3,41.5522528,49352.794367007,2360.161,6.785,3.63264285714286,73.832,22,No
2021-01,2021,Prima,3,43.0758726,49124.472518926,2359.172,7.7816,3.658,71.596,20,No
2021-02,2021,Prima,3,44.6992685,48523.534012985,2358.189,9.3017,3.9115,71.596,20,No
2021-03,2021,Prima,3,44.2959386,47773.475326135,2356.721,19.3459,4.68608695652174,71.596,23,No
2021-04,2021,Prima,3,43.3559491,47335.601904022,2355.931,21.8846,5.09,71.596,22,No
2021-05,2021,Prima,3,45.4298801,48555.289691204,2354.819,18.3278,4.99,71.596,21,No
2021-06,2021,Prima,3,44.6414467,46698.746029399,2353.808,13.4621,5.27323809523809,71.596,22,No
2021-07,2021,Prima,3,44.5542176,42495.597469467,2352.358,9.0981,5.6647,71.596,22,No
2021-08,2021,Prima,3,44.825822200000005,38720.479980998,2352.077,4.3911,6.35523809523809,71.596,22,No
2021-09,2021,Prima,3,45.7555832,38368.2807659752,2351.087,6.13,6.34227272727273,71.596,22,No
2021-10,2021,Prima,3,48.3428954,39239.8244787737,2350.201,6.1717,5.9495,71.596,21,No
2021-11,2021,Prima,3,48.7724195,39505.711881732,2349.583,4.9557,5.86571428571429,71.596,22,No
2021-12,2021,Prima,3,48.7267933,39758.9591370895,2349.901,-0.0754,5.92563636363636,71.596,23,No
2022-01,2022,Prima,3,49.3770177,39486.291252323,2349.574,-2.4594,6.07457142857143,76.834,21,No
2022-02,2022,Prima,3,49.6156664,39415.882308727,2349.373,-5.1861,6.071,76.834,20,No
2022-03,2022,Prima,3,49.4986055,39138.2984261352,2349.153,-5.3916,6.59782608695652,76.834,23,No
2022-04,2022,Prima,3,48.2011413,38116.343093772,2348.976,-7.3143,7.37315789473684,76.834,21,No
2022-05,2022,Prima,3,44.8154797,37429.7405362894,2348.549,-12.4124,7.92363636363636,76.834,22,No
2022-06,2022,Prima,3,42.6691714,36446.6750911387,2347.956,-14.5448,7.858,76.834,22,No
2022-07,2022,Prima,3,43.6753275,35332.9153772582,2347.133,-14.6926,8.21631578947368,76.834,21,No
2022-08,2022,Prima,3,42.3050076,32802.1641335926,2346.805,-11.4387,7.90872727272727,76.834,23,No
2022-09,2022,Prima,3,42.2688471,30417.7319587316,2346.509,-15.2986,8.30590909090909,76.834,22,No
2022-10,2022,Prima,3,43.8433276,30732.4434684612,2345.808,-16.1372,8.64571428571429,76.834,21,No
2022-11,2022,Prima,3,44.808097,31948.4793026058,2345.194,-15.0104,7.86476190476191,76.834,22,No
2022-12,2022,Prima,3,43.9222487,31498.7779810139,2344.701,-14.2715,7.8615,76.834,22,No
2023-01,2023,Prima,3,45.4536129,32482.004427378,2344.355,-11.808,7.95952380952381,77.74,22,No
2023-02,2023,Prima,3,44.3195471,32076.1893567886,2343.744,-12.5095,7.87935,77.74,20,No
2023-03,2023,Prima,3,43.9989625,32617.238396506,2343.011,-9.7663,7.71669565217391,77.74,23,No
2023-04,2023,Prima,3,44.0782688,32800.956236489,2342.878,-6.2607,7.48888888888889,77.74,20,No
2023-05,2023,Prima,3,43.0852865,32776.2452472143,2341.613,-4.7641,7.275,77.74,23,No
2023-06,2023,Prima,3,43.6272188,33576.8248945513,2341.661,1.2771,7.07380952380952,77.74,22,No
2023-07,2023,Prima,3,44.7057975,34372.0856006326,2341.977,2.5444,6.7555,77.74,21,No
2023-08,2023,Prima,3,44.7363509,34558.757113329,2342.061,3.8816,6.84409090909091,77.74,23,No
2023-09,2023,Prima,3,44.7551371,34336.1670199125,2342.21,4.8715,6.96857142857143,77.74,21,No
2023-10,2023,Prima,3,43.9609034,34161.633360885,2342.23,2.4421,7.62454545454545,77.74,22,No
2023-11,2023,Prima,3,44.1944243,34967.7012797602,2342.241,0.6055,7.17190476190476,77.74,22,No
2023-12,2023,Prima,3,46.3114318,36517.6887188211,2342.422,6.8746,6.86847368421053,77.74,20,No
2024-01,2024,Prima,3,47.8346908,37289.743220308,2342.6,5.7846,6.67952380952381,77.941,22,No
2024-02,2024,Prima,3,49.2416759,37890.1682241311,2342.636,8.1456,6.75380952380952,77.941,21,No
2024-03,2024,Prima,3,48.9356155,37746.5288524792,2342.454,5.5289,7.00578947368421,77.941,21,No
2024-04,2024,Prima,3,48.1072242,37474.5264603364,2342.31,4.9692,7.38204545454545,77.941,22,No
2024-05,2024,Prima,3,49.1942328,38393.322336795,2341.966,7.193,7.09540909090909,77.941,23,No
2024-06,2024,Prima,3,49.398632500000005,36247.939469221,2342.057,5.8553,7.08842105263158,77.941,20,No
2024-07,2024,Prima,3,48.5966032,33832.029397285,2342.454,3.5988,6.9725,77.941,23,No
2024-08,2024,Prima,3,45.9009229,32198.992384071,2342.229,3.5429,6.5835,77.941,22,No
2024-09,2024,Prima,3,45.9759973,31824.571572783,2341.483,6.8582,6.36185714285714,77.941,21,No
2024-10,2024,Prima,3,46.5901021,31458.613917546,2341.056,7.075,6.52246818181818,77.941,23,No
2024-11,2024,Prima,3,46.942187,31928.671993083,2340.452,6.2446,6.669,77.941,21,No
2024-12,2024,Prima,3,46.110320300000005,31811.054817025,2340.087,1.97,6.62515789473684,77.941,21,No
2025-01,2025,Prima,3,45.5790084,31662.338569505,2339.486,-0.6581,6.69,,22,No
2025-02,2025,Prima,3,44.4042285,31506.016513802,2338.348,-2.5367,6.4725,,20,No
2025-03,2025,Prima,3,43.98332860000001,31399.269539178,2338.126,-1.9212,6.4852380952381,,21,No
2025-04,2025,Prima,3,43.386014,31480.575454149,2338.037,-1.532,6.604,,22,No
2025-05,2025,Prima,3,44.13619800000001,31803.117972829,2338.787,-2.2377,6.48666666666667,,22,No
2025-06,2025,Prima,3,45.3452654,32629.64188137,2339.871,-0.8262,6.41190476190476,,21,No
2025-07,2025,Prima,3,46.3471218,33266.645524771,2341.423,1.2901,6.18745,,23,No
2025-08,2025,Prima,3,47.1093064,33852.755439208,2342.602,3.7808,6.01696,,21,No
2025-09,2025,Prima,3,49.1462004,34731.496145589,2343.615,4.5934,6.12590909090909,,22,No
2025-10,2025,Prima,3,48.8178668,34467.470729735,2347.203,4.0101,6.10583636363637,,23,No
2025-11,2025,Prima,3,49.3487334,33666.591302812,2353.88,3.5339,6.00445,,20,No
2025-12,2025,Prima,3,52.306358,32482.939285037,2360.014,8.1046,5.82715789473684,,22,No
2016-04,2016,Profuturo,0,10.0325002,33909.3172784717,1816.791,-2.3147,6.54485714285714,75.951,21,No
2016-05,2016,Profuturo,0,10.0761459,34453.3649642667,1816.235,-1.0266,6.26581818181818,75.951,22,No
2016-06,2016,Profuturo,0,10.1159192,33781.6471562705,1815.348,-0.8084,6.08436363636364,75.951,22,No
2016-07,2016,Profuturo,0,10.1554342,35000.2518523559,1814.346,1.675,5.75652380952381,75.951,21,No
2016-08,2016,Profuturo,0,10.1961396,35433.1737693382,1813.529,5.4429,5.63617391304348,75.951,23,No
2016-09,2016,Profuturo,0,10.2338567,35401.3790657822,1812.062,10.7121,5.79354545454546,75.951,22,No
2016-10,2016,Profuturo,0,10.2736365,35247.9534311268,1811.242,8.8304,5.77085714285714,75.951,21,No
2016-11,2016,Profuturo,0,10.3135332,35266.9299019489,1810.527,4.4127,6.30986363636364,75.951,22,No
2016-12,2016,Profuturo,0,10.3542657,35341.0228885973,1809.955,5.6856,6.44685714285714,75.951,22,No
2017-01,2017,Profuturo,0,10.4001962,35254.6010468731,1809.343,8.8196,6.35095454545454,75.958,22,No
2017-02,2017,Profuturo,0,10.4404144,35400.476617505,1808.841,7.8258,6.26035,75.958,20,No
2017-03,2017,Profuturo,0,10.4854538,35840.7404666243,1808.26,5.5268,6.09739130434783,75.958,23,No
2017-04,2017,Profuturo,0,10.5250545,36191.0841021176,1807.718,5.82,5.87055555555556,75.958,20,No
2017-05,2017,Profuturo,0,10.5712218,36979.4046336665,1807.374,7.6379,5.71772727272727,75.958,23,No
2017-06,2017,Profuturo,0,10.6121891,37096.7897132644,1806.83,8.9449,5.57905,75.958,22,No
2017-07,2017,Profuturo,0,10.6535891,37484.9004756764,1806.487,7.0169,5.65947368421053,75.958,21,No
2017-08,2017,Profuturo,0,10.6942616,37808.9014618174,1806.143,4.9942,5.46204347826087,75.958,23,No
2017-09,2017,Profuturo,0,10.731145,38752.2114291575,1806.067,5.967,5.34190476190476,75.958,21,No
2017-10,2017,Profuturo,0,10.7700527,39328.7622050043,1805.939,8.1452,5.26331818181818,75.958,22,No
2017-11,2017,Profuturo,0,10.8068448,39379.628771442,1805.44,9.7841,5.2997619047619,75.958,22,No
2017-12,2017,Profuturo,0,10.8428203,39679.7029819762,1805.113,9.1628,5.24947368421053,75.958,20,No
2018-01,2018,Profuturo,0,10.8838883,41051.28208,1804.698,12.5768,4.81809523809524,76.018,22,No
2018-02,2018,Profuturo,0,10.9163238,40522.870209469,1804.196,12.5043,4.7945,76.018,20,No
2018-03,2018,Profuturo,0,10.9505671,40218.6364958217,1803.638,12.6193,4.845,76.018,22,No
2018-04,2018,Profuturo,0,10.9841761,40322.5961672778,1803.265,10.8207,5.0242,76.018,21,No
2018-05,2018,Profuturo,0,11.0175278,39986.6505816664,1802.644,7.8946,5.47227272727273,76.018,23,No
2018-06,2018,Profuturo,0,11.0501239,39546.0659355208,1802.205,5.5749,5.6626,76.018,21,No
2018-07,2018,Profuturo,0,11.0861954,40426.8679909337,1801.67,5.4181,5.48476190476191,76.018,22,No
2018-08,2018,Profuturo,0,11.120575,40128.1593014069,1801.001,5.5721,5.4252380952381,76.018,23,No
2018-09,2018,Profuturo,0,11.1518246,40192.3217598198,1800.447,3.3784,5.5175,76.018,20,No
2018-10,2018,Profuturo,0,11.1898292,38812.5189762424,1799.798,-0.9379,5.73181818181818,76.018,23,No
2018-11,2018,Profuturo,0,11.2245631,39615.1416819171,1798.632,-1.8326,5.727,76.018,22,No
2018-12,2018,Profuturo,0,11.2624733,38824.1750805855,1797.524,-3.4205,5.74363157894737,76.018,20,No
2019-01,2019,Profuturo,0,11.3024424,39950.3183625155,1794.183,-4.929,5.58772727272727,76.275,22,No
2019-02,2019,Profuturo,0,11.3395361,40221.1675381382,1792.602,-2.4523,5.4945,76.275,20,No
2019-03,2019,Profuturo,0,11.3789998,40800.71099,1792.093,-1.6505,5.29923809523809,76.275,21,No
2019-04,2019,Profuturo,0,11.4219969,41368.5270696716,1792.093,0.4531,5.2158,76.275,22,No
2019-05,2019,Profuturo,0,11.4637829,41049.378426199,1791.094,-0.105,5.13735454545455,76.275,23,No
2019-06,2019,Profuturo,0,11.5014269,41699.393689757,1790.482,2.264,4.81719,76.275,20,No
2019-07,2019,Profuturo,0,11.5484875,42042.6241260027,1789.661,4.2872,4.4401,76.275,23,No
2019-08,2019,Profuturo,0,11.5908109,42204.8156807509,1788.994,3.8488,4.228985,76.275,22,No
2019-09,2019,Profuturo,0,11.6302701,42440.5222822595,1788.245,5.2741,4.15212380952381,76.275,21,No
2019-10,2019,Profuturo,0,11.6703301,42915.1085483583,1787.4615,8.0687,4.07454285714286,76.275,23,Si
2019-11,2019,Profuturo,0,11.709754,43031.3362388896,1786.678,9.1587,4.23969,76.275,21,No
2019-12,2019,Profuturo,0,11.7507965,43552.7397304855,1772.352,10.8096,4.3559380952381,76.275,21,No
2020-01,2020,Profuturo,0,11.791172,43846.571031412,1771.172,10.8539,4.50230909090909,73.832,22,No
2020-02,2020,Profuturo,0,11.82347,42981.8249495515,1769.228,9.5387,4.258095,73.832,20,No
2020-03,2020,Profuturo,0,11.8662008,38668.010184646,1767.1,-1.2874,5.08725909090909,73.832,22,No
2020-04,2020,Profuturo,0,11.8993723,38585.4790060022,1767.1,-5.3335,5.0255,73.832,22,No
2020-05,2020,Profuturo,0,11.9299137,39380.449852306,1765.623,-1.1438,4.4295,73.832,21,No
2020-06,2020,Profuturo,0,11.9610821,37593.863710581,1765.579,1.7091,4.39,73.832,22,No
2020-07,2020,Profuturo,0,11.9900647,36995.820734747,1765.068,2.2926,4.24045454545455,73.832,23,No
2020-08,2020,Profuturo,0,12.0159022,37599.630521954,1764.492,4.9589,4.06714285714286,73.832,21,No
2020-09,2020,Profuturo,0,12.0405338,37499.100136192,1763.597,3.8195,4.18681818181818,73.832,22,No
2020-10,2020,Profuturo,0,12.0608312,37449.946087955,1762.523,4.1429,4.20545454545454,73.832,22,No
2020-11,2020,Profuturo,0,12.079534,39677.640829903,1761.641,5.7532,4.01450476190476,73.832,21,No
2020-12,2020,Profuturo,0,12.0962126,40384.333399253,1760.772,9.5744,3.63264285714286,73.832,22,No
2021-01,2021,Profuturo,0,12.1088752,39566.836278665,1759.953,10.4034,3.658,71.596,20,No
2021-02,2021,Profuturo,0,12.121449,39294.90908874,1759.265,11.802,3.9115,71.596,20,No
2021-03,2021,Profuturo,0,12.1323911,38782.220188992,1758.011,20.608,4.68608695652174,71.596,23,No
2021-04,2021,Profuturo,0,12.1402353,38552.615224713,1757.303,23.3155,5.09,71.596,22,No
2021-05,2021,Profuturo,0,12.1488807,39850.298393504,1756.623,20.2115,4.99,71.596,21,No
2021-06,2021,Profuturo,0,12.155929,38267.963325602,1755.526,15.77,5.27323809523809,71.596,22,No
2021-07,2021,Profuturo,0,12.1582261,35403.856431873,1754.676,10.4647,5.6647,71.596,22,No
2021-08,2021,Profuturo,0,12.1610542,32310.360735203,1753.986,4.9764,6.35523809523809,71.596,22,No
2021-09,2021,Profuturo,0,12.1599831,30286.2986334106,1753.426,6.919,6.34227272727273,71.596,22,No
2021-10,2021,Profuturo,0,12.1698201,30944.6871863037,1752.554,6.7747,5.9495,71.596,21,No
2021-11,2021,Profuturo,0,12.1823223,31085.97218364,1750.528,5.455,5.86571428571429,71.596,22,No
2021-12,2021,Profuturo,0,12.2067734,31236.545066398,1749.975,0.4823,5.92563636363636,71.596,23,No
2022-01,2022,Profuturo,0,12.2162768,30980.978663352,1749.579,-1.9442,6.07457142857143,76.834,21,No
2022-02,2022,Profuturo,0,12.2345318,30914.917600937,1749.304,-5.277,6.071,76.834,20,No
2022-03,2022,Profuturo,0,12.25501,30987.6301481316,1748.933,-5.1322,6.59782608695652,76.834,23,No
2022-04,2022,Profuturo,0,12.2804374,30210.532854353,1748.448,-7.3862,7.37315789473684,76.834,21,No
2022-05,2022,Profuturo,0,12.3361986,29218.3470558462,1747.832,-13.5983,7.92363636363636,76.834,22,No
2022-06,2022,Profuturo,0,12.382715,28428.2063862359,1747.356,-16.6084,7.858,76.834,22,No
2022-07,2022,Profuturo,0,12.4320432,27502.4611958978,1746.671,-16.2838,8.21631578947368,76.834,21,No
2022-08,2022,Profuturo,0,12.4963342,25353.2660650627,1745.949,-13.3764,7.90872727272727,76.834,23,No
2022-09,2022,Profuturo,0,12.5653057,23298.7319761592,1745.22,-17.39,8.30590909090909,76.834,22,No
2022-10,2022,Profuturo,0,12.6386093,23335.7849372136,1744.345,-16.4497,8.64571428571429,76.834,21,No
2022-11,2022,Profuturo,0,12.7110948,23852.6614615719,1743.458,-16.1924,7.86476190476191,76.834,22,No
2022-12,2022,Profuturo,0,12.7860096,23520.6078481537,1742.641,-16.4035,7.8615,76.834,22,No
2023-01,2023,Profuturo,0,12.8721752,24214.4240556824,1741.853,-13.5837,7.95952380952381,77.74,22,No
2023-02,2023,Profuturo,0,12.9543877,23763.0419109231,1741.27,-14.476,7.87935,77.74,20,No
2023-03,2023,Profuturo,0,13.0461144,23986.482914293,1740.288,-13.3492,7.71669565217391,77.74,23,No
2023-04,2023,Profuturo,0,13.1392329,23955.1375887637,1739.98,-10.5317,7.48888888888889,77.74,20,No
2023-05,2023,Profuturo,0,13.2448309,23913.8856277337,1738.721,-8.0377,7.275,77.74,23,No
2023-06,2023,Profuturo,0,13.3244449,24458.6335741728,1737.875,-2.1869,7.07380952380952,77.74,22,No
2023-07,2023,Profuturo,0,13.4297757,24937.7114096838,1736.914,-1.2015,6.7555,77.74,21,No
2023-08,2023,Profuturo,0,13.5143684,25026.408339273,1736.02,1.1468,6.84409090909091,77.74,23,No
2023-09,2023,Profuturo,0,13.6003384,24813.8709082199,1735.096,1.6624,6.96857142857143,77.74,21,No
2023-10,2023,Profuturo,0,13.7031432,24477.913339263,1734.16,-0.6705,7.62454545454545,77.74,22,No
2023-11,2023,Profuturo,0,13.7988717,24972.4879698797,1733.3,-0.0379,7.17190476190476,77.74,22,No
2023-12,2023,Profuturo,0,13.8931667,26030.9397531704,1732.304,6.5673,6.86847368421053,77.74,20,No
2024-01,2024,Profuturo,0,13.997729200000002,26414.0228648764,1731.503,5.8396,6.67952380952381,77.941,22,No
2024-02,2024,Profuturo,0,14.0728334,26677.097521709,1730.725,8.468,6.75380952380952,77.941,21,No
2024-03,2024,Profuturo,0,14.1390122,26522.19691934,1729.866,7.0086,7.00578947368421,77.941,21,No
2024-04,2024,Profuturo,0,14.221932,26284.1480673226,1728.82,7.2788,7.38204545454545,77.941,22,No
2024-05,2024,Profuturo,0,14.2992417,26752.53938136,1727.741,9.3469,7.09540909090909,77.941,23,No
2024-06,2024,Profuturo,0,14.3694671,25472.302113924,1726.747,7.8983,7.08842105263158,77.941,20,No
2024-07,2024,Profuturo,0,14.449648,23481.944147791,1725.442,4.864,6.9725,77.941,23,No
2024-08,2024,Profuturo,0,14.522218700000002,22262.214709655,1724.533,4.9211,6.5835,77.941,22,No
2024-09,2024,Profuturo,0,14.5650355,21854.042653905,1723.496,7.1705,6.36185714285714,77.941,21,No
2024-10,2024,Profuturo,0,14.6706699,21632.743594533,1722.895,7.3481,6.52246818181818,77.941,23,No
2024-11,2024,Profuturo,0,14.7311517,21745.130522163,1722.039,5.1916,6.669,77.941,21,No
2024-12,2024,Profuturo,0,14.7901522,21652.737528355,1721.332,0.5695,6.62515789473684,77.941,21,No
2025-01,2025,Profuturo,0,14.8493349,21695.35660017,1720.325,-1.1234,6.69,,22,No
2025-02,2025,Profuturo,0,14.9006103,21647.058036251,1719.244,-2.1525,6.4725,,20,No
2025-03,2025,Profuturo,0,14.9588624,21674.015662127,1718.064,-1.0415,6.4852380952381,,21,No
2025-04,2025,Profuturo,0,15.0184162,21689.902938216,1717.131,-0.4385,6.604,,22,No
2025-05,2025,Profuturo,0,15.0754855,22021.913426312,1716.277,-0.1884,6.48666666666667,,22,No
2025-06,2025,Profuturo,0,15.1330065,22437.472490756,1744.426,0.6026,6.41190476190476,,21,No
2025-07,2025,Profuturo,0,15.1912557,22802.709969797,1780.104,3.2709,6.18745,,23,No
2025-08,2025,Profuturo,0,15.2449617,23127.24608623,1820.931,4.3619,6.01696,,21,No
2025-09,2025,Profuturo,0,15.3053464,23849.949935598,1864.332,6.1247,6.12590909090909,,22,No
2025-10,2025,Profuturo,0,15.3628995,23800.588306896,1910.825,5.8561,6.10583636363637,,23,No
2025-11,2025,Profuturo,0,15.4140459,23375.265326658,1951.256,6.8306,6.00445,,20,No
2025-12,2025,Profuturo,0,15.4741315,22657.24553202,1987.121,10.9788,5.82715789473684,,22,No
2010-01,2010,Profuturo,1,13.7199523,9788.72690098339,1018.641,30.9756,5.75655,72.886,20,No
2010-02,2010,Profuturo,1,13.7420917,9876.2835916909,1021.027,26.7568,6.09765,72.886,20,No
2010-03,2010,Profuturo,1,13.9933567,10388.871729028,1022.747,28.7267,6.0925652173913,72.886,23,No
2010-04,2010,Profuturo,1,14.0510475,10616.5486497626,1024.591,23.5886,5.9814,72.886,21,No
2010-05,2010,Profuturo,1,13.7949772,10299.6668940719,1026.661,15.7399,6.16133333333333,72.886,21,No
2010-06,2010,Profuturo,1,13.7331084,10181.0188763141,1029.009,11.9201,6.3284,72.886,22,No
2010-07,2010,Profuturo,1,14.1185856,10698.4874044133,1031.164,13.0753,6.00815789473684,72.886,22,No
2010-08,2010,Profuturo,1,14.2927717,10940.9320769491,1033.582,12.8565,5.6217619047619,72.886,22,No
2010-09,2010,Profuturo,1,14.5859869,11668.2739056438,1036.623,12.0727,5.73390909090909,72.886,22,No
2010-10,2010,Profuturo,1,14.8685853,12228.0233655411,1039.071,14.9059,5.49245,72.886,21,No
2010-11,2010,Profuturo,1,14.7233769,12264.1034570286,1042.167,16.0711,5.70457142857143,72.886,22,No
2010-12,2010,Profuturo,1,14.9148513,12702.1066784075,1043.67,17.1032,5.89795,72.886,23,No
2011-01,2011,Profuturo,1,14.8882801,12429.5236428898,1046.642,15.4354,5.84628571428571,73.327,21,No
2011-02,2011,Profuturo,1,14.866359,12462.449815496,1050.591,18.5602,6.01595,73.327,20,No
2011-03,2011,Profuturo,1,14.7274971,12323.4570525963,1054.164,13.295,6.35333612040134,73.327,23,No
2011-04,2011,Profuturo,1,14.5734911,12091.167457179,1057.685,6.0735,6.94410092633545,73.327,20,No
2011-05,2011,Profuturo,1,14.7035156,12285.6925525985,1061.319,10.2208,6.72250202228567,73.327,22,No
2011-06,2011,Profuturo,1,14.6568008,11911.0530541546,1064.922,8.6738,6.45763825900731,73.327,22,No
2011-07,2011,Profuturo,1,14.9937878,12376.6844006133,1068.548,8.3607,6.23626241920591,73.327,21,No
2011-08,2011,Profuturo,1,15.2044958,12338.2289590769,1073.047,3.2788,5.92853521749067,73.327,23,No
2011-09,2011,Profuturo,1,14.8340723,11535.7631142744,1077.754,-0.8,5.62017803787122,73.327,22,No
2011-10,2011,Profuturo,1,15.148891,12203.9181311713,1083.111,-8.7104,5.72483222108669,73.327,21,No
2011-11,2011,Profuturo,1,15.1251613,12234.3345319462,1088.256,-8.9217,5.66734322961868,73.327,22,No
2011-12,2011,Profuturo,1,15.1500051,12204.612,1092.292,-10.1884,5.6953293398377,73.327,22,No
2012-01,2012,Profuturo,1,15.4358058,12968.9760234407,1097.191,-6.4356,5.6877609398031,73.979,22,No
2012-02,2012,Profuturo,1,15.6536387,13268.4880021391,1102.94,-2.1002,5.55203643226112,73.979,21,No
2012-03,2012,Profuturo,1,15.7574375,13401.670063044,1108.882,-0.0985,5.40746192764249,73.979,22,No
2012-04,2012,Profuturo,1,15.8931248,13499.6167794804,1114.635,2.9032,5.31709184145608,73.979,20,No
2012-05,2012,Profuturo,1,15.8265994,13174.8191032584,1121.13,-0.1181,5.1611689535073,73.979,23,No
2012-06,2012,Profuturo,1,16.0398605,13345.3062384862,1127.1,1.7908,5.14383563093637,73.979,21,No
2012-07,2012,Profuturo,1,16.1267915,13284.7132936842,1134.16,1.3213,5.02354166666667,73.979,22,No
2012-08,2012,Profuturo,1,16.2452477,13434.5196883473,1141.914,2.3252,4.85419437482595,73.979,23,No
2012-09,2012,Profuturo,1,16.5089526,13894.7680373663,1153.976,4.3946,4.67659618205868,73.979,20,No
2012-10,2012,Profuturo,1,16.6278538,13962.46123003,1153.235,7.7935,4.55363674242424,73.979,23,No
2012-11,2012,Profuturo,1,16.7644345,14084.8823967648,1152.841,6.7796,4.45981283452211,73.979,22,No
2012-12,2012,Profuturo,1,16.9110507,14374.8158154541,1152.826,8.4239,4.16331561657297,73.979,20,No
2013-01,2013,Profuturo,1,17.205378,14788.3496532085,1153.038,8.0445,4.06750469795356,74.591,22,No
2013-02,2013,Profuturo,1,17.2740619,14847.6937155721,1152.461,4.6307,4.15190764118355,74.591,20,No
2013-03,2013,Profuturo,1,17.3007,15039.0365606434,1152.009,4.1941,4.14838614187719,74.591,20,No
2013-04,2013,Profuturo,1,17.467757,15030.3659651644,1151.316,3.6098,4.05634051937754,74.591,22,No
2013-05,2013,Profuturo,1,17.1332469,14703.8803355426,1151.36,6.0077,4.20181818181818,74.591,23,No
2013-06,2013,Profuturo,1,16.6769151,14361.1160782541,1150.99,1.5729,5.31946716260051,74.591,20,No
2013-07,2013,Profuturo,1,16.8456451,14632.2487854406,1151.129,-0.204,5.26015228899572,74.591,23,No
2013-08,2013,Profuturo,1,16.5271655,25578.5791186635,1852.256,-0.0731,5.46271259667266,74.591,22,No
2013-09,2013,Profuturo,1,16.7481447,26023.0071591625,1851.329,-1.5524,5.60047619047619,74.591,21,No
2013-10,2013,Profuturo,1,16.8879524,26548.9487467312,1850.505,-1.4705,5.31727272727273,74.591,23,No
2013-11,2013,Profuturo,1,16.9377843,26589.9845540636,1849.873,-0.5922,5.467,74.591,21,No
2013-12,2013,Profuturo,1,17.0116449,26994.7845422648,1849.285,-1.9387,5.6055,74.591,21,No
2014-01,2014,Profuturo,1,16.9123631,26642.613268761,1848.822,-3.6914,5.72,75.26,22,No
2014-02,2014,Profuturo,1,17.0129698,27100.479537649,1848.052,-5.8218,6.4255,75.26,20,No
2014-03,2014,Profuturo,1,17.1287277,27220.3843545052,1847.104,-4.9451,6.16490476190476,75.26,21,No
2014-04,2014,Profuturo,1,17.2446746,27599.6586927491,1846.122,-4.5428,5.951,75.26,21,No
2014-05,2014,Profuturo,1,17.3079391,27852.4492556967,1845.242,-3.8397,5.64095238095238,75.26,22,No
2014-06,2014,Profuturo,1,17.5555052,28490.2028138906,1844.248,2.2031,5.37238095238095,75.26,21,No
2014-07,2014,Profuturo,1,17.6231894,28519.2200628918,1840.827,3.626,5.177,75.26,23,No
2014-08,2014,Profuturo,1,17.8867745,29124.6206285025,1839.637,4.3429,5.19790476190476,75.26,21,No
2014-09,2014,Profuturo,1,17.8400263,29109.6856038529,1838.457,5.421,5.33545454545455,75.26,22,No
2014-10,2014,Profuturo,1,18.1428276,29593.6613865673,1836.039,3.0673,5.35995454545454,75.26,23,No
2014-11,2014,Profuturo,1,18.1839619,29844.0862250768,1835.332,4.0676,5.43935,75.26,20,No
2014-12,2014,Profuturo,1,18.2601294,30101.6220043638,1834.17,4.8482,5.35971428571429,75.26,22,No
2015-01,2015,Profuturo,1,18.6889562,30575.6945149597,1832.994,4.485,5.2966,75.732,21,No
2015-02,2015,Profuturo,1,18.8532869,31400.5225035412,1831.728,9.2512,5.2855,75.732,20,No
2015-03,2015,Profuturo,1,18.7239458,31275.3808079787,1830.357,8.169,5.52668181818182,75.732,22,No
2015-04,2015,Profuturo,1,18.9198039,31877.6393588527,1829.332,9.6494,5.53809090909091,75.732,21,No
2015-05,2015,Profuturo,1,18.9877521,32307.0934007044,1828.265,8.7989,5.9019,75.732,21,No
2015-06,2015,Profuturo,1,18.910725,32190.5096211775,1826.793,6.5632,6.17166666666667,75.732,22,No
2015-07,2015,Profuturo,1,18.9515296,32322.8449506721,1825.792,5.4341,6.47165,75.732,23,No
2015-08,2015,Profuturo,1,18.7211822,31174.4848224656,1824.469,3.781,6.66319047619047,75.732,21,No
2015-09,2015,Profuturo,1,18.5070459,30588.3744972622,1823.047,-1.6791,7.23577272727273,75.732,22,No
2015-10,2015,Profuturo,1,19.0288743,32229.7697295371,1821.995,1.596,7.01072727272727,75.732,22,No
2015-11,2015,Profuturo,1,19.4192068,33156.9467577335,1453.587,2.7542,6.69261904761905,75.732,21,No
2015-12,2015,Profuturo,1,19.3253773,32837.4059667953,1819.563,1.8451,6.70786363636364,75.732,22,No
2016-01,2016,Profuturo,1,19.3512204,32336.5226070006,1819.665,-1.3772,7.02015,75.951,20,No
2016-02,2016,Profuturo,1,19.6310514,32801.9468504419,1818.519,-3.8161,7.34585714285714,75.951,21,No
2016-03,2016,Profuturo,1,19.4108815,33062.4505782201,1817.678,-1.7701,7.139,75.951,23,No
2016-04,2016,Profuturo,1,19.7479882,33909.3172784717,1816.791,-2.3147,6.54485714285714,75.951,21,No
2016-05,2016,Profuturo,1,20.0313044,34453.3649642667,1816.235,-1.0266,6.26581818181818,75.951,22,No
2016-06,2016,Profuturo,1,19.9041472,33781.6471562705,1815.348,-0.8084,6.08436363636364,75.951,22,No
2016-07,2016,Profuturo,1,20.4038215,35000.2518523559,1814.346,1.675,5.75652380952381,75.951,21,No
2016-08,2016,Profuturo,1,20.6548273,35433.1737693382,1813.529,5.4429,5.63617391304348,75.951,23,No
2016-09,2016,Profuturo,1,20.7933649,35401.3790657822,1812.062,10.7121,5.79354545454546,75.951,22,No
2016-10,2016,Profuturo,1,20.8251076,35247.9534311268,1811.242,8.8304,5.77085714285714,75.951,21,No
2016-11,2016,Profuturo,1,20.5465703,35266.9299019489,1810.527,4.4127,6.30986363636364,75.951,22,No
2016-12,2016,Profuturo,1,20.5244343,35341.0228885973,1809.955,5.6856,6.44685714285714,75.951,22,No
2017-01,2017,Profuturo,1,20.6109908,35254.6010468731,1809.343,8.8196,6.35095454545454,75.958,22,No
2017-02,2017,Profuturo,1,20.6098291,35400.476617505,1808.841,7.8258,6.26035,75.958,20,No
2017-03,2017,Profuturo,1,20.8915128,35840.7404666243,1808.26,5.5268,6.09739130434783,75.958,23,No
2017-04,2017,Profuturo,1,21.0606739,36191.0841021176,1807.718,5.82,5.87055555555556,75.958,20,No
2017-05,2017,Profuturo,1,21.3507991,36979.4046336665,1807.374,7.6379,5.71772727272727,75.958,23,No
2017-06,2017,Profuturo,1,21.4917505,37096.7897132644,1806.83,8.9449,5.57905,75.958,22,No
2017-07,2017,Profuturo,1,21.6739914,37484.9004756764,1806.487,7.0169,5.65947368421053,75.958,21,No
2017-08,2017,Profuturo,1,21.8774625,37808.9014618174,1806.143,4.9942,5.46204347826087,75.958,23,No
2017-09,2017,Profuturo,1,22.1621253,38752.2114291575,1806.067,5.967,5.34190476190476,75.958,21,No
2017-10,2017,Profuturo,1,22.1926042,39328.7622050043,1805.939,8.1452,5.26331818181818,75.958,22,No
2017-11,2017,Profuturo,1,22.3019937,39379.628771442,1805.44,9.7841,5.2997619047619,75.958,22,No
2017-12,2017,Profuturo,1,22.4730729,39679.7029819762,1805.113,9.1628,5.24947368421053,75.958,20,No
2018-01,2018,Profuturo,1,23.0269383,41051.28208,1804.698,12.5768,4.81809523809524,76.018,22,No
2018-02,2018,Profuturo,1,23.0003474,40522.870209469,1804.196,12.5043,4.7945,76.018,20,No
2018-03,2018,Profuturo,1,22.9812615,40218.6364958217,1803.638,12.6193,4.845,76.018,22,No
2018-04,2018,Profuturo,1,22.7604115,40322.5961672778,1803.265,10.8207,5.0242,76.018,21,No
2018-05,2018,Profuturo,1,22.4266275,39986.6505816664,1802.644,7.8946,5.47227272727273,76.018,23,No
2018-06,2018,Profuturo,1,22.4276885,39546.0659355208,1802.205,5.5749,5.6626,76.018,21,No
2018-07,2018,Profuturo,1,22.8068198,40426.8679909337,1801.67,5.4181,5.48476190476191,76.018,22,No
2018-08,2018,Profuturo,1,22.651635,40128.1593014069,1801.001,5.5721,5.4252380952381,76.018,23,No
2018-09,2018,Profuturo,1,22.7279177,40192.3217598198,1800.447,3.3784,5.5175,76.018,20,No
2018-10,2018,Profuturo,1,22.211186,38812.5189762424,1799.798,-0.9379,5.73181818181818,76.018,23,No
2018-11,2018,Profuturo,1,22.5471936,39615.1416819171,1798.632,-1.8326,5.727,76.018,22,No
2018-12,2018,Profuturo,1,22.6155974,38824.1750805855,1797.524,-3.4205,5.74363157894737,76.018,20,No
2019-01,2019,Profuturo,1,23.0810976,39950.3183625155,1794.183,-4.929,5.58772727272727,76.275,22,No
2019-02,2019,Profuturo,1,23.2237619,40221.1675381382,1792.602,-2.4523,5.4945,76.275,20,No
2019-03,2019,Profuturo,1,23.5008917,40800.71099,1792.093,-1.6505,5.29923809523809,76.275,21,No
2019-04,2019,Profuturo,1,23.7663112,41368.5270696716,1792.093,0.4531,5.2158,76.275,22,No
2019-05,2019,Profuturo,1,23.9986075,41049.378426199,1791.094,-0.105,5.13735454545455,76.275,23,No
2019-06,2019,Profuturo,1,24.6087021,41699.393689757,1790.482,2.264,4.81719,76.275,20,No
2019-07,2019,Profuturo,1,24.9716451,42042.6241260027,1789.661,4.2872,4.4401,76.275,23,No
2019-08,2019,Profuturo,1,25.1074721,42204.8156807509,1788.994,3.8488,4.228985,76.275,22,No
2019-09,2019,Profuturo,1,25.1986319,42440.5222822595,1788.245,5.2741,4.15212380952381,76.275,21,No
2019-10,2019,Profuturo,1,25.4203631,42915.1085483583,1787.4615,8.0687,4.07454285714286,76.275,23,Si
2019-11,2019,Profuturo,1,25.2518704,43031.3362388896,1786.678,9.1587,4.23969,76.275,21,No
2019-12,2019,Profuturo,1,25.5652092,43552.7397304855,1772.352,10.8096,4.3559380952381,76.275,21,No
2020-01,2020,Profuturo,1,25.940808,43846.571031412,1771.172,10.8539,4.50230909090909,73.832,22,No
2020-02,2020,Profuturo,1,25.761277,42981.8249495515,1769.228,9.5387,4.258095,73.832,20,No
2020-03,2020,Profuturo,1,23.2729973,38668.010184646,1767.1,-1.2874,5.08725909090909,73.832,22,No
2020-04,2020,Profuturo,1,23.7875664,38585.4790060022,1767.1,-5.3335,5.0255,73.832,22,No
2020-05,2020,Profuturo,1,25.0124756,39380.449852306,1765.623,-1.1438,4.4295,73.832,21,No
2020-06,2020,Profuturo,1,25.3919792,37593.863710581,1765.579,1.7091,4.39,73.832,22,No
2020-07,2020,Profuturo,1,26.2609879,36995.820734747,1765.068,2.2926,4.24045454545455,73.832,23,No
2020-08,2020,Profuturo,1,26.3714143,37599.630521954,1764.492,4.9589,4.06714285714286,73.832,21,No
2020-09,2020,Profuturo,1,26.1839251,37499.100136192,1763.597,3.8195,4.18681818181818,73.832,22,No
2020-10,2020,Profuturo,1,26.3193607,37449.946087955,1762.523,4.1429,4.20545454545454,73.832,22,No
2020-11,2020,Profuturo,1,27.392942400000003,39677.640829903,1761.641,5.7532,4.01450476190476,73.832,21,No
2020-12,2020,Profuturo,1,28.1626341,40384.333399253,1760.772,9.5744,3.63264285714286,73.832,22,No
2021-01,2021,Profuturo,1,27.9323487,39566.836278665,1759.953,10.4034,3.658,71.596,20,No
2021-02,2021,Profuturo,1,27.654452900000003,39294.90908874,1759.265,11.802,3.9115,71.596,20,No
2021-03,2021,Profuturo,1,27.175391800000003,38782.220188992,1758.011,20.608,4.68608695652174,71.596,23,No
2021-04,2021,Profuturo,1,26.9504795,38552.615224713,1757.303,23.3155,5.09,71.596,22,No
2021-05,2021,Profuturo,1,27.4467267,39850.298393504,1756.623,20.2115,4.99,71.596,21,No
2021-06,2021,Profuturo,1,27.1075795,38267.963325602,1755.526,15.77,5.27323809523809,71.596,22,No
2021-07,2021,Profuturo,1,26.6322143,35403.856431873,1754.676,10.4647,5.6647,71.596,22,No
2021-08,2021,Profuturo,1,26.7154657,32310.360735203,1753.986,4.9764,6.35523809523809,71.596,22,No
2021-09,2021,Profuturo,1,26.4894151,30286.2986334106,1753.426,6.919,6.34227272727273,71.596,22,No
2021-10,2021,Profuturo,1,26.7502658,30944.6871863037,1752.554,6.7747,5.9495,71.596,21,No
2021-11,2021,Profuturo,1,26.6901502,31085.97218364,1750.528,5.455,5.86571428571429,71.596,22,No
2021-12,2021,Profuturo,1,26.7466557,31236.545066398,1749.975,0.4823,5.92563636363636,71.596,23,No
2022-01,2022,Profuturo,1,26.4116141,30980.978663352,1749.579,-1.9442,6.07457142857143,76.834,21,No
2022-02,2022,Profuturo,1,26.1488723,30914.917600937,1749.304,-5.277,6.071,76.834,20,No
2022-03,2022,Profuturo,1,26.049082400000003,30987.6301481316,1748.933,-5.1322,6.59782608695652,76.834,23,No
2022-04,2022,Profuturo,1,25.2975699,30210.532854353,1748.448,-7.3862,7.37315789473684,76.834,21,No
2022-05,2022,Profuturo,1,24.9844229,29218.3470558462,1747.832,-13.5983,7.92363636363636,76.834,22,No
2022-06,2022,Profuturo,1,24.3969019,28428.2063862359,1747.356,-16.6084,7.858,76.834,22,No
2022-07,2022,Profuturo,1,24.460373,27502.4611958978,1746.671,-16.2838,8.21631578947368,76.834,21,No
2022-08,2022,Profuturo,1,24.6292726,25353.2660650627,1745.949,-13.3764,7.90872727272727,76.834,23,No
2022-09,2022,Profuturo,1,24.0730431,23298.7319761592,1745.22,-17.39,8.30590909090909,76.834,22,No
2022-10,2022,Profuturo,1,24.1365123,23335.7849372136,1744.345,-16.4497,8.64571428571429,76.834,21,No
2022-11,2022,Profuturo,1,25.0285399,23852.6614615719,1743.458,-16.1924,7.86476190476191,76.834,22,No
2022-12,2022,Profuturo,1,24.9115862,23520.6078481537,1742.641,-16.4035,7.8615,76.834,22,No
2023-01,2023,Profuturo,1,25.6326146,24214.4240556824,1741.853,-13.5837,7.95952380952381,77.74,22,No
2023-02,2023,Profuturo,1,25.2712332,23763.0419109231,1741.27,-14.476,7.87935,77.74,20,No
2023-03,2023,Profuturo,1,26.0116649,23986.482914293,1740.288,-13.3492,7.71669565217391,77.74,23,No
2023-04,2023,Profuturo,1,26.1180879,23955.1375887637,1739.98,-10.5317,7.48888888888889,77.74,20,No
2023-05,2023,Profuturo,1,26.4214573,23913.8856277337,1738.721,-8.0377,7.275,77.74,23,No
2023-06,2023,Profuturo,1,27.2898746,24458.6335741728,1737.875,-2.1869,7.07380952380952,77.74,22,No
2023-07,2023,Profuturo,1,27.8774831,24937.7114096838,1736.914,-1.2015,6.7555,77.74,21,No
2023-08,2023,Profuturo,1,27.6693392,25026.408339273,1736.02,1.1468,6.84409090909091,77.74,23,No
2023-09,2023,Profuturo,1,27.1095009,24813.8709082199,1735.096,1.6624,6.96857142857143,77.74,21,No
2023-10,2023,Profuturo,1,26.7295749,24477.913339263,1734.16,-0.6705,7.62454545454545,77.74,22,No
2023-11,2023,Profuturo,1,27.7186197,24972.4879698797,1733.3,-0.0379,7.17190476190476,77.74,22,No
2023-12,2023,Profuturo,1,28.9410963,26030.9397531704,1732.304,6.5673,6.86847368421053,77.74,20,No
2024-01,2024,Profuturo,1,29.2303269,26414.0228648764,1731.503,5.8396,6.67952380952381,77.941,22,No
2024-02,2024,Profuturo,1,29.2459584,26677.097521709,1730.725,8.468,6.75380952380952,77.941,21,No
2024-03,2024,Profuturo,1,29.132921,26522.19691934,1729.866,7.0086,7.00578947368421,77.941,21,No
2024-04,2024,Profuturo,1,28.7312624,26284.1480673226,1728.82,7.2788,7.38204545454545,77.941,22,No
2024-05,2024,Profuturo,1,29.1345052,26752.53938136,1727.741,9.3469,7.09540909090909,77.941,23,No
2024-06,2024,Profuturo,1,28.994748800000004,25472.302113924,1726.747,7.8983,7.08842105263158,77.941,20,No
2024-07,2024,Profuturo,1,29.2420645,23481.944147791,1725.442,4.864,6.9725,77.941,23,No
2024-08,2024,Profuturo,1,29.7349753,22262.214709655,1724.533,4.9211,6.5835,77.941,22,No
2024-09,2024,Profuturo,1,30.1310693,21854.042653905,1723.496,7.1705,6.36185714285714,77.941,21,No
2024-10,2024,Profuturo,1,29.5320587,21632.743594533,1722.895,7.3481,6.52246818181818,77.941,23,No
2024-11,2024,Profuturo,1,29.7621314,21745.130522163,1722.039,5.1916,6.669,77.941,21,No
2024-12,2024,Profuturo,1,29.5794856,21652.737528355,1721.332,0.5695,6.62515789473684,77.941,21,No
2025-01,2025,Profuturo,1,29.7955118,21695.35660017,1720.325,-1.1234,6.69,,22,No
2025-02,2025,Profuturo,1,30.0607546,21647.058036251,1719.244,-2.1525,6.4725,,20,No
2025-03,2025,Profuturo,1,29.8094779,21674.015662127,1718.064,-1.0415,6.4852380952381,,21,No
2025-04,2025,Profuturo,1,29.8972616,21689.902938216,1717.131,-0.4385,6.604,,22,No
2025-05,2025,Profuturo,1,30.2505613,22021.913426312,1716.277,-0.1884,6.48666666666667,,22,No
2025-06,2025,Profuturo,1,30.6601104,22437.472490756,1744.426,0.6026,6.41190476190476,,21,No
2025-07,2025,Profuturo,1,31.0521618,22802.709969797,1780.104,3.2709,6.18745,,23,No
2025-08,2025,Profuturo,1,31.387450000000005,23127.24608623,1820.931,4.3619,6.01696,,21,No
2025-09,2025,Profuturo,1,31.8061158,23849.949935598,1864.332,6.1247,6.12590909090909,,22,No
2025-10,2025,Profuturo,1,31.736357400000003,23800.588306896,1910.825,5.8561,6.10583636363637,,23,No
2025-11,2025,Profuturo,1,32.1201525,23375.265326658,1951.256,6.8306,6.00445,,20,No
2025-12,2025,Profuturo,1,32.570705000000004,22657.24553202,1987.121,10.9788,5.82715789473684,,22,No
2010-01,2010,Profuturo,2,90.7753958,9788.72690098339,1018.641,30.9756,5.75655,72.886,20,No
2010-02,2010,Profuturo,2,91.1842859,9876.2835916909,1021.027,26.7568,6.09765,72.886,20,No
2010-03,2010,Profuturo,2,95.643975,10388.871729028,1022.747,28.7267,6.0925652173913,72.886,23,No
2010-04,2010,Profuturo,2,97.2317246,10616.5486497626,1024.591,23.5886,5.9814,72.886,21,No
2010-05,2010,Profuturo,2,94.2864298,10299.6668940719,1026.661,15.7399,6.16133333333333,72.886,21,No
2010-06,2010,Profuturo,2,93.1737815,10181.0188763141,1029.009,11.9201,6.3284,72.886,22,No
2010-07,2010,Profuturo,2,97.5935203,10698.4874044133,1031.164,13.0753,6.00815789473684,72.886,22,No
2010-08,2010,Profuturo,2,99.6986523,10940.9320769491,1033.582,12.8565,5.6217619047619,72.886,22,No
2010-09,2010,Profuturo,2,105.4913932,11668.2739056438,1036.623,12.0727,5.73390909090909,72.886,22,No
2010-10,2010,Profuturo,2,109.9685599,12228.0233655411,1039.071,14.9059,5.49245,72.886,21,No
2010-11,2010,Profuturo,2,109.4766924,12264.1034570286,1042.167,16.0711,5.70457142857143,72.886,22,No
2010-12,2010,Profuturo,2,112.9400354,12702.1066784075,1043.67,17.1032,5.89795,72.886,23,No
2011-01,2011,Profuturo,2,110.220952,12429.5236428898,1046.642,15.4354,5.84628571428571,73.327,21,No
2011-02,2011,Profuturo,2,110.2875468,12462.449815496,1050.591,18.5602,6.01595,73.327,20,No
2011-03,2011,Profuturo,2,109.062858,12323.4570525963,1054.164,13.295,6.35333612040134,73.327,23,No
2011-04,2011,Profuturo,2,106.8230701,12091.167457179,1057.685,6.0735,6.94410092633545,73.327,20,No
2011-05,2011,Profuturo,2,108.2325829,12285.6925525985,1061.319,10.2208,6.72250202228567,73.327,22,No
2011-06,2011,Profuturo,2,105.0363019,11911.0530541546,1064.922,8.6738,6.45763825900731,73.327,22,No
2011-07,2011,Profuturo,2,108.5728186,12376.6844006133,1068.548,8.3607,6.23626241920591,73.327,21,No
2011-08,2011,Profuturo,2,108.47248,12338.2289590769,1073.047,3.2788,5.92853521749067,73.327,23,No
2011-09,2011,Profuturo,2,101.3361064,11535.7631142744,1077.754,-0.8,5.62017803787122,73.327,22,No
2011-10,2011,Profuturo,2,106.576909,12203.9181311713,1083.111,-8.7104,5.72483222108669,73.327,21,No
2011-11,2011,Profuturo,2,106.0112265,12234.3345319462,1088.256,-8.9217,5.66734322961868,73.327,22,No
2011-12,2011,Profuturo,2,105.1915043,12204.612,1092.292,-10.1884,5.6953293398377,73.327,22,No
2012-01,2012,Profuturo,2,111.0158583,12968.9760234407,1097.191,-6.4356,5.6877609398031,73.979,22,No
2012-02,2012,Profuturo,2,113.1231167,13268.4880021391,1102.94,-2.1002,5.55203643226112,73.979,21,No
2012-03,2012,Profuturo,2,113.8926182,13401.670063044,1108.882,-0.0985,5.40746192764249,73.979,22,No
2012-04,2012,Profuturo,2,114.2825219,13499.6167794804,1114.635,2.9032,5.31709184145608,73.979,20,No
2012-05,2012,Profuturo,2,111.3901441,13174.8191032584,1121.13,-0.1181,5.1611689535073,73.979,23,No
2012-06,2012,Profuturo,2,112.4691981,13345.3062384862,1127.1,1.7908,5.14383563093637,73.979,21,No
2012-07,2012,Profuturo,2,111.6545164,13284.7132936842,1134.16,1.3213,5.02354166666667,73.979,22,No
2012-08,2012,Profuturo,2,112.3893122,13434.5196883473,1141.914,2.3252,4.85419437482595,73.979,23,No
2012-09,2012,Profuturo,2,115.4110795,13894.7680373663,1153.976,4.3946,4.67659618205868,73.979,20,No
2012-10,2012,Profuturo,2,115.2846685,13962.46123003,1153.235,7.7935,4.55363674242424,73.979,23,No
2012-11,2012,Profuturo,2,116.2387568,14084.8823967648,1152.841,6.7796,4.45981283452211,73.979,22,No
2012-12,2012,Profuturo,2,117.9702931,14374.8158154541,1152.826,8.4239,4.16331561657297,73.979,20,No
2013-01,2013,Profuturo,2,120.8056841,14788.3496532085,1153.038,8.0445,4.06750469795356,74.591,22,No
2013-02,2013,Profuturo,2,120.5725241,14847.6937155721,1152.461,4.6307,4.15190764118355,74.591,20,No
2013-03,2013,Profuturo,2,121.4210019,15039.0365606434,1152.009,4.1941,4.14838614187719,74.591,20,No
2013-04,2013,Profuturo,2,121.2304259,15030.3659651644,1151.316,3.6098,4.05634051937754,74.591,22,No
2013-05,2013,Profuturo,2,118.1115744,14703.8803355426,1151.36,6.0077,4.20181818181818,74.591,23,No
2013-06,2013,Profuturo,2,114.7599301,14361.1160782541,1150.99,1.5729,5.31946716260051,74.591,20,No
2013-07,2013,Profuturo,2,116.0038147,14632.2487854406,1151.129,-0.204,5.26015228899572,74.591,23,No
2013-08,2013,Profuturo,2,114.39791,25578.5791186635,1852.256,-0.0731,5.46271259667266,74.591,22,No
2013-09,2013,Profuturo,2,116.5210829,26023.0071591625,1851.329,-1.5524,5.60047619047619,74.591,21,No
2013-10,2013,Profuturo,2,118.6542372,26548.9487467312,1850.505,-1.4705,5.31727272727273,74.591,23,No
2013-11,2013,Profuturo,2,118.4694696,26589.9845540636,1849.873,-0.5922,5.467,74.591,21,No
2013-12,2013,Profuturo,2,119.7379576,26994.7845422648,1849.285,-1.9387,5.6055,74.591,21,No
2014-01,2014,Profuturo,2,117.6611128,26642.613268761,1848.822,-3.6914,5.72,75.26,22,No
2014-02,2014,Profuturo,2,119.3395818,27100.479537649,1848.052,-5.8218,6.4255,75.26,20,No
2014-03,2014,Profuturo,2,119.5399817,27220.3843545052,1847.104,-4.9451,6.16490476190476,75.26,21,No
2014-04,2014,Profuturo,2,120.4794193,27599.6586927491,1846.122,-4.5428,5.951,75.26,21,No
2014-05,2014,Profuturo,2,121.2080318,27852.4492556967,1845.242,-3.8397,5.64095238095238,75.26,22,No
2014-06,2014,Profuturo,2,123.4699853,28490.2028138906,1844.248,2.2031,5.37238095238095,75.26,21,No
2014-07,2014,Profuturo,2,123.1670825,28519.2200628918,1840.827,3.626,5.177,75.26,23,No
2014-08,2014,Profuturo,2,125.4660908,29124.6206285025,1839.637,4.3429,5.19790476190476,75.26,21,No
2014-09,2014,Profuturo,2,125.0166293,29109.6856038529,1838.457,5.421,5.33545454545455,75.26,22,No
2014-10,2014,Profuturo,2,126.8393214,29593.6613865673,1836.039,3.0673,5.35995454545454,75.26,23,No
2014-11,2014,Profuturo,2,127.6193662,29844.0862250768,1835.332,4.0676,5.43935,75.26,20,No
2014-12,2014,Profuturo,2,128.4487311,30101.6220043638,1834.17,4.8482,5.35971428571429,75.26,22,No
2015-01,2015,Profuturo,2,130.3551713,30575.6945149597,1832.994,4.485,5.2966,75.732,21,No
2015-02,2015,Profuturo,2,133.5010076,31400.5225035412,1831.728,9.2512,5.2855,75.732,20,No
2015-03,2015,Profuturo,2,132.7729689,31275.3808079787,1830.357,8.169,5.52668181818182,75.732,22,No
2015-04,2015,Profuturo,2,134.7955052,31877.6393588527,1829.332,9.6494,5.53809090909091,75.732,21,No
2015-05,2015,Profuturo,2,136.0466887,32307.0934007044,1828.265,8.7989,5.9019,75.732,21,No
2015-06,2015,Profuturo,2,135.2015784,32190.5096211775,1826.793,6.5632,6.17166666666667,75.732,22,No
2015-07,2015,Profuturo,2,135.4183683,32322.8449506721,1825.792,5.4341,6.47165,75.732,23,No
2015-08,2015,Profuturo,2,130.3828293,31174.4848224656,1824.469,3.781,6.66319047619047,75.732,21,No
2015-09,2015,Profuturo,2,127.7144166,30588.3744972622,1823.047,-1.6791,7.23577272727273,75.732,22,No
2015-10,2015,Profuturo,2,133.9304112,32229.7697295371,1821.995,1.596,7.01072727272727,75.732,22,No
2015-11,2015,Profuturo,2,137.3895435,33156.9467577335,1453.587,2.7542,6.69261904761905,75.732,21,No
2015-12,2015,Profuturo,2,135.6377436,32837.4059667953,1819.563,1.8451,6.70786363636364,75.732,22,No
2016-01,2016,Profuturo,2,133.2809691,32336.5226070006,1819.665,-1.3772,7.02015,75.951,20,No
2016-02,2016,Profuturo,2,134.9582427,32801.9468504419,1818.519,-3.8161,7.34585714285714,75.951,21,No
2016-03,2016,Profuturo,2,135.5555391,33062.4505782201,1817.678,-1.7701,7.139,75.951,23,No
2016-04,2016,Profuturo,2,138.3499766,33909.3172784717,1816.791,-2.3147,6.54485714285714,75.951,21,No
2016-05,2016,Profuturo,2,140.6299278,34453.3649642667,1816.235,-1.0266,6.26581818181818,75.951,22,No
2016-06,2016,Profuturo,2,138.7763488,33781.6471562705,1815.348,-0.8084,6.08436363636364,75.951,22,No
2016-07,2016,Profuturo,2,144.1510263,35000.2518523559,1814.346,1.675,5.75652380952381,75.951,21,No
2016-08,2016,Profuturo,2,146.5055822,35433.1737693382,1813.529,5.4429,5.63617391304348,75.951,23,No
2016-09,2016,Profuturo,2,147.3572788,35401.3790657822,1812.062,10.7121,5.79354545454546,75.951,22,No
2016-10,2016,Profuturo,2,147.0287617,35247.9534311268,1811.242,8.8304,5.77085714285714,75.951,21,No
2016-11,2016,Profuturo,2,147.3785097,35266.9299019489,1810.527,4.4127,6.30986363636364,75.951,22,No
2016-12,2016,Profuturo,2,147.7344201,35341.0228885973,1809.955,5.6856,6.44685714285714,75.951,22,No
2017-01,2017,Profuturo,2,147.675676,35254.6010468731,1809.343,8.8196,6.35095454545454,75.958,22,No
2017-02,2017,Profuturo,2,148.3198932,35400.476617505,1808.841,7.8258,6.26035,75.958,20,No
2017-03,2017,Profuturo,2,150.1980972,35840.7404666243,1808.26,5.5268,6.09739130434783,75.958,23,No
2017-04,2017,Profuturo,2,151.5548353,36191.0841021176,1807.718,5.82,5.87055555555556,75.958,20,No
2017-05,2017,Profuturo,2,154.7682847,36979.4046336665,1807.374,7.6379,5.71772727272727,75.958,23,No
2017-06,2017,Profuturo,2,155.1276298,37096.7897132644,1806.83,8.9449,5.57905,75.958,22,No
2017-07,2017,Profuturo,2,156.7134951,37484.9004756764,1806.487,7.0169,5.65947368421053,75.958,21,No
2017-08,2017,Profuturo,2,157.9546285,37808.9014618174,1806.143,4.9942,5.46204347826087,75.958,23,No
2017-09,2017,Profuturo,2,161.5494976,38752.2114291575,1806.067,5.967,5.34190476190476,75.958,21,No
2017-10,2017,Profuturo,2,163.5128058,39328.7622050043,1805.939,8.1452,5.26331818181818,75.958,22,No
2017-11,2017,Profuturo,2,163.9181771,39379.628771442,1805.44,9.7841,5.2997619047619,75.958,22,No
2017-12,2017,Profuturo,2,165.4033675,39679.7029819762,1805.113,9.1628,5.24947368421053,75.958,20,No
2018-01,2018,Profuturo,2,171.1482928,41051.28208,1804.698,12.5768,4.81809523809524,76.018,22,No
2018-02,2018,Profuturo,2,169.0680793,40522.870209469,1804.196,12.5043,4.7945,76.018,20,No
2018-03,2018,Profuturo,2,167.6729252,40218.6364958217,1803.638,12.6193,4.845,76.018,22,No
2018-04,2018,Profuturo,2,167.9919517,40322.5961672778,1803.265,10.8207,5.0242,76.018,21,No
2018-05,2018,Profuturo,2,166.502586,39986.6505816664,1802.644,7.8946,5.47227272727273,76.018,23,No
2018-06,2018,Profuturo,2,165.1237632,39546.0659355208,1802.205,5.5749,5.6626,76.018,21,No
2018-07,2018,Profuturo,2,168.5546606,40426.8679909337,1801.67,5.4181,5.48476190476191,76.018,22,No
2018-08,2018,Profuturo,2,167.6582042,40128.1593014069,1801.001,5.5721,5.4252380952381,76.018,23,No
2018-09,2018,Profuturo,2,167.8186362,40192.3217598198,1800.447,3.3784,5.5175,76.018,20,No
2018-10,2018,Profuturo,2,162.3468971,38812.5189762424,1799.798,-0.9379,5.73181818181818,76.018,23,No
2018-11,2018,Profuturo,2,165.5418886,39615.1416819171,1798.632,-1.8326,5.727,76.018,22,No
2018-12,2018,Profuturo,2,162.5154802,38824.1750805855,1797.524,-3.4205,5.74363157894737,76.018,20,No
2019-01,2019,Profuturo,2,167.1112772,39950.3183625155,1794.183,-4.929,5.58772727272727,76.275,22,No
2019-02,2019,Profuturo,2,168.2354042,40221.1675381382,1792.602,-2.4523,5.4945,76.275,20,No
2019-03,2019,Profuturo,2,170.6957295,40800.71099,1792.093,-1.6505,5.29923809523809,76.275,21,No
2019-04,2019,Profuturo,2,173.0874713,41368.5270696716,1792.093,0.4531,5.2158,76.275,22,No
2019-05,2019,Profuturo,2,172.2858102,41049.378426199,1791.094,-0.105,5.13735454545455,76.275,23,No
2019-06,2019,Profuturo,2,175.6977859,41699.393689757,1790.482,2.264,4.81719,76.275,20,No
2019-07,2019,Profuturo,2,177.470045,42042.6241260027,1789.661,4.2872,4.4401,76.275,23,No
2019-08,2019,Profuturo,2,178.8468857,42204.8156807509,1788.994,3.8488,4.228985,76.275,22,No
2019-09,2019,Profuturo,2,179.8769353,42440.5222822595,1788.245,5.2741,4.15212380952381,76.275,21,No
2019-10,2019,Profuturo,2,181.7978873,42915.1085483583,1787.4615,8.0687,4.07454285714286,76.275,23,Si
2019-11,2019,Profuturo,2,182.4950631,43031.3362388896,1786.678,9.1587,4.23969,76.275,21,No
2019-12,2019,Profuturo,2,184.5723128,43552.7397304855,1772.352,10.8096,4.3559380952381,76.275,21,No
2020-01,2020,Profuturo,2,186.007687,43846.571031412,1771.172,10.8539,4.50230909090909,73.832,22,No
2020-02,2020,Profuturo,2,182.5147964,42981.8249495515,1769.228,9.5387,4.258095,73.832,20,No
2020-03,2020,Profuturo,2,164.349508,38668.010184646,1767.1,-1.2874,5.08725909090909,73.832,22,No
2020-04,2020,Profuturo,2,168.9942789,38585.4790060022,1767.1,-5.3335,5.0255,73.832,22,No
2020-05,2020,Profuturo,2,176.0774159,39380.449852306,1765.623,-1.1438,4.4295,73.832,21,No
2020-06,2020,Profuturo,2,181.283541,37593.863710581,1765.579,1.7091,4.39,73.832,22,No
2020-07,2020,Profuturo,2,187.8010124,36995.820734747,1765.068,2.2926,4.24045454545455,73.832,23,No
2020-08,2020,Profuturo,2,190.8834869,37599.630521954,1764.492,4.9589,4.06714285714286,73.832,21,No
2020-09,2020,Profuturo,2,189.9919793,37499.100136192,1763.597,3.8195,4.18681818181818,73.832,22,No
2020-10,2020,Profuturo,2,189.5340405,37449.946087955,1762.523,4.1429,4.20545454545454,73.832,22,No
2020-11,2020,Profuturo,2,201.3116293,39677.640829903,1761.641,5.7532,4.01450476190476,73.832,21,No
2020-12,2020,Profuturo,2,208.3707812,40384.333399253,1760.772,9.5744,3.63264285714286,73.832,22,No
2021-01,2021,Profuturo,2,209.6607543,39566.836278665,1759.953,10.4034,3.658,71.596,20,No
2021-02,2021,Profuturo,2,211.7648856,39294.90908874,1759.265,11.802,3.9115,71.596,20,No
2021-03,2021,Profuturo,2,209.9711634,38782.220188992,1758.011,20.608,4.68608695652174,71.596,23,No
2021-04,2021,Profuturo,2,209.6468726,38552.615224713,1757.303,23.3155,5.09,71.596,22,No
2021-05,2021,Profuturo,2,217.4584608,39850.298393504,1756.623,20.2115,4.99,71.596,21,No
2021-06,2021,Profuturo,2,213.7807385,38267.963325602,1755.526,15.77,5.27323809523809,71.596,22,No
2021-07,2021,Profuturo,2,211.0512986,35403.856431873,1754.676,10.4647,5.6647,71.596,22,No
2021-08,2021,Profuturo,2,213.1593948,32310.360735203,1753.986,4.9764,6.35523809523809,71.596,22,No
2021-09,2021,Profuturo,2,213.2030348,30286.2986334106,1753.426,6.919,6.34227272727273,71.596,22,No
2021-10,2021,Profuturo,2,218.9178721,30944.6871863037,1752.554,6.7747,5.9495,71.596,21,No
2021-11,2021,Profuturo,2,219.5363841,31085.97218364,1750.528,5.455,5.86571428571429,71.596,22,No
2021-12,2021,Profuturo,2,220.0202901,31236.545066398,1749.975,0.4823,5.92563636363636,71.596,23,No
2022-01,2022,Profuturo,2,216.2688497,30980.978663352,1749.579,-1.9442,6.07457142857143,76.834,21,No
2022-02,2022,Profuturo,2,214.4963168,30914.917600937,1749.304,-5.277,6.071,76.834,20,No
2022-03,2022,Profuturo,2,213.8430724,30987.6301481316,1748.933,-5.1322,6.59782608695652,76.834,23,No
2022-04,2022,Profuturo,2,206.5701705,30210.532854353,1748.448,-7.3862,7.37315789473684,76.834,21,No
2022-05,2022,Profuturo,2,199.8573269,29218.3470558462,1747.832,-13.5983,7.92363636363636,76.834,22,No
2022-06,2022,Profuturo,2,193.5718328,28428.2063862359,1747.356,-16.6084,7.858,76.834,22,No
2022-07,2022,Profuturo,2,195.5402579,27502.4611958978,1746.671,-16.2838,8.21631578947368,76.834,21,No
2022-08,2022,Profuturo,2,192.0800625,25353.2660650627,1745.949,-13.3764,7.90872727272727,76.834,23,No
2022-09,2022,Profuturo,2,189.5090662,23298.7319761592,1745.22,-17.39,8.30590909090909,76.834,22,No
2022-10,2022,Profuturo,2,197.6894929,23335.7849372136,1744.345,-16.4497,8.64571428571429,76.834,21,No
2022-11,2022,Profuturo,2,202.3088021,23852.6614615719,1743.458,-16.1924,7.86476190476191,76.834,22,No
2022-12,2022,Profuturo,2,198.5958653,23520.6078481537,1742.641,-16.4035,7.8615,76.834,22,No
2023-01,2023,Profuturo,2,203.8076825,24214.4240556824,1741.853,-13.5837,7.95952380952381,77.74,22,No
2023-02,2023,Profuturo,2,200.47257850000005,23763.0419109231,1741.27,-14.476,7.87935,77.74,20,No
2023-03,2023,Profuturo,2,202.3727146,23986.482914293,1740.288,-13.3492,7.71669565217391,77.74,23,No
2023-04,2023,Profuturo,2,201.6798829,23955.1375887637,1739.98,-10.5317,7.48888888888889,77.74,20,No
2023-05,2023,Profuturo,2,201.1866893,23913.8856277337,1738.721,-8.0377,7.275,77.74,23,No
2023-06,2023,Profuturo,2,205.3938059,24458.6335741728,1737.875,-2.1869,7.07380952380952,77.74,22,No
2023-07,2023,Profuturo,2,209.04159220000005,24937.7114096838,1736.914,-1.2015,6.7555,77.74,21,No
2023-08,2023,Profuturo,2,210.5792421,25026.408339273,1736.02,1.1468,6.84409090909091,77.74,23,No
2023-09,2023,Profuturo,2,208.3709295,24813.8709082199,1735.096,1.6624,6.96857142857143,77.74,21,No
2023-10,2023,Profuturo,2,205.4663181,24477.913339263,1734.16,-0.6705,7.62454545454545,77.74,22,No
2023-11,2023,Profuturo,2,209.7357718,24972.4879698797,1733.3,-0.0379,7.17190476190476,77.74,22,No
2023-12,2023,Profuturo,2,218.4891248,26030.9397531704,1732.304,6.5673,6.86847368421053,77.74,20,No
2024-01,2024,Profuturo,2,222.9628273,26414.0228648764,1731.503,5.8396,6.67952380952381,77.941,22,No
2024-02,2024,Profuturo,2,224.8184706,26677.097521709,1730.725,8.468,6.75380952380952,77.941,21,No
2024-03,2024,Profuturo,2,223.1505113,26522.19691934,1729.866,7.0086,7.00578947368421,77.941,21,No
2024-04,2024,Profuturo,2,221.6003057,26284.1480673226,1728.82,7.2788,7.38204545454545,77.941,22,No
2024-05,2024,Profuturo,2,224.4022519,26752.53938136,1727.741,9.3469,7.09540909090909,77.941,23,No
2024-06,2024,Profuturo,2,226.1302561,25472.302113924,1726.747,7.8983,7.08842105263158,77.941,20,No
2024-07,2024,Profuturo,2,223.8733578,23481.944147791,1725.442,4.864,6.9725,77.941,23,No
2024-08,2024,Profuturo,2,225.4363416,22262.214709655,1724.533,4.9211,6.5835,77.941,22,No
2024-09,2024,Profuturo,2,226.5533084,21854.042653905,1723.496,7.1705,6.36185714285714,77.941,21,No
2024-10,2024,Profuturo,2,225.7456699,21632.743594533,1722.895,7.3481,6.52246818181818,77.941,23,No
2024-11,2024,Profuturo,2,226.1533134,21745.130522163,1722.039,5.1916,6.669,77.941,21,No
2024-12,2024,Profuturo,2,224.5341582,21652.737528355,1721.332,0.5695,6.62515789473684,77.941,21,No
2025-01,2025,Profuturo,2,224.539823,21695.35660017,1720.325,-1.1234,6.69,,22,No
2025-02,2025,Profuturo,2,223.2288787,21647.058036251,1719.244,-2.1525,6.4725,,20,No
2025-03,2025,Profuturo,2,223.6466077,21674.015662127,1718.064,-1.0415,6.4852380952381,,21,No
2025-04,2025,Profuturo,2,224.2685249,21689.902938216,1717.131,-0.4385,6.604,,22,No
2025-05,2025,Profuturo,2,227.7570846,22021.913426312,1716.277,-0.1884,6.48666666666667,,22,No
2025-06,2025,Profuturo,2,231.3460493,22437.472490756,1744.426,0.6026,6.41190476190476,,21,No
2025-07,2025,Profuturo,2,235.1008895,22802.709969797,1780.104,3.2709,6.18745,,23,No
2025-08,2025,Profuturo,2,237.872554,23127.24608623,1820.931,4.3619,6.01696,,21,No
2025-09,2025,Profuturo,2,244.9300818,23849.949935598,1864.332,6.1247,6.12590909090909,,22,No
2025-10,2025,Profuturo,2,242.1958436,23800.588306896,1910.825,5.8561,6.10583636363637,,23,No
2025-11,2025,Profuturo,2,244.9075975,23375.265326658,1951.256,6.8306,6.00445,,20,No
2025-12,2025,Profuturo,2,252.9452591,22657.24553202,1987.121,10.9788,5.82715789473684,,22,No
2010-01,2010,Profuturo,3,20.7799975,9788.72690098339,1018.641,30.9756,5.75655,72.886,20,No
2010-02,2010,Profuturo,3,20.6877269,9876.2835916909,1021.027,26.7568,6.09765,72.886,20,No
2010-03,2010,Profuturo,3,22.2748108,10388.871729028,1022.747,28.7267,6.0925652173913,72.886,23,No
2010-04,2010,Profuturo,3,22.9266853,10616.5486497626,1024.591,23.5886,5.9814,72.886,21,No
2010-05,2010,Profuturo,3,21.7271645,10299.6668940719,1026.661,15.7399,6.16133333333333,72.886,21,No
2010-06,2010,Profuturo,3,21.1358809,10181.0188763141,1029.009,11.9201,6.3284,72.886,22,No
2010-07,2010,Profuturo,3,22.2762815,10698.4874044133,1031.164,13.0753,6.00815789473684,72.886,22,No
2010-08,2010,Profuturo,3,22.8232474,10940.9320769491,1033.582,12.8565,5.6217619047619,72.886,22,No
2010-09,2010,Profuturo,3,25.5365763,11668.2739056438,1036.623,12.0727,5.73390909090909,72.886,22,No
2010-10,2010,Profuturo,3,27.2148771,12228.0233655411,1039.071,14.9059,5.49245,72.886,21,No
2010-11,2010,Profuturo,3,27.8147053,12264.1034570286,1042.167,16.0711,5.70457142857143,72.886,22,No
2010-12,2010,Profuturo,3,29.3704571,12702.1066784075,1043.67,17.1032,5.89795,72.886,23,No
2011-01,2011,Profuturo,3,28.3956264,12429.5236428898,1046.642,15.4354,5.84628571428571,73.327,21,No
2011-02,2011,Profuturo,3,28.1870334,12462.449815496,1050.591,18.5602,6.01595,73.327,20,No
2011-03,2011,Profuturo,3,27.587216,12323.4570525963,1054.164,13.295,6.35333612040134,73.327,23,No
2011-04,2011,Profuturo,3,26.5756076,12091.167457179,1057.685,6.0735,6.94410092633545,73.327,20,No
2011-05,2011,Profuturo,3,26.9342093,12285.6925525985,1061.319,10.2208,6.72250202228567,73.327,22,No
2011-06,2011,Profuturo,3,25.2912339,11911.0530541546,1064.922,8.6738,6.45763825900731,73.327,22,No
2011-07,2011,Profuturo,3,26.6429646,12376.6844006133,1068.548,8.3607,6.23626241920591,73.327,21,No
2011-08,2011,Profuturo,3,25.6122661,12338.2289590769,1073.047,3.2788,5.92853521749067,73.327,23,No
2011-09,2011,Profuturo,3,22.9976802,11535.7631142744,1077.754,-0.8,5.62017803787122,73.327,22,No
2011-10,2011,Profuturo,3,24.6743182,12203.9181311713,1083.111,-8.7104,5.72483222108669,73.327,21,No
2011-11,2011,Profuturo,3,24.5570152,12234.3345319462,1088.256,-8.9217,5.66734322961868,73.327,22,No
2011-12,2011,Profuturo,3,24.1641747,12204.612,1092.292,-10.1884,5.6953293398377,73.327,22,No
2012-01,2012,Profuturo,3,26.3935588,12968.9760234407,1097.191,-6.4356,5.6877609398031,73.979,22,No
2012-02,2012,Profuturo,3,26.9472269,13268.4880021391,1102.94,-2.1002,5.55203643226112,73.979,21,No
2012-03,2012,Profuturo,3,27.3211712,13401.670063044,1108.882,-0.0985,5.40746192764249,73.979,22,No
2012-04,2012,Profuturo,3,27.2610023,13499.6167794804,1114.635,2.9032,5.31709184145608,73.979,20,No
2012-05,2012,Profuturo,3,25.707135,13174.8191032584,1121.13,-0.1181,5.1611689535073,73.979,23,No
2012-06,2012,Profuturo,3,25.6850374,13345.3062384862,1127.1,1.7908,5.14383563093637,73.979,21,No
2012-07,2012,Profuturo,3,25.1047837,13284.7132936842,1134.16,1.3213,5.02354166666667,73.979,22,No
2012-08,2012,Profuturo,3,25.2508881,13434.5196883473,1141.914,2.3252,4.85419437482595,73.979,23,No
2012-09,2012,Profuturo,3,26.4142172,13894.7680373663,1153.976,4.3946,4.67659618205868,73.979,20,No
2012-10,2012,Profuturo,3,26.1445159,13962.46123003,1153.235,7.7935,4.55363674242424,73.979,23,No
2012-11,2012,Profuturo,3,26.2516055,14084.8823967648,1152.841,6.7796,4.45981283452211,73.979,22,No
2012-12,2012,Profuturo,3,26.9720206,14374.8158154541,1152.826,8.4239,4.16331561657297,73.979,20,No
2013-01,2013,Profuturo,3,28.0133249,14788.3496532085,1153.038,8.0445,4.06750469795356,74.591,22,No
2013-02,2013,Profuturo,3,28.0385228,14847.6937155721,1152.461,4.6307,4.15190764118355,74.591,20,No
2013-03,2013,Profuturo,3,28.1155276,15039.0365606434,1152.009,4.1941,4.14838614187719,74.591,20,No
2013-04,2013,Profuturo,3,27.5242024,15030.3659651644,1151.316,3.6098,4.05634051937754,74.591,22,No
2013-05,2013,Profuturo,3,26.7876513,14703.8803355426,1151.36,6.0077,4.20181818181818,74.591,23,No
2013-06,2013,Profuturo,3,26.3518879,14361.1160782541,1150.99,1.5729,5.31946716260051,74.591,20,No
2013-07,2013,Profuturo,3,26.5245471,14632.2487854406,1151.129,-0.204,5.26015228899572,74.591,23,No
2013-08,2013,Profuturo,3,26.4616097,25578.5791186635,1852.256,-0.0731,5.46271259667266,74.591,22,No
2013-09,2013,Profuturo,3,26.7233345,26023.0071591625,1851.329,-1.5524,5.60047619047619,74.591,21,No
2013-10,2013,Profuturo,3,27.4124935,26548.9487467312,1850.505,-1.4705,5.31727272727273,74.591,23,No
2013-11,2013,Profuturo,3,27.4033501,26589.9845540636,1849.873,-0.5922,5.467,74.591,21,No
2013-12,2013,Profuturo,3,28.0312928,26994.7845422648,1849.285,-1.9387,5.6055,74.591,21,No
2014-01,2014,Profuturo,3,27.4645472,26642.613268761,1848.822,-3.6914,5.72,75.26,22,No
2014-02,2014,Profuturo,3,27.8631023,27100.479537649,1848.052,-5.8218,6.4255,75.26,20,No
2014-03,2014,Profuturo,3,27.4774521,27220.3843545052,1847.104,-4.9451,6.16490476190476,75.26,21,No
2014-04,2014,Profuturo,3,27.7782265,27599.6586927491,1846.122,-4.5428,5.951,75.26,21,No
2014-05,2014,Profuturo,3,27.848805,27852.4492556967,1845.242,-3.8397,5.64095238095238,75.26,22,No
2014-06,2014,Profuturo,3,28.4918692,28490.2028138906,1844.248,2.2031,5.37238095238095,75.26,21,No
2014-07,2014,Profuturo,3,28.2787543,28519.2200628918,1840.827,3.626,5.177,75.26,23,No
2014-08,2014,Profuturo,3,28.8214764,29124.6206285025,1839.637,4.3429,5.19790476190476,75.26,21,No
2014-09,2014,Profuturo,3,28.6744513,29109.6856038529,1838.457,5.421,5.33545454545455,75.26,22,No
2014-10,2014,Profuturo,3,28.8760778,29593.6613865673,1836.039,3.0673,5.35995454545454,75.26,23,No
2014-11,2014,Profuturo,3,29.0962136,29844.0862250768,1835.332,4.0676,5.43935,75.26,20,No
2014-12,2014,Profuturo,3,29.3191914,30101.6220043638,1834.17,4.8482,5.35971428571429,75.26,22,No
2015-01,2015,Profuturo,3,29.259818,30575.6945149597,1832.994,4.485,5.2966,75.732,21,No
2015-02,2015,Profuturo,3,30.3134669,31400.5225035412,1831.728,9.2512,5.2855,75.732,20,No
2015-03,2015,Profuturo,3,30.1720154,31275.3808079787,1830.357,8.169,5.52668181818182,75.732,22,No
2015-04,2015,Profuturo,3,30.863423,31877.6393588527,1829.332,9.6494,5.53809090909091,75.732,21,No
2015-05,2015,Profuturo,3,31.353851,32307.0934007044,1828.265,8.7989,5.9019,75.732,21,No
2015-06,2015,Profuturo,3,31.0915281,32190.5096211775,1826.793,6.5632,6.17166666666667,75.732,22,No
2015-07,2015,Profuturo,3,31.0262855,32322.8449506721,1825.792,5.4341,6.47165,75.732,23,No
2015-08,2015,Profuturo,3,29.0405314,31174.4848224656,1824.469,3.781,6.66319047619047,75.732,21,No
2015-09,2015,Profuturo,3,28.0175084,30588.3744972622,1823.047,-1.6791,7.23577272727273,75.732,22,No
2015-10,2015,Profuturo,3,30.0119133,32229.7697295371,1821.995,1.596,7.01072727272727,75.732,22,No
2015-11,2015,Profuturo,3,30.9884533,33156.9467577335,1453.587,2.7542,6.69261904761905,75.732,21,No
2015-12,2015,Profuturo,3,30.4407492,32837.4059667953,1819.563,1.8451,6.70786363636364,75.732,22,No
2016-01,2016,Profuturo,3,29.2927916,32336.5226070006,1819.665,-1.3772,7.02015,75.951,20,No
2016-02,2016,Profuturo,3,29.6364798,32801.9468504419,1818.519,-3.8161,7.34585714285714,75.951,21,No
2016-03,2016,Profuturo,3,30.0560331,33062.4505782201,1817.678,-1.7701,7.139,75.951,23,No
2016-04,2016,Profuturo,3,31.0161574,33909.3172784717,1816.791,-2.3147,6.54485714285714,75.951,21,No
2016-05,2016,Profuturo,3,31.5613278,34453.3649642667,1816.235,-1.0266,6.26581818181818,75.951,22,No
2016-06,2016,Profuturo,3,30.4747511,33781.6471562705,1815.348,-0.8084,6.08436363636364,75.951,22,No
2016-07,2016,Profuturo,3,32.2558582,35000.2518523559,1814.346,1.675,5.75652380952381,75.951,21,No
2016-08,2016,Profuturo,3,32.9565219,35433.1737693382,1813.529,5.4429,5.63617391304348,75.951,23,No
2016-09,2016,Profuturo,3,33.1135946,35401.3790657822,1812.062,10.7121,5.79354545454546,75.951,22,No
2016-10,2016,Profuturo,3,32.8945515,35247.9534311268,1811.242,8.8304,5.77085714285714,75.951,21,No
2016-11,2016,Profuturo,3,33.214799,35266.9299019489,1810.527,4.4127,6.30986363636364,75.951,22,No
2016-12,2016,Profuturo,3,33.5082123,35341.0228885973,1809.955,5.6856,6.44685714285714,75.951,22,No
2017-01,2017,Profuturo,3,32.9966614,35254.6010468731,1809.343,8.8196,6.35095454545454,75.958,22,No
2017-02,2017,Profuturo,3,33.0246626,35400.476617505,1808.841,7.8258,6.26035,75.958,20,No
2017-03,2017,Profuturo,3,33.4098587,35840.7404666243,1808.26,5.5268,6.09739130434783,75.958,23,No
2017-04,2017,Profuturo,3,33.6494363,36191.0841021176,1807.718,5.82,5.87055555555556,75.958,20,No
2017-05,2017,Profuturo,3,34.5583736,36979.4046336665,1807.374,7.6379,5.71772727272727,75.958,23,No
2017-06,2017,Profuturo,3,34.5020754,37096.7897132644,1806.83,8.9449,5.57905,75.958,22,No
2017-07,2017,Profuturo,3,34.961083,37484.9004756764,1806.487,7.0169,5.65947368421053,75.958,21,No
2017-08,2017,Profuturo,3,35.2332138,37808.9014618174,1806.143,4.9942,5.46204347826087,75.958,23,No
2017-09,2017,Profuturo,3,36.6945668,38752.2114291575,1806.067,5.967,5.34190476190476,75.958,21,No
2017-10,2017,Profuturo,3,37.8961528,39328.7622050043,1805.939,8.1452,5.26331818181818,75.958,22,No
2017-11,2017,Profuturo,3,37.6347177,39379.628771442,1805.44,9.7841,5.2997619047619,75.958,22,No
2017-12,2017,Profuturo,3,37.7982497,39679.7029819762,1805.113,9.1628,5.24947368421053,75.958,20,No
2018-01,2018,Profuturo,3,39.2341507,41051.28208,1804.698,12.5768,4.81809523809524,76.018,22,No
2018-02,2018,Profuturo,3,38.3291049,40522.870209469,1804.196,12.5043,4.7945,76.018,20,No
2018-03,2018,Profuturo,3,37.9543637,40218.6364958217,1803.638,12.6193,4.845,76.018,22,No
2018-04,2018,Profuturo,3,38.742319,40322.5961672778,1803.265,10.8207,5.0242,76.018,21,No
2018-05,2018,Profuturo,3,38.653343,39986.6505816664,1802.644,7.8946,5.47227272727273,76.018,23,No
2018-06,2018,Profuturo,3,37.7652751,39546.0659355208,1802.205,5.5749,5.6626,76.018,21,No
2018-07,2018,Profuturo,3,38.7836012,40426.8679909337,1801.67,5.4181,5.48476190476191,76.018,22,No
2018-08,2018,Profuturo,3,38.1821543,40128.1593014069,1801.001,5.5721,5.4252380952381,76.018,23,No
2018-09,2018,Profuturo,3,38.097874,40192.3217598198,1800.447,3.3784,5.5175,76.018,20,No
2018-10,2018,Profuturo,3,36.3614323,38812.5189762424,1799.798,-0.9379,5.73181818181818,76.018,23,No
2018-11,2018,Profuturo,3,37.3695656,39615.1416819171,1798.632,-1.8326,5.727,76.018,22,No
2018-12,2018,Profuturo,3,36.1098479,38824.1750805855,1797.524,-3.4205,5.74363157894737,76.018,20,No
2019-01,2019,Profuturo,3,37.4133149,39950.3183625155,1794.183,-4.929,5.58772727272727,76.275,22,No
2019-02,2019,Profuturo,3,37.8748047,40221.1675381382,1792.602,-2.4523,5.4945,76.275,20,No
2019-03,2019,Profuturo,3,38.4493817,40800.71099,1792.093,-1.6505,5.29923809523809,76.275,21,No
2019-04,2019,Profuturo,3,38.9859862,41368.5270696716,1792.093,0.4531,5.2158,76.275,22,No
2019-05,2019,Profuturo,3,38.0436023,41049.378426199,1791.094,-0.105,5.13735454545455,76.275,23,No
2019-06,2019,Profuturo,3,38.6338292,41699.393689757,1790.482,2.264,4.81719,76.275,20,No
2019-07,2019,Profuturo,3,38.5357028,42042.6241260027,1789.661,4.2872,4.4401,76.275,23,No
2019-08,2019,Profuturo,3,38.1514755,42204.8156807509,1788.994,3.8488,4.228985,76.275,22,No
2019-09,2019,Profuturo,3,38.460943,42440.5222822595,1788.245,5.2741,4.15212380952381,76.275,21,No
2019-10,2019,Profuturo,3,39.111774,42915.1085483583,1787.4615,8.0687,4.07454285714286,76.275,23,Si
2019-11,2019,Profuturo,3,39.4642554,43031.3362388896,1786.678,9.1587,4.23969,76.275,21,No
2019-12,2019,Profuturo,3,40.0407364,43552.7397304855,1772.352,10.8096,4.3559380952381,76.275,21,No
2020-01,2020,Profuturo,3,40.15563,43846.571031412,1771.172,10.8539,4.50230909090909,73.832,22,No
2020-02,2020,Profuturo,3,38.5064052,42981.8249495515,1769.228,9.5387,4.258095,73.832,20,No
2020-03,2020,Profuturo,3,33.7385949,38668.010184646,1767.1,-1.2874,5.08725909090909,73.832,22,No
2020-04,2020,Profuturo,3,34.0102683,38585.4790060022,1767.1,-5.3335,5.0255,73.832,22,No
2020-05,2020,Profuturo,3,35.4061797,39380.449852306,1765.623,-1.1438,4.4295,73.832,21,No
2020-06,2020,Profuturo,3,37.4486508,37593.863710581,1765.579,1.7091,4.39,73.832,22,No
2020-07,2020,Profuturo,3,38.255945,36995.820734747,1765.068,2.2926,4.24045454545455,73.832,23,No
2020-08,2020,Profuturo,3,39.2385945,37599.630521954,1764.492,4.9589,4.06714285714286,73.832,21,No
2020-09,2020,Profuturo,3,39.4183034,37499.100136192,1763.597,3.8195,4.18681818181818,73.832,22,No
2020-10,2020,Profuturo,3,39.0427824,37449.946087955,1762.523,4.1429,4.20545454545454,73.832,22,No
2020-11,2020,Profuturo,3,42.268065,39677.640829903,1761.641,5.7532,4.01450476190476,73.832,21,No
2020-12,2020,Profuturo,3,44.2492306,40384.333399253,1760.772,9.5744,3.63264285714286,73.832,22,No
2021-01,2021,Profuturo,3,45.6216536,39566.836278665,1759.953,10.4034,3.658,71.596,20,No
2021-02,2021,Profuturo,3,47.9104353,39294.90908874,1759.265,11.802,3.9115,71.596,20,No
2021-03,2021,Profuturo,3,47.6707815,38782.220188992,1758.011,20.608,4.68608695652174,71.596,23,No
2021-04,2021,Profuturo,3,46.9586818,38552.615224713,1757.303,23.3155,5.09,71.596,22,No
2021-05,2021,Profuturo,3,49.4001966,39850.298393504,1756.623,20.2115,4.99,71.596,21,No
2021-06,2021,Profuturo,3,48.0287288,38267.963325602,1755.526,15.77,5.27323809523809,71.596,22,No
2021-07,2021,Profuturo,3,47.7508943,35403.856431873,1754.676,10.4647,5.6647,71.596,22,No
2021-08,2021,Profuturo,3,48.425458,32310.360735203,1753.986,4.9764,6.35523809523809,71.596,22,No
2021-09,2021,Profuturo,3,49.8066414,30286.2986334106,1753.426,6.919,6.34227272727273,71.596,22,No
2021-10,2021,Profuturo,3,52.4714563,30944.6871863037,1752.554,6.7747,5.9495,71.596,21,No
2021-11,2021,Profuturo,3,53.1067148,31085.97218364,1750.528,5.455,5.86571428571429,71.596,22,No
2021-12,2021,Profuturo,3,53.3326792,31236.545066398,1749.975,0.4823,5.92563636363636,71.596,23,No
2022-01,2022,Profuturo,3,54.1596745,30980.978663352,1749.579,-1.9442,6.07457142857143,76.834,21,No
2022-02,2022,Profuturo,3,53.8807175,30914.917600937,1749.304,-5.277,6.071,76.834,20,No
2022-03,2022,Profuturo,3,54.2848149,30987.6301481316,1748.933,-5.1322,6.59782608695652,76.834,23,No
2022-04,2022,Profuturo,3,52.63541059999999,30210.532854353,1748.448,-7.3862,7.37315789473684,76.834,21,No
2022-05,2022,Profuturo,3,48.075861800000006,29218.3470558462,1747.832,-13.5983,7.92363636363636,76.834,22,No
2022-06,2022,Profuturo,3,45.5224338,28428.2063862359,1747.356,-16.6084,7.858,76.834,22,No
2022-07,2022,Profuturo,3,46.8573771,27502.4611958978,1746.671,-16.2838,8.21631578947368,76.834,21,No
2022-08,2022,Profuturo,3,45.7916957,25353.2660650627,1745.949,-13.3764,7.90872727272727,76.834,23,No
2022-09,2022,Profuturo,3,45.8821289,23298.7319761592,1745.22,-17.39,8.30590909090909,76.834,22,No
2022-10,2022,Profuturo,3,47.9503795,23335.7849372136,1744.345,-16.4497,8.64571428571429,76.834,21,No
2022-11,2022,Profuturo,3,48.888561,23852.6614615719,1743.458,-16.1924,7.86476190476191,76.834,22,No
2022-12,2022,Profuturo,3,47.7865893,23520.6078481537,1742.641,-16.4035,7.8615,76.834,22,No
2023-01,2023,Profuturo,3,49.7402415,24214.4240556824,1741.853,-13.5837,7.95952380952381,77.74,22,No
2023-02,2023,Profuturo,3,47.9728931,23763.0419109231,1741.27,-14.476,7.87935,77.74,20,No
2023-03,2023,Profuturo,3,47.698545800000005,23986.482914293,1740.288,-13.3492,7.71669565217391,77.74,23,No
2023-04,2023,Profuturo,3,47.5053739,23955.1375887637,1739.98,-10.5317,7.48888888888889,77.74,20,No
2023-05,2023,Profuturo,3,46.3437888,23913.8856277337,1738.721,-8.0377,7.275,77.74,23,No
2023-06,2023,Profuturo,3,47.1748929,24458.6335741728,1737.875,-2.1869,7.07380952380952,77.74,22,No
2023-07,2023,Profuturo,3,48.648321,24937.7114096838,1736.914,-1.2015,6.7555,77.74,21,No
2023-08,2023,Profuturo,3,48.7787979,25026.408339273,1736.02,1.1468,6.84409090909091,77.74,23,No
2023-09,2023,Profuturo,3,48.8138697,24813.8709082199,1735.096,1.6624,6.96857142857143,77.74,21,No
2023-10,2023,Profuturo,3,47.9112454,24477.913339263,1734.16,-0.6705,7.62454545454545,77.74,22,No
2023-11,2023,Profuturo,3,48.3337961,24972.4879698797,1733.3,-0.0379,7.17190476190476,77.74,22,No
2023-12,2023,Profuturo,3,50.9928377,26030.9397531704,1732.304,6.5673,6.86847368421053,77.74,20,No
2024-01,2024,Profuturo,3,52.3832334,26414.0228648764,1731.503,5.8396,6.67952380952381,77.941,22,No
2024-02,2024,Profuturo,3,54.0108291,26677.097521709,1730.725,8.468,6.75380952380952,77.941,21,No
2024-03,2024,Profuturo,3,53.811445000000006,26522.19691934,1729.866,7.0086,7.00578947368421,77.941,21,No
2024-04,2024,Profuturo,3,53.0289567,26284.1480673226,1728.82,7.2788,7.38204545454545,77.941,22,No
2024-05,2024,Profuturo,3,54.5243308,26752.53938136,1727.741,9.3469,7.09540909090909,77.941,23,No
2024-06,2024,Profuturo,3,54.5214518,25472.302113924,1726.747,7.8983,7.08842105263158,77.941,20,No
2024-07,2024,Profuturo,3,53.4083777,23481.944147791,1725.442,4.864,6.9725,77.941,23,No
2024-08,2024,Profuturo,3,52.0244103,22262.214709655,1724.533,4.9211,6.5835,77.941,22,No
2024-09,2024,Profuturo,3,52.2029142,21854.042653905,1723.496,7.1705,6.36185714285714,77.941,21,No
2024-10,2024,Profuturo,3,52.7786522,21632.743594533,1722.895,7.3481,6.52246818181818,77.941,23,No
2024-11,2024,Profuturo,3,52.35783610000001,21745.130522163,1722.039,5.1916,6.669,77.941,21,No
2024-12,2024,Profuturo,3,51.5789013,21652.737528355,1721.332,0.5695,6.62515789473684,77.941,21,No
2025-01,2025,Profuturo,3,51.4974275,21695.35660017,1720.325,-1.1234,6.69,,22,No
2025-02,2025,Profuturo,3,50.5392348,21647.058036251,1719.244,-2.1525,6.4725,,20,No
2025-03,2025,Profuturo,3,50.8582189,21674.015662127,1718.064,-1.0415,6.4852380952381,,21,No
2025-04,2025,Profuturo,3,50.8254508,21689.902938216,1717.131,-0.4385,6.604,,22,No
2025-05,2025,Profuturo,3,52.1499968,22021.913426312,1716.277,-0.1884,6.48666666666667,,22,No
2025-06,2025,Profuturo,3,53.4427166,22437.472490756,1744.426,0.6026,6.41190476190476,,21,No
2025-07,2025,Profuturo,3,54.485629200000005,22802.709969797,1780.104,3.2709,6.18745,,23,No
2025-08,2025,Profuturo,3,55.6670379,23127.24608623,1820.931,4.3619,6.01696,,21,No
2025-09,2025,Profuturo,3,58.5841769,23849.949935598,1864.332,6.1247,6.12590909090909,,22,No
2025-10,2025,Profuturo,3,58.5799875,23800.588306896,1910.825,5.8561,6.10583636363637,,23,No
2025-11,2025,Profuturo,3,59.0869103,23375.265326658,1951.256,6.8306,6.00445,,20,No
2025-12,2025,Profuturo,3,62.581457,22657.24553202,1987.121,10.9788,5.82715789473684,,22,No
