periodo,codigo_serie,nombre_serie_api,afp,variable,valor
Ene.2010,PN01168MM,Sistema privado de pensiones - Valor del Fondo - AFP Habitat (millones S/),Habitat,valor_fondo_mill_soles,0
Feb.2010,PN01168MM,Sistema privado de pensiones - Valor del Fondo - AFP Habitat (millones S/),Habitat,valor_fondo_mill_soles,0
Mar.2010,PN01168MM,Sistema privado de pensiones - Valor del Fondo - AFP Habitat (millones S/),Habitat,valor_fondo_mill_soles,0
Abr.2010,PN01168MM,Sistema privado de pensiones - Valor del Fondo - AFP Habitat (millones S/),Habitat,valor_fondo_mill_soles,0
May.2010,PN01168MM,Sistema privado de pensiones - Valor del Fondo - AFP Habitat (millones S/),Habitat,valor_fondo_mill_soles,0
Jun.2010,PN01168MM,Sistema privado de pensiones - Valor del Fondo - AFP Habitat (millones S/),Habitat,valor_fondo_mill_soles,0
Jul.2010,PN01168MM,Sistema privado de pensiones - Valor del Fondo - AFP Habitat (millones S/),Habitat,valor_fondo_mill_soles,0
Ago.2010,PN01168MM,Sistema privado de pensiones - Valor del Fondo - AFP Habitat (millones S/),Habitat,valor_fondo_mill_soles,0
Sep.2010,PN01168MM,Sistema privado de pensiones - Valor del Fondo - AFP Habitat (millones S/),Habitat,valor_fondo_mill_soles,0
Oct.2010,PN01168MM,Sistema privado de pensiones - Valor del Fondo - AFP Habitat (millones S/),Habitat,valor_fondo_mill_soles,0
Nov.2010,PN01168MM,Sistema privado de pensiones - Valor del Fondo - AFP Habitat (millones S/),Habitat,valor_fondo_mill_soles,0
Dic.2010,PN01168MM,Sistema privado de pensiones - Valor del Fondo - AFP Habitat (millones S/),Habitat,valor_fondo_mill_soles,0
Ene.2011,PN01168MM,Sistema privado de pensiones - Valor del Fondo - AFP Habitat (millones S/),Habitat,valor_fondo_mill_soles,0
Feb.2011,PN01168MM,Sistema privado de pensiones - Valor del Fondo - AFP Habitat (millones S/),Habitat,valor_fondo_mill_soles,0
Mar.2011,PN01168MM,Sistema privado de pensiones - Valor del Fondo - AFP Habitat (millones S/),Habitat,valor_fondo_mill_soles,0
Abr.2011,PN01168MM,Sistema privado de pensiones - Valor del Fondo - AFP Habitat (millones S/),Habitat,valor_fondo_mill_soles,0
May.2011,PN01168MM,Sistema privado de pensiones - Valor del Fondo - AFP Habitat (millones S/),Habitat,valor_fondo_mill_soles,0
Jun.2011,PN01168MM,Sistema privado de pensiones - Valor del Fondo - AFP Habitat (millones S/),Habitat,valor_fondo_mill_soles,0
Jul.2011,PN01168MM,Sistema privado de pensiones - Valor del Fondo - AFP Habitat (millones S/),Habitat,valor_fondo_mill_soles,0
Ago.2011,PN01168MM,Sistema privado de pensiones - Valor del Fondo - AFP Habitat (millones S/),Habitat,valor_fondo_mill_soles,0
Sep.2011,PN01168MM,Sistema privado de pensiones - Valor del Fondo - AFP Habitat (millones S/),Habitat,valor_fondo_mill_soles,0
Oct.2011,PN01168MM,Sistema privado de pensiones - Valor del Fondo - AFP Habitat (millones S/),Habitat,valor_fondo_mill_soles,0
Nov.2011,PN01168MM,Sistema privado de pensiones - Valor del Fondo - AFP Habitat (millones S/),Habitat,valor_fondo_mill_soles,0
Dic.2011,PN01168MM,Sistema privado de pensiones - Valor del Fondo - AFP Habitat (millones S/),Habitat,valor_fondo_mill_soles,0
Ene.2012,PN01168MM,Sistema privado de pensiones - Valor del Fondo - AFP Habitat (millones S/),Habitat,valor_fondo_mill_soles,0
Feb.2012,PN01168MM,Sistema privado de pensiones - Valor del Fondo - AFP Habitat (millones S/),Habitat,valor_fondo_mill_soles,0
Mar.2012,PN01168MM,Sistema privado de pensiones - Valor del Fondo - AFP Habitat (millones S/),Habitat,valor_fondo_mill_soles,0
Abr.2012,PN01168MM,Sistema privado de pensiones - Valor del Fondo - AFP Habitat (millones S/),Habitat,valor_fondo_mill_soles,0
May.2012,PN01168MM,Sistema privado de pensiones - Valor del Fondo - AFP Habitat (millones S/),Habitat,valor_fondo_mill_soles,0
Jun.2012,PN01168MM,Sistema privado de pensiones - Valor del Fondo - AFP Habitat (millones S/),Habitat,valor_fondo_mill_soles,0
Jul.2012,PN01168MM,Sistema privado de pensiones - Valor del Fondo - AFP Habitat (millones S/),Habitat,valor_fondo_mill_soles,0
Ago.2012,PN01168MM,Sistema privado de pensiones - Valor del Fondo - AFP Habitat (millones S/),Habitat,valor_fondo_mill_soles,0
Sep.2012,PN01168MM,Sistema privado de pensiones - Valor del Fondo - AFP Habitat (millones S/),Habitat,valor_fondo_mill_soles,0
Oct.2012,PN01168MM,Sistema privado de pensiones - Valor del Fondo - AFP Habitat (millones S/),Habitat,valor_fondo_mill_soles,0
Nov.2012,PN01168MM,Sistema privado de pensiones - Valor del Fondo - AFP Habitat (millones S/),Habitat,valor_fondo_mill_soles,0
Dic.2012,PN01168MM,Sistema privado de pensiones - Valor del Fondo - AFP Habitat (millones S/),Habitat,valor_fondo_mill_soles,0
Ene.2013,PN01168MM,Sistema privado de pensiones - Valor del Fondo - AFP Habitat (millones S/),Habitat,valor_fondo_mill_soles,0
Feb.2013,PN01168MM,Sistema privado de pensiones - Valor del Fondo - AFP Habitat (millones S/),Habitat,valor_fondo_mill_soles,0
Mar.2013,PN01168MM,Sistema privado de pensiones - Valor del Fondo - AFP Habitat (millones S/),Habitat,valor_fondo_mill_soles,0
Abr.2013,PN01168MM,Sistema privado de pensiones - Valor del Fondo - AFP Habitat (millones S/),Habitat,valor_fondo_mill_soles,0
May.2013,PN01168MM,Sistema privado de pensiones - Valor del Fondo - AFP Habitat (millones S/),Habitat,valor_fondo_mill_soles,0
Jun.2013,PN01168MM,Sistema privado de pensiones - Valor del Fondo - AFP Habitat (millones S/),Habitat,valor_fondo_mill_soles,0.0028703933324
Jul.2013,PN01168MM,Sistema privado de pensiones - Valor del Fondo - AFP Habitat (millones S/),Habitat,valor_fondo_mill_soles,0.6127599774699
Ago.2013,PN01168MM,Sistema privado de pensiones - Valor del Fondo - AFP Habitat (millones S/),Habitat,valor_fondo_mill_soles,2.3824862831919
Sep.2013,PN01168MM,Sistema privado de pensiones - Valor del Fondo - AFP Habitat (millones S/),Habitat,valor_fondo_mill_soles,14.3902319365539
Oct.2013,PN01168MM,Sistema privado de pensiones - Valor del Fondo - AFP Habitat (millones S/),Habitat,valor_fondo_mill_soles,39.2878933282179
Nov.2013,PN01168MM,Sistema privado de pensiones - Valor del Fondo - AFP Habitat (millones S/),Habitat,valor_fondo_mill_soles,60.1064138523824
Dic.2013,PN01168MM,Sistema privado de pensiones - Valor del Fondo - AFP Habitat (millones S/),Habitat,valor_fondo_mill_soles,82.7128584923975
Ene.2014,PN01168MM,Sistema privado de pensiones - Valor del Fondo - AFP Habitat (millones S/),Habitat,valor_fondo_mill_soles,118.524303842298
Feb.2014,PN01168MM,Sistema privado de pensiones - Valor del Fondo - AFP Habitat (millones S/),Habitat,valor_fondo_mill_soles,151.793323514733
Mar.2014,PN01168MM,Sistema privado de pensiones - Valor del Fondo - AFP Habitat (millones S/),Habitat,valor_fondo_mill_soles,169.738166437884
Abr.2014,PN01168MM,Sistema privado de pensiones - Valor del Fondo - AFP Habitat (millones S/),Habitat,valor_fondo_mill_soles,196.783595397938
May.2014,PN01168MM,Sistema privado de pensiones - Valor del Fondo - AFP Habitat (millones S/),Habitat,valor_fondo_mill_soles,220.817518971707
Jun.2014,PN01168MM,Sistema privado de pensiones - Valor del Fondo - AFP Habitat (millones S/),Habitat,valor_fondo_mill_soles,254.457561253985
Jul.2014,PN01168MM,Sistema privado de pensiones - Valor del Fondo - AFP Habitat (millones S/),Habitat,valor_fondo_mill_soles,289.399446680289
Ago.2014,PN01168MM,Sistema privado de pensiones - Valor del Fondo - AFP Habitat (millones S/),Habitat,valor_fondo_mill_soles,328.691058171731
Sep.2014,PN01168MM,Sistema privado de pensiones - Valor del Fondo - AFP Habitat (millones S/),Habitat,valor_fondo_mill_soles,364.194387414162
Oct.2014,PN01168MM,Sistema privado de pensiones - Valor del Fondo - AFP Habitat (millones S/),Habitat,valor_fondo_mill_soles,417.840822683961
Nov.2014,PN01168MM,Sistema privado de pensiones - Valor del Fondo - AFP Habitat (millones S/),Habitat,valor_fondo_mill_soles,457.299953690019
Dic.2014,PN01168MM,Sistema privado de pensiones - Valor del Fondo - AFP Habitat (millones S/),Habitat,valor_fondo_mill_soles,499.521831077925
Ene.2015,PN01168MM,Sistema privado de pensiones - Valor del Fondo - AFP Habitat (millones S/),Habitat,valor_fondo_mill_soles,553.404456637696
Feb.2015,PN01168MM,Sistema privado de pensiones - Valor del Fondo - AFP Habitat (millones S/),Habitat,valor_fondo_mill_soles,619.627586273459
Mar.2015,PN01168MM,Sistema privado de pensiones - Valor del Fondo - AFP Habitat (millones S/),Habitat,valor_fondo_mill_soles,670.97242395998
Abr.2015,PN01168MM,Sistema privado de pensiones - Valor del Fondo - AFP Habitat (millones S/),Habitat,valor_fondo_mill_soles,739.387263840784
May.2015,PN01168MM,Sistema privado de pensiones - Valor del Fondo - AFP Habitat (millones S/),Habitat,valor_fondo_mill_soles,825.410912434398
Jun.2015,PN01168MM,Sistema privado de pensiones - Valor del Fondo - AFP Habitat (millones S/),Habitat,valor_fondo_mill_soles,902.29658401926
Jul.2015,PN01168MM,Sistema privado de pensiones - Valor del Fondo - AFP Habitat (millones S/),Habitat,valor_fondo_mill_soles,994.489501188383
Ago.2015,PN01168MM,Sistema privado de pensiones - Valor del Fondo - AFP Habitat (millones S/),Habitat,valor_fondo_mill_soles,1052.2071335289
Sep.2015,PN01168MM,Sistema privado de pensiones - Valor del Fondo - AFP Habitat (millones S/),Habitat,valor_fondo_mill_soles,1117.37724344271
Oct.2015,PN01168MM,Sistema privado de pensiones - Valor del Fondo - AFP Habitat (millones S/),Habitat,valor_fondo_mill_soles,1270.56297317667
Nov.2015,PN01168MM,Sistema privado de pensiones - Valor del Fondo - AFP Habitat (millones S/),Habitat,valor_fondo_mill_soles,1410.86925283671
Dic.2015,PN01168MM,Sistema privado de pensiones - Valor del Fondo - AFP Habitat (millones S/),Habitat,valor_fondo_mill_soles,1479.85394845173
Ene.2016,PN01168MM,Sistema privado de pensiones - Valor del Fondo - AFP Habitat (millones S/),Habitat,valor_fondo_mill_soles,1554.93679339034
Feb.2016,PN01168MM,Sistema privado de pensiones - Valor del Fondo - AFP Habitat (millones S/),Habitat,valor_fondo_mill_soles,1676.39159850678
Mar.2016,PN01168MM,Sistema privado de pensiones - Valor del Fondo - AFP Habitat (millones S/),Habitat,valor_fondo_mill_soles,1776.51249314904
Abr.2016,PN01168MM,Sistema privado de pensiones - Valor del Fondo - AFP Habitat (millones S/),Habitat,valor_fondo_mill_soles,1936.64969164438
May.2016,PN01168MM,Sistema privado de pensiones - Valor del Fondo - AFP Habitat (millones S/),Habitat,valor_fondo_mill_soles,2087.69663297658
Jun.2016,PN01168MM,Sistema privado de pensiones - Valor del Fondo - AFP Habitat (millones S/),Habitat,valor_fondo_mill_soles,2161.7944039254
Jul.2016,PN01168MM,Sistema privado de pensiones - Valor del Fondo - AFP Habitat (millones S/),Habitat,valor_fondo_mill_soles,2378.22258681751
Ago.2016,PN01168MM,Sistema privado de pensiones - Valor del Fondo - AFP Habitat (millones S/),Habitat,valor_fondo_mill_soles,2522.62151333492
Sep.2016,PN01168MM,Sistema privado de pensiones - Valor del Fondo - AFP Habitat (millones S/),Habitat,valor_fondo_mill_soles,2639.15883175622
Oct.2016,PN01168MM,Sistema privado de pensiones - Valor del Fondo - AFP Habitat (millones S/),Habitat,valor_fondo_mill_soles,2742.45519980248
Nov.2016,PN01168MM,Sistema privado de pensiones - Valor del Fondo - AFP Habitat (millones S/),Habitat,valor_fondo_mill_soles,2848.92395200389
Dic.2016,PN01168MM,Sistema privado de pensiones - Valor del Fondo - AFP Habitat (millones S/),Habitat,valor_fondo_mill_soles,2987.33822935869
Ene.2017,PN01168MM,Sistema privado de pensiones - Valor del Fondo - AFP Habitat (millones S/),Habitat,valor_fondo_mill_soles,3130.48726837086
Feb.2017,PN01168MM,Sistema privado de pensiones - Valor del Fondo - AFP Habitat (millones S/),Habitat,valor_fondo_mill_soles,3289.92696911258
Mar.2017,PN01168MM,Sistema privado de pensiones - Valor del Fondo - AFP Habitat (millones S/),Habitat,valor_fondo_mill_soles,3448.33045873464
Abr.2017,PN01168MM,Sistema privado de pensiones - Valor del Fondo - AFP Habitat (millones S/),Habitat,valor_fondo_mill_soles,3605.08114262891
May.2017,PN01168MM,Sistema privado de pensiones - Valor del Fondo - AFP Habitat (millones S/),Habitat,valor_fondo_mill_soles,3848.79667133579
Jun.2017,PN01168MM,Sistema privado de pensiones - Valor del Fondo - AFP Habitat (millones S/),Habitat,valor_fondo_mill_soles,4007.89024450559
Jul.2017,PN01168MM,Sistema privado de pensiones - Valor del Fondo - AFP Habitat (millones S/),Habitat,valor_fondo_mill_soles,4186.76146545536
Ago.2017,PN01168MM,Sistema privado de pensiones - Valor del Fondo - AFP Habitat (millones S/),Habitat,valor_fondo_mill_soles,4409.87321832333
Sep.2017,PN01168MM,Sistema privado de pensiones - Valor del Fondo - AFP Habitat (millones S/),Habitat,valor_fondo_mill_soles,4715.73094793111
Oct.2017,PN01168MM,Sistema privado de pensiones - Valor del Fondo - AFP Habitat (millones S/),Habitat,valor_fondo_mill_soles,5008.3373276788
Nov.2017,PN01168MM,Sistema privado de pensiones - Valor del Fondo - AFP Habitat (millones S/),Habitat,valor_fondo_mill_soles,5202.99201593153
Dic.2017,PN01168MM,Sistema privado de pensiones - Valor del Fondo - AFP Habitat (millones S/),Habitat,valor_fondo_mill_soles,5426.42054528316
Ene.2018,PN01168MM,Sistema privado de pensiones - Valor del Fondo - AFP Habitat (millones S/),Habitat,valor_fondo_mill_soles,5840.3377
Feb.2018,PN01168MM,Sistema privado de pensiones - Valor del Fondo - AFP Habitat (millones S/),Habitat,valor_fondo_mill_soles,5983.4190522928
Mar.2018,PN01168MM,Sistema privado de pensiones - Valor del Fondo - AFP Habitat (millones S/),Habitat,valor_fondo_mill_soles,6123.5856234568
Abr.2018,PN01168MM,Sistema privado de pensiones - Valor del Fondo - AFP Habitat (millones S/),Habitat,valor_fondo_mill_soles,6328.5324381472
May.2018,PN01168MM,Sistema privado de pensiones - Valor del Fondo - AFP Habitat (millones S/),Habitat,valor_fondo_mill_soles,6475.5483681325
Jun.2018,PN01168MM,Sistema privado de pensiones - Valor del Fondo - AFP Habitat (millones S/),Habitat,valor_fondo_mill_soles,6582.52431434543
Jul.2018,PN01168MM,Sistema privado de pensiones - Valor del Fondo - AFP Habitat (millones S/),Habitat,valor_fondo_mill_soles,6865.7495785163
Ago.2018,PN01168MM,Sistema privado de pensiones - Valor del Fondo - AFP Habitat (millones S/),Habitat,valor_fondo_mill_soles,6980.9714596802
Sep.2018,PN01168MM,Sistema privado de pensiones - Valor del Fondo - AFP Habitat (millones S/),Habitat,valor_fondo_mill_soles,7146.60068942462
Oct.2018,PN01168MM,Sistema privado de pensiones - Valor del Fondo - AFP Habitat (millones S/),Habitat,valor_fondo_mill_soles,7023.9843667038
Nov.2018,PN01168MM,Sistema privado de pensiones - Valor del Fondo - AFP Habitat (millones S/),Habitat,valor_fondo_mill_soles,7325.0388722661
Dic.2018,PN01168MM,Sistema privado de pensiones - Valor del Fondo - AFP Habitat (millones S/),Habitat,valor_fondo_mill_soles,7278.9953321263
Ene.2019,PN01168MM,Sistema privado de pensiones - Valor del Fondo - AFP Habitat (millones S/),Habitat,valor_fondo_mill_soles,7707.9566883989
Feb.2019,PN01168MM,Sistema privado de pensiones - Valor del Fondo - AFP Habitat (millones S/),Habitat,valor_fondo_mill_soles,7919.6725515057
Mar.2019,PN01168MM,Sistema privado de pensiones - Valor del Fondo - AFP Habitat (millones S/),Habitat,valor_fondo_mill_soles,8197.49637
Abr.2019,PN01168MM,Sistema privado de pensiones - Valor del Fondo - AFP Habitat (millones S/),Habitat,valor_fondo_mill_soles,8507.390526811
May.2019,PN01168MM,Sistema privado de pensiones - Valor del Fondo - AFP Habitat (millones S/),Habitat,valor_fondo_mill_soles,8538.9265846034
Jun.2019,PN01168MM,Sistema privado de pensiones - Valor del Fondo - AFP Habitat (millones S/),Habitat,valor_fondo_mill_soles,8947.324598162
Jul.2019,PN01168MM,Sistema privado de pensiones - Valor del Fondo - AFP Habitat (millones S/),Habitat,valor_fondo_mill_soles,9280.2637346927
Ago.2019,PN01168MM,Sistema privado de pensiones - Valor del Fondo - AFP Habitat (millones S/),Habitat,valor_fondo_mill_soles,9521.255524996
Sep.2019,PN01168MM,Sistema privado de pensiones - Valor del Fondo - AFP Habitat (millones S/),Habitat,valor_fondo_mill_soles,9928.2725042617
Oct.2019,PN01168MM,Sistema privado de pensiones - Valor del Fondo - AFP Habitat (millones S/),Habitat,valor_fondo_mill_soles,10357.9640558158
Nov.2019,PN01168MM,Sistema privado de pensiones - Valor del Fondo - AFP Habitat (millones S/),Habitat,valor_fondo_mill_soles,10726.8086526193
Dic.2019,PN01168MM,Sistema privado de pensiones - Valor del Fondo - AFP Habitat (millones S/),Habitat,valor_fondo_mill_soles,11197.7594342813
Ene.2020,PN01168MM,Sistema privado de pensiones - Valor del Fondo - AFP Habitat (millones S/),Habitat,valor_fondo_mill_soles,11707.740292013
Feb.2020,PN01168MM,Sistema privado de pensiones - Valor del Fondo - AFP Habitat (millones S/),Habitat,valor_fondo_mill_soles,11821.3618998711
Mar.2020,PN01168MM,Sistema privado de pensiones - Valor del Fondo - AFP Habitat (millones S/),Habitat,valor_fondo_mill_soles,10754.3990247901
Abr.2020,PN01168MM,Sistema privado de pensiones - Valor del Fondo - AFP Habitat (millones S/),Habitat,valor_fondo_mill_soles,10980.5649566996
May.2020,PN01168MM,Sistema privado de pensiones - Valor del Fondo - AFP Habitat (millones S/),Habitat,valor_fondo_mill_soles,11398.447952562
Jun.2020,PN01168MM,Sistema privado de pensiones - Valor del Fondo - AFP Habitat (millones S/),Habitat,valor_fondo_mill_soles,10942.622463151
Jul.2020,PN01168MM,Sistema privado de pensiones - Valor del Fondo - AFP Habitat (millones S/),Habitat,valor_fondo_mill_soles,11042.76120322
Ago.2020,PN01168MM,Sistema privado de pensiones - Valor del Fondo - AFP Habitat (millones S/),Habitat,valor_fondo_mill_soles,11384.624024538
Sep.2020,PN01168MM,Sistema privado de pensiones - Valor del Fondo - AFP Habitat (millones S/),Habitat,valor_fondo_mill_soles,11578.212793295
Oct.2020,PN01168MM,Sistema privado de pensiones - Valor del Fondo - AFP Habitat (millones S/),Habitat,valor_fondo_mill_soles,11814.144171796
Nov.2020,PN01168MM,Sistema privado de pensiones - Valor del Fondo - AFP Habitat (millones S/),Habitat,valor_fondo_mill_soles,12905.449771242
Dic.2020,PN01168MM,Sistema privado de pensiones - Valor del Fondo - AFP Habitat (millones S/),Habitat,valor_fondo_mill_soles,13643.608699135
Ene.2021,PN01168MM,Sistema privado de pensiones - Valor del Fondo - AFP Habitat (millones S/),Habitat,valor_fondo_mill_soles,13932.212995653
Feb.2021,PN01168MM,Sistema privado de pensiones - Valor del Fondo - AFP Habitat (millones S/),Habitat,valor_fondo_mill_soles,14326.919933301
Mar.2021,PN01168MM,Sistema privado de pensiones - Valor del Fondo - AFP Habitat (millones S/),Habitat,valor_fondo_mill_soles,14309.363301325
Abr.2021,PN01168MM,Sistema privado de pensiones - Valor del Fondo - AFP Habitat (millones S/),Habitat,valor_fondo_mill_soles,14524.618995485
May.2021,PN01168MM,Sistema privado de pensiones - Valor del Fondo - AFP Habitat (millones S/),Habitat,valor_fondo_mill_soles,15154.531960051
Jun.2021,PN01168MM,Sistema privado de pensiones - Valor del Fondo - AFP Habitat (millones S/),Habitat,valor_fondo_mill_soles,14696.713883315
Jul.2021,PN01168MM,Sistema privado de pensiones - Valor del Fondo - AFP Habitat (millones S/),Habitat,valor_fondo_mill_soles,13857.185787124
Ago.2021,PN01168MM,Sistema privado de pensiones - Valor del Fondo - AFP Habitat (millones S/),Habitat,valor_fondo_mill_soles,13073.240595599
Sep.2021,PN01168MM,Sistema privado de pensiones - Valor del Fondo - AFP Habitat (millones S/),Habitat,valor_fondo_mill_soles,12565.039881103
Oct.2021,PN01168MM,Sistema privado de pensiones - Valor del Fondo - AFP Habitat (millones S/),Habitat,valor_fondo_mill_soles,12752.169611851
Nov.2021,PN01168MM,Sistema privado de pensiones - Valor del Fondo - AFP Habitat (millones S/),Habitat,valor_fondo_mill_soles,12826.183813618
Dic.2021,PN01168MM,Sistema privado de pensiones - Valor del Fondo - AFP Habitat (millones S/),Habitat,valor_fondo_mill_soles,12825.4686689947
Ene.2022,PN01168MM,Sistema privado de pensiones - Valor del Fondo - AFP Habitat (millones S/),Habitat,valor_fondo_mill_soles,12714.33856496
Feb.2022,PN01168MM,Sistema privado de pensiones - Valor del Fondo - AFP Habitat (millones S/),Habitat,valor_fondo_mill_soles,12750.189134255
Mar.2022,PN01168MM,Sistema privado de pensiones - Valor del Fondo - AFP Habitat (millones S/),Habitat,valor_fondo_mill_soles,12917.6337286779
Abr.2022,PN01168MM,Sistema privado de pensiones - Valor del Fondo - AFP Habitat (millones S/),Habitat,valor_fondo_mill_soles,12557.36471685
May.2022,PN01168MM,Sistema privado de pensiones - Valor del Fondo - AFP Habitat (millones S/),Habitat,valor_fondo_mill_soles,12272.7696964005
Jun.2022,PN01168MM,Sistema privado de pensiones - Valor del Fondo - AFP Habitat (millones S/),Habitat,valor_fondo_mill_soles,11852.6360985997
Jul.2022,PN01168MM,Sistema privado de pensiones - Valor del Fondo - AFP Habitat (millones S/),Habitat,valor_fondo_mill_soles,11730.1881815874
Ago.2022,PN01168MM,Sistema privado de pensiones - Valor del Fondo - AFP Habitat (millones S/),Habitat,valor_fondo_mill_soles,11111.0209573065
Sep.2022,PN01168MM,Sistema privado de pensiones - Valor del Fondo - AFP Habitat (millones S/),Habitat,valor_fondo_mill_soles,10741.0473090124
Oct.2022,PN01168MM,Sistema privado de pensiones - Valor del Fondo - AFP Habitat (millones S/),Habitat,valor_fondo_mill_soles,11159.8414319181
Nov.2022,PN01168MM,Sistema privado de pensiones - Valor del Fondo - AFP Habitat (millones S/),Habitat,valor_fondo_mill_soles,11517.7310203376
Dic.2022,PN01168MM,Sistema privado de pensiones - Valor del Fondo - AFP Habitat (millones S/),Habitat,valor_fondo_mill_soles,11451.427015263
Ene.2023,PN01168MM,Sistema privado de pensiones - Valor del Fondo - AFP Habitat (millones S/),Habitat,valor_fondo_mill_soles,11976.6208091707
Feb.2023,PN01168MM,Sistema privado de pensiones - Valor del Fondo - AFP Habitat (millones S/),Habitat,valor_fondo_mill_soles,11860.0585914315
Mar.2023,PN01168MM,Sistema privado de pensiones - Valor del Fondo - AFP Habitat (millones S/),Habitat,valor_fondo_mill_soles,12282.854755512
Abr.2023,PN01168MM,Sistema privado de pensiones - Valor del Fondo - AFP Habitat (millones S/),Habitat,valor_fondo_mill_soles,12471.4406248877
May.2023,PN01168MM,Sistema privado de pensiones - Valor del Fondo - AFP Habitat (millones S/),Habitat,valor_fondo_mill_soles,12555.5990400281
Jun.2023,PN01168MM,Sistema privado de pensiones - Valor del Fondo - AFP Habitat (millones S/),Habitat,valor_fondo_mill_soles,13065.2494235159
Jul.2023,PN01168MM,Sistema privado de pensiones - Valor del Fondo - AFP Habitat (millones S/),Habitat,valor_fondo_mill_soles,13536.4525675668
Ago.2023,PN01168MM,Sistema privado de pensiones - Valor del Fondo - AFP Habitat (millones S/),Habitat,valor_fondo_mill_soles,13747.282450866
Sep.2023,PN01168MM,Sistema privado de pensiones - Valor del Fondo - AFP Habitat (millones S/),Habitat,valor_fondo_mill_soles,13694.2461139506
Oct.2023,PN01168MM,Sistema privado de pensiones - Valor del Fondo - AFP Habitat (millones S/),Habitat,valor_fondo_mill_soles,13657.57735164
Nov.2023,PN01168MM,Sistema privado de pensiones - Valor del Fondo - AFP Habitat (millones S/),Habitat,valor_fondo_mill_soles,14128.739737408
Dic.2023,PN01168MM,Sistema privado de pensiones - Valor del Fondo - AFP Habitat (millones S/),Habitat,valor_fondo_mill_soles,14998.3233770685
Ene.2024,PN01168MM,Sistema privado de pensiones - Valor del Fondo - AFP Habitat (millones S/),Habitat,valor_fondo_mill_soles,15366.8940759063
Feb.2024,PN01168MM,Sistema privado de pensiones - Valor del Fondo - AFP Habitat (millones S/),Habitat,valor_fondo_mill_soles,15681.3656284242
Mar.2024,PN01168MM,Sistema privado de pensiones - Valor del Fondo - AFP Habitat (millones S/),Habitat,valor_fondo_mill_soles,15748.0616337682
Abr.2024,PN01168MM,Sistema privado de pensiones - Valor del Fondo - AFP Habitat (millones S/),Habitat,valor_fondo_mill_soles,15886.4994756016
May.2024,PN01168MM,Sistema privado de pensiones - Valor del Fondo - AFP Habitat (millones S/),Habitat,valor_fondo_mill_soles,16552.33703314
Jun.2024,PN01168MM,Sistema privado de pensiones - Valor del Fondo - AFP Habitat (millones S/),Habitat,valor_fondo_mill_soles,16052.551603178
Jul.2024,PN01168MM,Sistema privado de pensiones - Valor del Fondo - AFP Habitat (millones S/),Habitat,valor_fondo_mill_soles,14972.465246091
Ago.2024,PN01168MM,Sistema privado de pensiones - Valor del Fondo - AFP Habitat (millones S/),Habitat,valor_fondo_mill_soles,14449.200004852
Sep.2024,PN01168MM,Sistema privado de pensiones - Valor del Fondo - AFP Habitat (millones S/),Habitat,valor_fondo_mill_soles,14557.346844564
Oct.2024,PN01168MM,Sistema privado de pensiones - Valor del Fondo - AFP Habitat (millones S/),Habitat,valor_fondo_mill_soles,14697.632186221
Nov.2024,PN01168MM,Sistema privado de pensiones - Valor del Fondo - AFP Habitat (millones S/),Habitat,valor_fondo_mill_soles,14947.155244742
Dic.2024,PN01168MM,Sistema privado de pensiones - Valor del Fondo - AFP Habitat (millones S/),Habitat,valor_fondo_mill_soles,15113.507318649
Ene.2025,PN01168MM,Sistema privado de pensiones - Valor del Fondo - AFP Habitat (millones S/),Habitat,valor_fondo_mill_soles,15414.82710731
Feb.2025,PN01168MM,Sistema privado de pensiones - Valor del Fondo - AFP Habitat (millones S/),Habitat,valor_fondo_mill_soles,15471.364252536
Mar.2025,PN01168MM,Sistema privado de pensiones - Valor del Fondo - AFP Habitat (millones S/),Habitat,valor_fondo_mill_soles,15687.460489432
Abr.2025,PN01168MM,Sistema privado de pensiones - Valor del Fondo - AFP Habitat (millones S/),Habitat,valor_fondo_mill_soles,16042.801910451
May.2025,PN01168MM,Sistema privado de pensiones - Valor del Fondo - AFP Habitat (millones S/),Habitat,valor_fondo_mill_soles,16586.816801164
Jun.2025,PN01168MM,Sistema privado de pensiones - Valor del Fondo - AFP Habitat (millones S/),Habitat,valor_fondo_mill_soles,17270.08541474
Jul.2025,PN01168MM,Sistema privado de pensiones - Valor del Fondo - AFP Habitat (millones S/),Habitat,valor_fondo_mill_soles,17797.802648256
Ago.2025,PN01168MM,Sistema privado de pensiones - Valor del Fondo - AFP Habitat (millones S/),Habitat,valor_fondo_mill_soles,18433.575559564
Sep.2025,PN01168MM,Sistema privado de pensiones - Valor del Fondo - AFP Habitat (millones S/),Habitat,valor_fondo_mill_soles,19118.577304057
Oct.2025,PN01168MM,Sistema privado de pensiones - Valor del Fondo - AFP Habitat (millones S/),Habitat,valor_fondo_mill_soles,19320.150144733
Nov.2025,PN01168MM,Sistema privado de pensiones - Valor del Fondo - AFP Habitat (millones S/),Habitat,valor_fondo_mill_soles,19093.065338396
Dic.2025,PN01168MM,Sistema privado de pensiones - Valor del Fondo - AFP Habitat (millones S/),Habitat,valor_fondo_mill_soles,19093.274828688
Ene.2010,PN01169MM,Sistema privado de pensiones - Valor del Fondo - AFP Integra (millones S/),Integra,valor_fondo_mill_soles,20688.3434357649
Feb.2010,PN01169MM,Sistema privado de pensiones - Valor del Fondo - AFP Integra (millones S/),Integra,valor_fondo_mill_soles,20956.5692034118
Mar.2010,PN01169MM,Sistema privado de pensiones - Valor del Fondo - AFP Integra (millones S/),Integra,valor_fondo_mill_soles,21942.9405146009
Abr.2010,PN01169MM,Sistema privado de pensiones - Valor del Fondo - AFP Integra (millones S/),Integra,valor_fondo_mill_soles,22277.339212491
May.2010,PN01169MM,Sistema privado de pensiones - Valor del Fondo - AFP Integra (millones S/),Integra,valor_fondo_mill_soles,21717.5318322061
Jun.2010,PN01169MM,Sistema privado de pensiones - Valor del Fondo - AFP Integra (millones S/),Integra,valor_fondo_mill_soles,21423.5604746244
Jul.2010,PN01169MM,Sistema privado de pensiones - Valor del Fondo - AFP Integra (millones S/),Integra,valor_fondo_mill_soles,22543.0711499525
Ago.2010,PN01169MM,Sistema privado de pensiones - Valor del Fondo - AFP Integra (millones S/),Integra,valor_fondo_mill_soles,23057.6769460309
Sep.2010,PN01169MM,Sistema privado de pensiones - Valor del Fondo - AFP Integra (millones S/),Integra,valor_fondo_mill_soles,24481.1677637736
Oct.2010,PN01169MM,Sistema privado de pensiones - Valor del Fondo - AFP Integra (millones S/),Integra,valor_fondo_mill_soles,25609.8848948151
Nov.2010,PN01169MM,Sistema privado de pensiones - Valor del Fondo - AFP Integra (millones S/),Integra,valor_fondo_mill_soles,25577.7319203492
Dic.2010,PN01169MM,Sistema privado de pensiones - Valor del Fondo - AFP Integra (millones S/),Integra,valor_fondo_mill_soles,26327.0907402711
Ene.2011,PN01169MM,Sistema privado de pensiones - Valor del Fondo - AFP Integra (millones S/),Integra,valor_fondo_mill_soles,25665.0214522437
Feb.2011,PN01169MM,Sistema privado de pensiones - Valor del Fondo - AFP Integra (millones S/),Integra,valor_fondo_mill_soles,25722.9530095657
Mar.2011,PN01169MM,Sistema privado de pensiones - Valor del Fondo - AFP Integra (millones S/),Integra,valor_fondo_mill_soles,25317.1806747169
Abr.2011,PN01169MM,Sistema privado de pensiones - Valor del Fondo - AFP Integra (millones S/),Integra,valor_fondo_mill_soles,24838.6486050112
May.2011,PN01169MM,Sistema privado de pensiones - Valor del Fondo - AFP Integra (millones S/),Integra,valor_fondo_mill_soles,25246.7989244324
Jun.2011,PN01169MM,Sistema privado de pensiones - Valor del Fondo - AFP Integra (millones S/),Integra,valor_fondo_mill_soles,24444.8346936199
Jul.2011,PN01169MM,Sistema privado de pensiones - Valor del Fondo - AFP Integra (millones S/),Integra,valor_fondo_mill_soles,25367.4910432491
Ago.2011,PN01169MM,Sistema privado de pensiones - Valor del Fondo - AFP Integra (millones S/),Integra,valor_fondo_mill_soles,25381.7429362651
Sep.2011,PN01169MM,Sistema privado de pensiones - Valor del Fondo - AFP Integra (millones S/),Integra,valor_fondo_mill_soles,23313.2603410815
Oct.2011,PN01169MM,Sistema privado de pensiones - Valor del Fondo - AFP Integra (millones S/),Integra,valor_fondo_mill_soles,24790.6359468397
Nov.2011,PN01169MM,Sistema privado de pensiones - Valor del Fondo - AFP Integra (millones S/),Integra,valor_fondo_mill_soles,24642.9156716303
Dic.2011,PN01169MM,Sistema privado de pensiones - Valor del Fondo - AFP Integra (millones S/),Integra,valor_fondo_mill_soles,24439.142
Ene.2012,PN01169MM,Sistema privado de pensiones - Valor del Fondo - AFP Integra (millones S/),Integra,valor_fondo_mill_soles,26003.4388506942
Feb.2012,PN01169MM,Sistema privado de pensiones - Valor del Fondo - AFP Integra (millones S/),Integra,valor_fondo_mill_soles,26618.9261255929
Mar.2012,PN01169MM,Sistema privado de pensiones - Valor del Fondo - AFP Integra (millones S/),Integra,valor_fondo_mill_soles,26818.5075044077
Abr.2012,PN01169MM,Sistema privado de pensiones - Valor del Fondo - AFP Integra (millones S/),Integra,valor_fondo_mill_soles,26951.6061302989
May.2012,PN01169MM,Sistema privado de pensiones - Valor del Fondo - AFP Integra (millones S/),Integra,valor_fondo_mill_soles,26199.5509684671
Jun.2012,PN01169MM,Sistema privado de pensiones - Valor del Fondo - AFP Integra (millones S/),Integra,valor_fondo_mill_soles,26585.8025014636
Jul.2012,PN01169MM,Sistema privado de pensiones - Valor del Fondo - AFP Integra (millones S/),Integra,valor_fondo_mill_soles,26424.1615888448
Ago.2012,PN01169MM,Sistema privado de pensiones - Valor del Fondo - AFP Integra (millones S/),Integra,valor_fondo_mill_soles,26694.937946232
Sep.2012,PN01169MM,Sistema privado de pensiones - Valor del Fondo - AFP Integra (millones S/),Integra,valor_fondo_mill_soles,27629.255306748
Oct.2012,PN01169MM,Sistema privado de pensiones - Valor del Fondo - AFP Integra (millones S/),Integra,valor_fondo_mill_soles,27669.7557726749
Nov.2012,PN01169MM,Sistema privado de pensiones - Valor del Fondo - AFP Integra (millones S/),Integra,valor_fondo_mill_soles,27973.2700872909
Dic.2012,PN01169MM,Sistema privado de pensiones - Valor del Fondo - AFP Integra (millones S/),Integra,valor_fondo_mill_soles,28648.0424701848
Ene.2013,PN01169MM,Sistema privado de pensiones - Valor del Fondo - AFP Integra (millones S/),Integra,valor_fondo_mill_soles,29405.2361076181
Feb.2013,PN01169MM,Sistema privado de pensiones - Valor del Fondo - AFP Integra (millones S/),Integra,valor_fondo_mill_soles,29319.8105111911
Mar.2013,PN01169MM,Sistema privado de pensiones - Valor del Fondo - AFP Integra (millones S/),Integra,valor_fondo_mill_soles,29606.5275025651
Abr.2013,PN01169MM,Sistema privado de pensiones - Valor del Fondo - AFP Integra (millones S/),Integra,valor_fondo_mill_soles,29721.6097636983
May.2013,PN01169MM,Sistema privado de pensiones - Valor del Fondo - AFP Integra (millones S/),Integra,valor_fondo_mill_soles,29089.3985170919
Jun.2013,PN01169MM,Sistema privado de pensiones - Valor del Fondo - AFP Integra (millones S/),Integra,valor_fondo_mill_soles,28416.6635595262
Jul.2013,PN01169MM,Sistema privado de pensiones - Valor del Fondo - AFP Integra (millones S/),Integra,valor_fondo_mill_soles,28909.6293029103
Ago.2013,PN01169MM,Sistema privado de pensiones - Valor del Fondo - AFP Integra (millones S/),Integra,valor_fondo_mill_soles,39910.4959581123
Sep.2013,PN01169MM,Sistema privado de pensiones - Valor del Fondo - AFP Integra (millones S/),Integra,valor_fondo_mill_soles,40501.4741801211
Oct.2013,PN01169MM,Sistema privado de pensiones - Valor del Fondo - AFP Integra (millones S/),Integra,valor_fondo_mill_soles,41636.4351874253
Nov.2013,PN01169MM,Sistema privado de pensiones - Valor del Fondo - AFP Integra (millones S/),Integra,valor_fondo_mill_soles,41298.2343252109
Dic.2013,PN01169MM,Sistema privado de pensiones - Valor del Fondo - AFP Integra (millones S/),Integra,valor_fondo_mill_soles,41961.357479324
Ene.2014,PN01169MM,Sistema privado de pensiones - Valor del Fondo - AFP Integra (millones S/),Integra,valor_fondo_mill_soles,41364.0960518514
Feb.2014,PN01169MM,Sistema privado de pensiones - Valor del Fondo - AFP Integra (millones S/),Integra,valor_fondo_mill_soles,41945.9452760996
Mar.2014,PN01169MM,Sistema privado de pensiones - Valor del Fondo - AFP Integra (millones S/),Integra,valor_fondo_mill_soles,42191.0961802607
Abr.2014,PN01169MM,Sistema privado de pensiones - Valor del Fondo - AFP Integra (millones S/),Integra,valor_fondo_mill_soles,43058.0442311752
May.2014,PN01169MM,Sistema privado de pensiones - Valor del Fondo - AFP Integra (millones S/),Integra,valor_fondo_mill_soles,43441.696610708
Jun.2014,PN01169MM,Sistema privado de pensiones - Valor del Fondo - AFP Integra (millones S/),Integra,valor_fondo_mill_soles,44398.2134250265
Jul.2014,PN01169MM,Sistema privado de pensiones - Valor del Fondo - AFP Integra (millones S/),Integra,valor_fondo_mill_soles,44431.3329823239
Ago.2014,PN01169MM,Sistema privado de pensiones - Valor del Fondo - AFP Integra (millones S/),Integra,valor_fondo_mill_soles,45508.3128438784
Sep.2014,PN01169MM,Sistema privado de pensiones - Valor del Fondo - AFP Integra (millones S/),Integra,valor_fondo_mill_soles,45172.8488759125
Oct.2014,PN01169MM,Sistema privado de pensiones - Valor del Fondo - AFP Integra (millones S/),Integra,valor_fondo_mill_soles,45818.0541435563
Nov.2014,PN01169MM,Sistema privado de pensiones - Valor del Fondo - AFP Integra (millones S/),Integra,valor_fondo_mill_soles,46130.7679387822
Dic.2014,PN01169MM,Sistema privado de pensiones - Valor del Fondo - AFP Integra (millones S/),Integra,valor_fondo_mill_soles,46449.9117017821
Ene.2015,PN01169MM,Sistema privado de pensiones - Valor del Fondo - AFP Integra (millones S/),Integra,valor_fondo_mill_soles,47176.8355028984
Feb.2015,PN01169MM,Sistema privado de pensiones - Valor del Fondo - AFP Integra (millones S/),Integra,valor_fondo_mill_soles,48221.7278501068
Mar.2015,PN01169MM,Sistema privado de pensiones - Valor del Fondo - AFP Integra (millones S/),Integra,valor_fondo_mill_soles,47865.7281942429
Abr.2015,PN01169MM,Sistema privado de pensiones - Valor del Fondo - AFP Integra (millones S/),Integra,valor_fondo_mill_soles,48820.9681498741
May.2015,PN01169MM,Sistema privado de pensiones - Valor del Fondo - AFP Integra (millones S/),Integra,valor_fondo_mill_soles,49447.6971639448
Jun.2015,PN01169MM,Sistema privado de pensiones - Valor del Fondo - AFP Integra (millones S/),Integra,valor_fondo_mill_soles,49211.5496087756
Jul.2015,PN01169MM,Sistema privado de pensiones - Valor del Fondo - AFP Integra (millones S/),Integra,valor_fondo_mill_soles,49370.1804239804
Ago.2015,PN01169MM,Sistema privado de pensiones - Valor del Fondo - AFP Integra (millones S/),Integra,valor_fondo_mill_soles,47380.063629208
Sep.2015,PN01169MM,Sistema privado de pensiones - Valor del Fondo - AFP Integra (millones S/),Integra,valor_fondo_mill_soles,46559.4142938428
Oct.2015,PN01169MM,Sistema privado de pensiones - Valor del Fondo - AFP Integra (millones S/),Integra,valor_fondo_mill_soles,48996.9212469303
Nov.2015,PN01169MM,Sistema privado de pensiones - Valor del Fondo - AFP Integra (millones S/),Integra,valor_fondo_mill_soles,50165.8750563644
Dic.2015,PN01169MM,Sistema privado de pensiones - Valor del Fondo - AFP Integra (millones S/),Integra,valor_fondo_mill_soles,49679.7216754906
Ene.2016,PN01169MM,Sistema privado de pensiones - Valor del Fondo - AFP Integra (millones S/),Integra,valor_fondo_mill_soles,48952.7419478415
Feb.2016,PN01169MM,Sistema privado de pensiones - Valor del Fondo - AFP Integra (millones S/),Integra,valor_fondo_mill_soles,49820.4375199928
Mar.2016,PN01169MM,Sistema privado de pensiones - Valor del Fondo - AFP Integra (millones S/),Integra,valor_fondo_mill_soles,50232.3223653491
Abr.2016,PN01169MM,Sistema privado de pensiones - Valor del Fondo - AFP Integra (millones S/),Integra,valor_fondo_mill_soles,51501.4308424758
May.2016,PN01169MM,Sistema privado de pensiones - Valor del Fondo - AFP Integra (millones S/),Integra,valor_fondo_mill_soles,52663.488840372
Jun.2016,PN01169MM,Sistema privado de pensiones - Valor del Fondo - AFP Integra (millones S/),Integra,valor_fondo_mill_soles,51740.4379105752
Jul.2016,PN01169MM,Sistema privado de pensiones - Valor del Fondo - AFP Integra (millones S/),Integra,valor_fondo_mill_soles,53583.7692904538
Ago.2016,PN01169MM,Sistema privado de pensiones - Valor del Fondo - AFP Integra (millones S/),Integra,valor_fondo_mill_soles,54341.1570391158
Sep.2016,PN01169MM,Sistema privado de pensiones - Valor del Fondo - AFP Integra (millones S/),Integra,valor_fondo_mill_soles,54229.0746192077
Oct.2016,PN01169MM,Sistema privado de pensiones - Valor del Fondo - AFP Integra (millones S/),Integra,valor_fondo_mill_soles,53958.5539173285
Nov.2016,PN01169MM,Sistema privado de pensiones - Valor del Fondo - AFP Integra (millones S/),Integra,valor_fondo_mill_soles,53641.7145512567
Dic.2016,PN01169MM,Sistema privado de pensiones - Valor del Fondo - AFP Integra (millones S/),Integra,valor_fondo_mill_soles,53984.9622356673
Ene.2017,PN01169MM,Sistema privado de pensiones - Valor del Fondo - AFP Integra (millones S/),Integra,valor_fondo_mill_soles,53939.2017557102
Feb.2017,PN01169MM,Sistema privado de pensiones - Valor del Fondo - AFP Integra (millones S/),Integra,valor_fondo_mill_soles,54208.0043491477
Mar.2017,PN01169MM,Sistema privado de pensiones - Valor del Fondo - AFP Integra (millones S/),Integra,valor_fondo_mill_soles,55043.6831582107
Abr.2017,PN01169MM,Sistema privado de pensiones - Valor del Fondo - AFP Integra (millones S/),Integra,valor_fondo_mill_soles,55628.7552177963
May.2017,PN01169MM,Sistema privado de pensiones - Valor del Fondo - AFP Integra (millones S/),Integra,valor_fondo_mill_soles,56563.6023711293
Jun.2017,PN01169MM,Sistema privado de pensiones - Valor del Fondo - AFP Integra (millones S/),Integra,valor_fondo_mill_soles,56716.0115864363
Jul.2017,PN01169MM,Sistema privado de pensiones - Valor del Fondo - AFP Integra (millones S/),Integra,valor_fondo_mill_soles,57398.5270752453
Ago.2017,PN01169MM,Sistema privado de pensiones - Valor del Fondo - AFP Integra (millones S/),Integra,valor_fondo_mill_soles,57769.0299364161
Sep.2017,PN01169MM,Sistema privado de pensiones - Valor del Fondo - AFP Integra (millones S/),Integra,valor_fondo_mill_soles,59275.3350257751
Oct.2017,PN01169MM,Sistema privado de pensiones - Valor del Fondo - AFP Integra (millones S/),Integra,valor_fondo_mill_soles,60407.795892001
Nov.2017,PN01169MM,Sistema privado de pensiones - Valor del Fondo - AFP Integra (millones S/),Integra,valor_fondo_mill_soles,60526.0502184775
Dic.2017,PN01169MM,Sistema privado de pensiones - Valor del Fondo - AFP Integra (millones S/),Integra,valor_fondo_mill_soles,60945.2537703536
Ene.2018,PN01169MM,Sistema privado de pensiones - Valor del Fondo - AFP Integra (millones S/),Integra,valor_fondo_mill_soles,62772.51316
Feb.2018,PN01169MM,Sistema privado de pensiones - Valor del Fondo - AFP Integra (millones S/),Integra,valor_fondo_mill_soles,62059.3928405563
Mar.2018,PN01169MM,Sistema privado de pensiones - Valor del Fondo - AFP Integra (millones S/),Integra,valor_fondo_mill_soles,61586.4597179434
Abr.2018,PN01169MM,Sistema privado de pensiones - Valor del Fondo - AFP Integra (millones S/),Integra,valor_fondo_mill_soles,61732.661932969
May.2018,PN01169MM,Sistema privado de pensiones - Valor del Fondo - AFP Integra (millones S/),Integra,valor_fondo_mill_soles,60932.2507905715
Jun.2018,PN01169MM,Sistema privado de pensiones - Valor del Fondo - AFP Integra (millones S/),Integra,valor_fondo_mill_soles,60136.1322625172
Jul.2018,PN01169MM,Sistema privado de pensiones - Valor del Fondo - AFP Integra (millones S/),Integra,valor_fondo_mill_soles,61364.6262955657
Ago.2018,PN01169MM,Sistema privado de pensiones - Valor del Fondo - AFP Integra (millones S/),Integra,valor_fondo_mill_soles,60918.4079988565
Sep.2018,PN01169MM,Sistema privado de pensiones - Valor del Fondo - AFP Integra (millones S/),Integra,valor_fondo_mill_soles,60811.3799638525
Oct.2018,PN01169MM,Sistema privado de pensiones - Valor del Fondo - AFP Integra (millones S/),Integra,valor_fondo_mill_soles,58758.1828891539
Nov.2018,PN01169MM,Sistema privado de pensiones - Valor del Fondo - AFP Integra (millones S/),Integra,valor_fondo_mill_soles,60058.2723261226
Dic.2018,PN01169MM,Sistema privado de pensiones - Valor del Fondo - AFP Integra (millones S/),Integra,valor_fondo_mill_soles,58515.710669715
Ene.2019,PN01169MM,Sistema privado de pensiones - Valor del Fondo - AFP Integra (millones S/),Integra,valor_fondo_mill_soles,60133.2319851296
Feb.2019,PN01169MM,Sistema privado de pensiones - Valor del Fondo - AFP Integra (millones S/),Integra,valor_fondo_mill_soles,60582.7699712057
Mar.2019,PN01169MM,Sistema privado de pensiones - Valor del Fondo - AFP Integra (millones S/),Integra,valor_fondo_mill_soles,61539.29175
Abr.2019,PN01169MM,Sistema privado de pensiones - Valor del Fondo - AFP Integra (millones S/),Integra,valor_fondo_mill_soles,62175.5326054532
May.2019,PN01169MM,Sistema privado de pensiones - Valor del Fondo - AFP Integra (millones S/),Integra,valor_fondo_mill_soles,61387.4394269657
Jun.2019,PN01169MM,Sistema privado de pensiones - Valor del Fondo - AFP Integra (millones S/),Integra,valor_fondo_mill_soles,62367.8137365779
Jul.2019,PN01169MM,Sistema privado de pensiones - Valor del Fondo - AFP Integra (millones S/),Integra,valor_fondo_mill_soles,62784.5188372357
Ago.2019,PN01169MM,Sistema privado de pensiones - Valor del Fondo - AFP Integra (millones S/),Integra,valor_fondo_mill_soles,62941.8408489234
Sep.2019,PN01169MM,Sistema privado de pensiones - Valor del Fondo - AFP Integra (millones S/),Integra,valor_fondo_mill_soles,63255.403633338
Oct.2019,PN01169MM,Sistema privado de pensiones - Valor del Fondo - AFP Integra (millones S/),Integra,valor_fondo_mill_soles,63993.8713744339
Nov.2019,PN01169MM,Sistema privado de pensiones - Valor del Fondo - AFP Integra (millones S/),Integra,valor_fondo_mill_soles,64092.9006913409
Dic.2019,PN01169MM,Sistema privado de pensiones - Valor del Fondo - AFP Integra (millones S/),Integra,valor_fondo_mill_soles,64826.3997568323
Ene.2020,PN01169MM,Sistema privado de pensiones - Valor del Fondo - AFP Integra (millones S/),Integra,valor_fondo_mill_soles,65087.491096089
Feb.2020,PN01169MM,Sistema privado de pensiones - Valor del Fondo - AFP Integra (millones S/),Integra,valor_fondo_mill_soles,63679.6413267758
Mar.2020,PN01169MM,Sistema privado de pensiones - Valor del Fondo - AFP Integra (millones S/),Integra,valor_fondo_mill_soles,56839.2636302646
Abr.2020,PN01169MM,Sistema privado de pensiones - Valor del Fondo - AFP Integra (millones S/),Integra,valor_fondo_mill_soles,57042.0582013098
May.2020,PN01169MM,Sistema privado de pensiones - Valor del Fondo - AFP Integra (millones S/),Integra,valor_fondo_mill_soles,58036.330546069
Jun.2020,PN01169MM,Sistema privado de pensiones - Valor del Fondo - AFP Integra (millones S/),Integra,valor_fondo_mill_soles,56502.136816339
Jul.2020,PN01169MM,Sistema privado de pensiones - Valor del Fondo - AFP Integra (millones S/),Integra,valor_fondo_mill_soles,55612.04737624
Ago.2020,PN01169MM,Sistema privado de pensiones - Valor del Fondo - AFP Integra (millones S/),Integra,valor_fondo_mill_soles,56315.293606906
Sep.2020,PN01169MM,Sistema privado de pensiones - Valor del Fondo - AFP Integra (millones S/),Integra,valor_fondo_mill_soles,55904.39480296
Oct.2020,PN01169MM,Sistema privado de pensiones - Valor del Fondo - AFP Integra (millones S/),Integra,valor_fondo_mill_soles,55840.548464378
Nov.2020,PN01169MM,Sistema privado de pensiones - Valor del Fondo - AFP Integra (millones S/),Integra,valor_fondo_mill_soles,59025.553918275
Dic.2020,PN01169MM,Sistema privado de pensiones - Valor del Fondo - AFP Integra (millones S/),Integra,valor_fondo_mill_soles,59947.907269463
Ene.2021,PN01169MM,Sistema privado de pensiones - Valor del Fondo - AFP Integra (millones S/),Integra,valor_fondo_mill_soles,59324.806249068
Feb.2021,PN01169MM,Sistema privado de pensiones - Valor del Fondo - AFP Integra (millones S/),Integra,valor_fondo_mill_soles,58761.361652702
Mar.2021,PN01169MM,Sistema privado de pensiones - Valor del Fondo - AFP Integra (millones S/),Integra,valor_fondo_mill_soles,57720.573410359
Abr.2021,PN01169MM,Sistema privado de pensiones - Valor del Fondo - AFP Integra (millones S/),Integra,valor_fondo_mill_soles,57424.366262715
May.2021,PN01169MM,Sistema privado de pensiones - Valor del Fondo - AFP Integra (millones S/),Integra,valor_fondo_mill_soles,59519.988391671
Jun.2021,PN01169MM,Sistema privado de pensiones - Valor del Fondo - AFP Integra (millones S/),Integra,valor_fondo_mill_soles,56928.478484167
Jul.2021,PN01169MM,Sistema privado de pensiones - Valor del Fondo - AFP Integra (millones S/),Integra,valor_fondo_mill_soles,53032.80537743
Ago.2021,PN01169MM,Sistema privado de pensiones - Valor del Fondo - AFP Integra (millones S/),Integra,valor_fondo_mill_soles,49076.132598373
Sep.2021,PN01169MM,Sistema privado de pensiones - Valor del Fondo - AFP Integra (millones S/),Integra,valor_fondo_mill_soles,46510.0391320562
Oct.2021,PN01169MM,Sistema privado de pensiones - Valor del Fondo - AFP Integra (millones S/),Integra,valor_fondo_mill_soles,47520.7088040986
Nov.2021,PN01169MM,Sistema privado de pensiones - Valor del Fondo - AFP Integra (millones S/),Integra,valor_fondo_mill_soles,47801.646603868
Dic.2021,PN01169MM,Sistema privado de pensiones - Valor del Fondo - AFP Integra (millones S/),Integra,valor_fondo_mill_soles,48097.2429163364
Ene.2022,PN01169MM,Sistema privado de pensiones - Valor del Fondo - AFP Integra (millones S/),Integra,valor_fondo_mill_soles,47519.172022121
Feb.2022,PN01169MM,Sistema privado de pensiones - Valor del Fondo - AFP Integra (millones S/),Integra,valor_fondo_mill_soles,47606.778823599
Mar.2022,PN01169MM,Sistema privado de pensiones - Valor del Fondo - AFP Integra (millones S/),Integra,valor_fondo_mill_soles,47781.2407212097
Abr.2022,PN01169MM,Sistema privado de pensiones - Valor del Fondo - AFP Integra (millones S/),Integra,valor_fondo_mill_soles,46729.388776355
May.2022,PN01169MM,Sistema privado de pensiones - Valor del Fondo - AFP Integra (millones S/),Integra,valor_fondo_mill_soles,45577.4985340415
Jun.2022,PN01169MM,Sistema privado de pensiones - Valor del Fondo - AFP Integra (millones S/),Integra,valor_fondo_mill_soles,44770.0921205094
Jul.2022,PN01169MM,Sistema privado de pensiones - Valor del Fondo - AFP Integra (millones S/),Integra,valor_fondo_mill_soles,43644.8273825386
Ago.2022,PN01169MM,Sistema privado de pensiones - Valor del Fondo - AFP Integra (millones S/),Integra,valor_fondo_mill_soles,40304.5109712043
Sep.2022,PN01169MM,Sistema privado de pensiones - Valor del Fondo - AFP Integra (millones S/),Integra,valor_fondo_mill_soles,37382.8891580912
Oct.2022,PN01169MM,Sistema privado de pensiones - Valor del Fondo - AFP Integra (millones S/),Integra,valor_fondo_mill_soles,37665.1611913742
Nov.2022,PN01169MM,Sistema privado de pensiones - Valor del Fondo - AFP Integra (millones S/),Integra,valor_fondo_mill_soles,38662.7695339374
Dic.2022,PN01169MM,Sistema privado de pensiones - Valor del Fondo - AFP Integra (millones S/),Integra,valor_fondo_mill_soles,38159.3977466136
Ene.2023,PN01169MM,Sistema privado de pensiones - Valor del Fondo - AFP Integra (millones S/),Integra,valor_fondo_mill_soles,39198.4618485017
Feb.2023,PN01169MM,Sistema privado de pensiones - Valor del Fondo - AFP Integra (millones S/),Integra,valor_fondo_mill_soles,38818.0897611384
Mar.2023,PN01169MM,Sistema privado de pensiones - Valor del Fondo - AFP Integra (millones S/),Integra,valor_fondo_mill_soles,39468.157335006
Abr.2023,PN01169MM,Sistema privado de pensiones - Valor del Fondo - AFP Integra (millones S/),Integra,valor_fondo_mill_soles,39594.048673194
May.2023,PN01169MM,Sistema privado de pensiones - Valor del Fondo - AFP Integra (millones S/),Integra,valor_fondo_mill_soles,39691.8508923026
Jun.2023,PN01169MM,Sistema privado de pensiones - Valor del Fondo - AFP Integra (millones S/),Integra,valor_fondo_mill_soles,40502.5313685217
Jul.2023,PN01169MM,Sistema privado de pensiones - Valor del Fondo - AFP Integra (millones S/),Integra,valor_fondo_mill_soles,41338.5694190581
Ago.2023,PN01169MM,Sistema privado de pensiones - Valor del Fondo - AFP Integra (millones S/),Integra,valor_fondo_mill_soles,41724.042154803
Sep.2023,PN01169MM,Sistema privado de pensiones - Valor del Fondo - AFP Integra (millones S/),Integra,valor_fondo_mill_soles,41515.3426089151
Oct.2023,PN01169MM,Sistema privado de pensiones - Valor del Fondo - AFP Integra (millones S/),Integra,valor_fondo_mill_soles,41252.34593728
Nov.2023,PN01169MM,Sistema privado de pensiones - Valor del Fondo - AFP Integra (millones S/),Integra,valor_fondo_mill_soles,42200.8874214358
Dic.2023,PN01169MM,Sistema privado de pensiones - Valor del Fondo - AFP Integra (millones S/),Integra,valor_fondo_mill_soles,44038.7369252789
Ene.2024,PN01169MM,Sistema privado de pensiones - Valor del Fondo - AFP Integra (millones S/),Integra,valor_fondo_mill_soles,44837.2868246509
Feb.2024,PN01169MM,Sistema privado de pensiones - Valor del Fondo - AFP Integra (millones S/),Integra,valor_fondo_mill_soles,45455.4433049356
Mar.2024,PN01169MM,Sistema privado de pensiones - Valor del Fondo - AFP Integra (millones S/),Integra,valor_fondo_mill_soles,45308.5888884558
Abr.2024,PN01169MM,Sistema privado de pensiones - Valor del Fondo - AFP Integra (millones S/),Integra,valor_fondo_mill_soles,44744.9525049
May.2024,PN01169MM,Sistema privado de pensiones - Valor del Fondo - AFP Integra (millones S/),Integra,valor_fondo_mill_soles,45889.072572986
Jun.2024,PN01169MM,Sistema privado de pensiones - Valor del Fondo - AFP Integra (millones S/),Integra,valor_fondo_mill_soles,43399.49945668
Jul.2024,PN01169MM,Sistema privado de pensiones - Valor del Fondo - AFP Integra (millones S/),Integra,valor_fondo_mill_soles,39499.604532726
Ago.2024,PN01169MM,Sistema privado de pensiones - Valor del Fondo - AFP Integra (millones S/),Integra,valor_fondo_mill_soles,38164.64177989
Sep.2024,PN01169MM,Sistema privado de pensiones - Valor del Fondo - AFP Integra (millones S/),Integra,valor_fondo_mill_soles,37232.939498719
Oct.2024,PN01169MM,Sistema privado de pensiones - Valor del Fondo - AFP Integra (millones S/),Integra,valor_fondo_mill_soles,36719.593332635
Nov.2024,PN01169MM,Sistema privado de pensiones - Valor del Fondo - AFP Integra (millones S/),Integra,valor_fondo_mill_soles,37156.657724251
Dic.2024,PN01169MM,Sistema privado de pensiones - Valor del Fondo - AFP Integra (millones S/),Integra,valor_fondo_mill_soles,37246.216114169
Ene.2025,PN01169MM,Sistema privado de pensiones - Valor del Fondo - AFP Integra (millones S/),Integra,valor_fondo_mill_soles,37640.416859409
Feb.2025,PN01169MM,Sistema privado de pensiones - Valor del Fondo - AFP Integra (millones S/),Integra,valor_fondo_mill_soles,37599.151642133
Mar.2025,PN01169MM,Sistema privado de pensiones - Valor del Fondo - AFP Integra (millones S/),Integra,valor_fondo_mill_soles,37730.679901225
Abr.2025,PN01169MM,Sistema privado de pensiones - Valor del Fondo - AFP Integra (millones S/),Integra,valor_fondo_mill_soles,37961.995036739
May.2025,PN01169MM,Sistema privado de pensiones - Valor del Fondo - AFP Integra (millones S/),Integra,valor_fondo_mill_soles,38686.339377443
Jun.2025,PN01169MM,Sistema privado de pensiones - Valor del Fondo - AFP Integra (millones S/),Integra,valor_fondo_mill_soles,39987.078879971
Jul.2025,PN01169MM,Sistema privado de pensiones - Valor del Fondo - AFP Integra (millones S/),Integra,valor_fondo_mill_soles,40989.591697117
Ago.2025,PN01169MM,Sistema privado de pensiones - Valor del Fondo - AFP Integra (millones S/),Integra,valor_fondo_mill_soles,41900.128276707
Sep.2025,PN01169MM,Sistema privado de pensiones - Valor del Fondo - AFP Integra (millones S/),Integra,valor_fondo_mill_soles,43280.467983869
Oct.2025,PN01169MM,Sistema privado de pensiones - Valor del Fondo - AFP Integra (millones S/),Integra,valor_fondo_mill_soles,43307.513708609
Nov.2025,PN01169MM,Sistema privado de pensiones - Valor del Fondo - AFP Integra (millones S/),Integra,valor_fondo_mill_soles,41849.434920569
Dic.2025,PN01169MM,Sistema privado de pensiones - Valor del Fondo - AFP Integra (millones S/),Integra,valor_fondo_mill_soles,39507.816647423
Ene.2010,PN01170MM,Sistema privado de pensiones - Valor del Fondo - AFP Prima (millones S/),Prima,valor_fondo_mill_soles,20436.2222829118
Feb.2010,PN01170MM,Sistema privado de pensiones - Valor del Fondo - AFP Prima (millones S/),Prima,valor_fondo_mill_soles,20649.0104079371
Mar.2010,PN01170MM,Sistema privado de pensiones - Valor del Fondo - AFP Prima (millones S/),Prima,valor_fondo_mill_soles,21722.7976818747
Abr.2010,PN01170MM,Sistema privado de pensiones - Valor del Fondo - AFP Prima (millones S/),Prima,valor_fondo_mill_soles,22223.4984156402
May.2010,PN01170MM,Sistema privado de pensiones - Valor del Fondo - AFP Prima (millones S/),Prima,valor_fondo_mill_soles,21544.1233770074
Jun.2010,PN01170MM,Sistema privado de pensiones - Valor del Fondo - AFP Prima (millones S/),Prima,valor_fondo_mill_soles,21425.6305400945
Jul.2010,PN01170MM,Sistema privado de pensiones - Valor del Fondo - AFP Prima (millones S/),Prima,valor_fondo_mill_soles,22455.3261492743
Ago.2010,PN01170MM,Sistema privado de pensiones - Valor del Fondo - AFP Prima (millones S/),Prima,valor_fondo_mill_soles,23005.0953171727
Sep.2010,PN01170MM,Sistema privado de pensiones - Valor del Fondo - AFP Prima (millones S/),Prima,valor_fondo_mill_soles,24590.7784978873
Oct.2010,PN01170MM,Sistema privado de pensiones - Valor del Fondo - AFP Prima (millones S/),Prima,valor_fondo_mill_soles,25815.1489702388
Nov.2010,PN01170MM,Sistema privado de pensiones - Valor del Fondo - AFP Prima (millones S/),Prima,valor_fondo_mill_soles,26085.405123028
Dic.2010,PN01170MM,Sistema privado de pensiones - Valor del Fondo - AFP Prima (millones S/),Prima,valor_fondo_mill_soles,27147.7004665067
Ene.2011,PN01170MM,Sistema privado de pensiones - Valor del Fondo - AFP Prima (millones S/),Prima,valor_fondo_mill_soles,26526.2159861003
Feb.2011,PN01170MM,Sistema privado de pensiones - Valor del Fondo - AFP Prima (millones S/),Prima,valor_fondo_mill_soles,26615.6990497956
Mar.2011,PN01170MM,Sistema privado de pensiones - Valor del Fondo - AFP Prima (millones S/),Prima,valor_fondo_mill_soles,26248.7574932717
Abr.2011,PN01170MM,Sistema privado de pensiones - Valor del Fondo - AFP Prima (millones S/),Prima,valor_fondo_mill_soles,25823.6913608103
May.2011,PN01170MM,Sistema privado de pensiones - Valor del Fondo - AFP Prima (millones S/),Prima,valor_fondo_mill_soles,26235.1431807563
Jun.2011,PN01170MM,Sistema privado de pensiones - Valor del Fondo - AFP Prima (millones S/),Prima,valor_fondo_mill_soles,25278.7238303006
Jul.2011,PN01170MM,Sistema privado de pensiones - Valor del Fondo - AFP Prima (millones S/),Prima,valor_fondo_mill_soles,26336.9488410816
Ago.2011,PN01170MM,Sistema privado de pensiones - Valor del Fondo - AFP Prima (millones S/),Prima,valor_fondo_mill_soles,26269.4886326128
Sep.2011,PN01170MM,Sistema privado de pensiones - Valor del Fondo - AFP Prima (millones S/),Prima,valor_fondo_mill_soles,24141.8718269021
Oct.2011,PN01170MM,Sistema privado de pensiones - Valor del Fondo - AFP Prima (millones S/),Prima,valor_fondo_mill_soles,25641.6210747061
Nov.2011,PN01170MM,Sistema privado de pensiones - Valor del Fondo - AFP Prima (millones S/),Prima,valor_fondo_mill_soles,25502.7424992549
Dic.2011,PN01170MM,Sistema privado de pensiones - Valor del Fondo - AFP Prima (millones S/),Prima,valor_fondo_mill_soles,25321.606
Ene.2012,PN01170MM,Sistema privado de pensiones - Valor del Fondo - AFP Prima (millones S/),Prima,valor_fondo_mill_soles,26989.2099285714
Feb.2012,PN01170MM,Sistema privado de pensiones - Valor del Fondo - AFP Prima (millones S/),Prima,valor_fondo_mill_soles,27714.5283962499
Mar.2012,PN01170MM,Sistema privado de pensiones - Valor del Fondo - AFP Prima (millones S/),Prima,valor_fondo_mill_soles,28031.2907632583
Abr.2012,PN01170MM,Sistema privado de pensiones - Valor del Fondo - AFP Prima (millones S/),Prima,valor_fondo_mill_soles,28264.8039172882
May.2012,PN01170MM,Sistema privado de pensiones - Valor del Fondo - AFP Prima (millones S/),Prima,valor_fondo_mill_soles,27423.6677455893
Jun.2012,PN01170MM,Sistema privado de pensiones - Valor del Fondo - AFP Prima (millones S/),Prima,valor_fondo_mill_soles,27873.7831996053
Jul.2012,PN01170MM,Sistema privado de pensiones - Valor del Fondo - AFP Prima (millones S/),Prima,valor_fondo_mill_soles,27766.2822881876
Ago.2012,PN01170MM,Sistema privado de pensiones - Valor del Fondo - AFP Prima (millones S/),Prima,valor_fondo_mill_soles,28078.1302445476
Sep.2012,PN01170MM,Sistema privado de pensiones - Valor del Fondo - AFP Prima (millones S/),Prima,valor_fondo_mill_soles,29065.4832721292
Oct.2012,PN01170MM,Sistema privado de pensiones - Valor del Fondo - AFP Prima (millones S/),Prima,valor_fondo_mill_soles,29101.2104214054
Nov.2012,PN01170MM,Sistema privado de pensiones - Valor del Fondo - AFP Prima (millones S/),Prima,valor_fondo_mill_soles,29455.9945162498
Dic.2012,PN01170MM,Sistema privado de pensiones - Valor del Fondo - AFP Prima (millones S/),Prima,valor_fondo_mill_soles,30221.1253962791
Ene.2013,PN01170MM,Sistema privado de pensiones - Valor del Fondo - AFP Prima (millones S/),Prima,valor_fondo_mill_soles,31066.8785951179
Feb.2013,PN01170MM,Sistema privado de pensiones - Valor del Fondo - AFP Prima (millones S/),Prima,valor_fondo_mill_soles,31119.4037421406
Mar.2013,PN01170MM,Sistema privado de pensiones - Valor del Fondo - AFP Prima (millones S/),Prima,valor_fondo_mill_soles,31379.4666708989
Abr.2013,PN01170MM,Sistema privado de pensiones - Valor del Fondo - AFP Prima (millones S/),Prima,valor_fondo_mill_soles,31228.7560915483
May.2013,PN01170MM,Sistema privado de pensiones - Valor del Fondo - AFP Prima (millones S/),Prima,valor_fondo_mill_soles,30378.8851796815
Jun.2013,PN01170MM,Sistema privado de pensiones - Valor del Fondo - AFP Prima (millones S/),Prima,valor_fondo_mill_soles,29460.9580522829
Jul.2013,PN01170MM,Sistema privado de pensiones - Valor del Fondo - AFP Prima (millones S/),Prima,valor_fondo_mill_soles,29904.5310136208
Ago.2013,PN01170MM,Sistema privado de pensiones - Valor del Fondo - AFP Prima (millones S/),Prima,valor_fondo_mill_soles,29870.7937187055
Sep.2013,PN01170MM,Sistema privado de pensiones - Valor del Fondo - AFP Prima (millones S/),Prima,valor_fondo_mill_soles,30619.3740989564
Oct.2013,PN01170MM,Sistema privado de pensiones - Valor del Fondo - AFP Prima (millones S/),Prima,valor_fondo_mill_soles,31555.9002037275
Nov.2013,PN01170MM,Sistema privado de pensiones - Valor del Fondo - AFP Prima (millones S/),Prima,valor_fondo_mill_soles,31434.8534871525
Dic.2013,PN01170MM,Sistema privado de pensiones - Valor del Fondo - AFP Prima (millones S/),Prima,valor_fondo_mill_soles,32074.1563803048
Ene.2014,PN01170MM,Sistema privado de pensiones - Valor del Fondo - AFP Prima (millones S/),Prima,valor_fondo_mill_soles,31819.001656853
Feb.2014,PN01170MM,Sistema privado de pensiones - Valor del Fondo - AFP Prima (millones S/),Prima,valor_fondo_mill_soles,32483.9332813611
Mar.2014,PN01170MM,Sistema privado de pensiones - Valor del Fondo - AFP Prima (millones S/),Prima,valor_fondo_mill_soles,32612.8370808411
Abr.2014,PN01170MM,Sistema privado de pensiones - Valor del Fondo - AFP Prima (millones S/),Prima,valor_fondo_mill_soles,33273.0675632768
May.2014,PN01170MM,Sistema privado de pensiones - Valor del Fondo - AFP Prima (millones S/),Prima,valor_fondo_mill_soles,33621.1906922803
Jun.2014,PN01170MM,Sistema privado de pensiones - Valor del Fondo - AFP Prima (millones S/),Prima,valor_fondo_mill_soles,34354.8343637763
Jul.2014,PN01170MM,Sistema privado de pensiones - Valor del Fondo - AFP Prima (millones S/),Prima,valor_fondo_mill_soles,34501.227717318
Ago.2014,PN01170MM,Sistema privado de pensiones - Valor del Fondo - AFP Prima (millones S/),Prima,valor_fondo_mill_soles,35415.421273194
Sep.2014,PN01170MM,Sistema privado de pensiones - Valor del Fondo - AFP Prima (millones S/),Prima,valor_fondo_mill_soles,35286.1563729471
Oct.2014,PN01170MM,Sistema privado de pensiones - Valor del Fondo - AFP Prima (millones S/),Prima,valor_fondo_mill_soles,35823.8021535645
Nov.2014,PN01170MM,Sistema privado de pensiones - Valor del Fondo - AFP Prima (millones S/),Prima,valor_fondo_mill_soles,36196.1371537096
Dic.2014,PN01170MM,Sistema privado de pensiones - Valor del Fondo - AFP Prima (millones S/),Prima,valor_fondo_mill_soles,36415.7529972408
Ene.2015,PN01170MM,Sistema privado de pensiones - Valor del Fondo - AFP Prima (millones S/),Prima,valor_fondo_mill_soles,36962.0755990783
Feb.2015,PN01170MM,Sistema privado de pensiones - Valor del Fondo - AFP Prima (millones S/),Prima,valor_fondo_mill_soles,37876.8825212366
Mar.2015,PN01170MM,Sistema privado de pensiones - Valor del Fondo - AFP Prima (millones S/),Prima,valor_fondo_mill_soles,37624.120003468
Abr.2015,PN01170MM,Sistema privado de pensiones - Valor del Fondo - AFP Prima (millones S/),Prima,valor_fondo_mill_soles,38363.8683269944
May.2015,PN01170MM,Sistema privado de pensiones - Valor del Fondo - AFP Prima (millones S/),Prima,valor_fondo_mill_soles,38852.4474606399
Jun.2015,PN01170MM,Sistema privado de pensiones - Valor del Fondo - AFP Prima (millones S/),Prima,valor_fondo_mill_soles,38666.1851746251
Jul.2015,PN01170MM,Sistema privado de pensiones - Valor del Fondo - AFP Prima (millones S/),Prima,valor_fondo_mill_soles,38700.200321438
Ago.2015,PN01170MM,Sistema privado de pensiones - Valor del Fondo - AFP Prima (millones S/),Prima,valor_fondo_mill_soles,37242.1647067515
Sep.2015,PN01170MM,Sistema privado de pensiones - Valor del Fondo - AFP Prima (millones S/),Prima,valor_fondo_mill_soles,36530.6773722108
Oct.2015,PN01170MM,Sistema privado de pensiones - Valor del Fondo - AFP Prima (millones S/),Prima,valor_fondo_mill_soles,38549.9876419851
Nov.2015,PN01170MM,Sistema privado de pensiones - Valor del Fondo - AFP Prima (millones S/),Prima,valor_fondo_mill_soles,39466.0689015436
Dic.2015,PN01170MM,Sistema privado de pensiones - Valor del Fondo - AFP Prima (millones S/),Prima,valor_fondo_mill_soles,39009.0606260238
Ene.2016,PN01170MM,Sistema privado de pensiones - Valor del Fondo - AFP Prima (millones S/),Prima,valor_fondo_mill_soles,38293.4349004306
Feb.2016,PN01170MM,Sistema privado de pensiones - Valor del Fondo - AFP Prima (millones S/),Prima,valor_fondo_mill_soles,39048.7408309318
Mar.2016,PN01170MM,Sistema privado de pensiones - Valor del Fondo - AFP Prima (millones S/),Prima,valor_fondo_mill_soles,39747.2717711232
Abr.2016,PN01170MM,Sistema privado de pensiones - Valor del Fondo - AFP Prima (millones S/),Prima,valor_fondo_mill_soles,40734.1944415612
May.2016,PN01170MM,Sistema privado de pensiones - Valor del Fondo - AFP Prima (millones S/),Prima,valor_fondo_mill_soles,41712.7810195713
Jun.2016,PN01170MM,Sistema privado de pensiones - Valor del Fondo - AFP Prima (millones S/),Prima,valor_fondo_mill_soles,40818.2086042253
Jul.2016,PN01170MM,Sistema privado de pensiones - Valor del Fondo - AFP Prima (millones S/),Prima,valor_fondo_mill_soles,42475.2289905629
Ago.2016,PN01170MM,Sistema privado de pensiones - Valor del Fondo - AFP Prima (millones S/),Prima,valor_fondo_mill_soles,43138.7864370469
Sep.2016,PN01170MM,Sistema privado de pensiones - Valor del Fondo - AFP Prima (millones S/),Prima,valor_fondo_mill_soles,43221.222453717
Oct.2016,PN01170MM,Sistema privado de pensiones - Valor del Fondo - AFP Prima (millones S/),Prima,valor_fondo_mill_soles,43018.5527606455
Nov.2016,PN01170MM,Sistema privado de pensiones - Valor del Fondo - AFP Prima (millones S/),Prima,valor_fondo_mill_soles,42701.2217235967
Dic.2016,PN01170MM,Sistema privado de pensiones - Valor del Fondo - AFP Prima (millones S/),Prima,valor_fondo_mill_soles,42844.8756009073
Ene.2017,PN01170MM,Sistema privado de pensiones - Valor del Fondo - AFP Prima (millones S/),Prima,valor_fondo_mill_soles,42914.9036378155
Feb.2017,PN01170MM,Sistema privado de pensiones - Valor del Fondo - AFP Prima (millones S/),Prima,valor_fondo_mill_soles,43108.4811151728
Mar.2017,PN01170MM,Sistema privado de pensiones - Valor del Fondo - AFP Prima (millones S/),Prima,valor_fondo_mill_soles,43658.8805266655
Abr.2017,PN01170MM,Sistema privado de pensiones - Valor del Fondo - AFP Prima (millones S/),Prima,valor_fondo_mill_soles,44217.2751449565
May.2017,PN01170MM,Sistema privado de pensiones - Valor del Fondo - AFP Prima (millones S/),Prima,valor_fondo_mill_soles,45108.7456640493
Jun.2017,PN01170MM,Sistema privado de pensiones - Valor del Fondo - AFP Prima (millones S/),Prima,valor_fondo_mill_soles,45349.5406497025
Jul.2017,PN01170MM,Sistema privado de pensiones - Valor del Fondo - AFP Prima (millones S/),Prima,valor_fondo_mill_soles,45977.5802406479
Ago.2017,PN01170MM,Sistema privado de pensiones - Valor del Fondo - AFP Prima (millones S/),Prima,valor_fondo_mill_soles,46265.9392645647
Sep.2017,PN01170MM,Sistema privado de pensiones - Valor del Fondo - AFP Prima (millones S/),Prima,valor_fondo_mill_soles,47527.3995630103
Oct.2017,PN01170MM,Sistema privado de pensiones - Valor del Fondo - AFP Prima (millones S/),Prima,valor_fondo_mill_soles,48273.779848917
Nov.2017,PN01170MM,Sistema privado de pensiones - Valor del Fondo - AFP Prima (millones S/),Prima,valor_fondo_mill_soles,48372.8022190543
Dic.2017,PN01170MM,Sistema privado de pensiones - Valor del Fondo - AFP Prima (millones S/),Prima,valor_fondo_mill_soles,48836.0586897794
Ene.2018,PN01170MM,Sistema privado de pensiones - Valor del Fondo - AFP Prima (millones S/),Prima,valor_fondo_mill_soles,50462.02152
Feb.2018,PN01170MM,Sistema privado de pensiones - Valor del Fondo - AFP Prima (millones S/),Prima,valor_fondo_mill_soles,49917.9219804917
Mar.2018,PN01170MM,Sistema privado de pensiones - Valor del Fondo - AFP Prima (millones S/),Prima,valor_fondo_mill_soles,49455.5860015474
Abr.2018,PN01170MM,Sistema privado de pensiones - Valor del Fondo - AFP Prima (millones S/),Prima,valor_fondo_mill_soles,49636.7766932066
May.2018,PN01170MM,Sistema privado de pensiones - Valor del Fondo - AFP Prima (millones S/),Prima,valor_fondo_mill_soles,48854.5186410268
Jun.2018,PN01170MM,Sistema privado de pensiones - Valor del Fondo - AFP Prima (millones S/),Prima,valor_fondo_mill_soles,48385.8506633618
Jul.2018,PN01170MM,Sistema privado de pensiones - Valor del Fondo - AFP Prima (millones S/),Prima,valor_fondo_mill_soles,49551.5618590148
Ago.2018,PN01170MM,Sistema privado de pensiones - Valor del Fondo - AFP Prima (millones S/),Prima,valor_fondo_mill_soles,49137.0190762533
Sep.2018,PN01170MM,Sistema privado de pensiones - Valor del Fondo - AFP Prima (millones S/),Prima,valor_fondo_mill_soles,49314.6198046264
Oct.2018,PN01170MM,Sistema privado de pensiones - Valor del Fondo - AFP Prima (millones S/),Prima,valor_fondo_mill_soles,47570.6423325603
Nov.2018,PN01170MM,Sistema privado de pensiones - Valor del Fondo - AFP Prima (millones S/),Prima,valor_fondo_mill_soles,48412.1863348145
Dic.2018,PN01170MM,Sistema privado de pensiones - Valor del Fondo - AFP Prima (millones S/),Prima,valor_fondo_mill_soles,47451.9020136419
Ene.2019,PN01170MM,Sistema privado de pensiones - Valor del Fondo - AFP Prima (millones S/),Prima,valor_fondo_mill_soles,49012.693978151
Feb.2019,PN01170MM,Sistema privado de pensiones - Valor del Fondo - AFP Prima (millones S/),Prima,valor_fondo_mill_soles,49583.3565968902
Mar.2019,PN01170MM,Sistema privado de pensiones - Valor del Fondo - AFP Prima (millones S/),Prima,valor_fondo_mill_soles,50305.94888
Abr.2019,PN01170MM,Sistema privado de pensiones - Valor del Fondo - AFP Prima (millones S/),Prima,valor_fondo_mill_soles,51001.8700837836
May.2019,PN01170MM,Sistema privado de pensiones - Valor del Fondo - AFP Prima (millones S/),Prima,valor_fondo_mill_soles,50283.611096552
Jun.2019,PN01170MM,Sistema privado de pensiones - Valor del Fondo - AFP Prima (millones S/),Prima,valor_fondo_mill_soles,51284.6104648063
Jul.2019,PN01170MM,Sistema privado de pensiones - Valor del Fondo - AFP Prima (millones S/),Prima,valor_fondo_mill_soles,51804.0882477163
Ago.2019,PN01170MM,Sistema privado de pensiones - Valor del Fondo - AFP Prima (millones S/),Prima,valor_fondo_mill_soles,51778.5318709261
Sep.2019,PN01170MM,Sistema privado de pensiones - Valor del Fondo - AFP Prima (millones S/),Prima,valor_fondo_mill_soles,52119.4202188437
Oct.2019,PN01170MM,Sistema privado de pensiones - Valor del Fondo - AFP Prima (millones S/),Prima,valor_fondo_mill_soles,52762.0321329515
Nov.2019,PN01170MM,Sistema privado de pensiones - Valor del Fondo - AFP Prima (millones S/),Prima,valor_fondo_mill_soles,52870.1225525854
Dic.2019,PN01170MM,Sistema privado de pensiones - Valor del Fondo - AFP Prima (millones S/),Prima,valor_fondo_mill_soles,53750.803019802
Ene.2020,PN01170MM,Sistema privado de pensiones - Valor del Fondo - AFP Prima (millones S/),Prima,valor_fondo_mill_soles,53975.711772757
Feb.2020,PN01170MM,Sistema privado de pensiones - Valor del Fondo - AFP Prima (millones S/),Prima,valor_fondo_mill_soles,52648.4905968134
Mar.2020,PN01170MM,Sistema privado de pensiones - Valor del Fondo - AFP Prima (millones S/),Prima,valor_fondo_mill_soles,46466.0074693419
Abr.2020,PN01170MM,Sistema privado de pensiones - Valor del Fondo - AFP Prima (millones S/),Prima,valor_fondo_mill_soles,46706.6068738738
May.2020,PN01170MM,Sistema privado de pensiones - Valor del Fondo - AFP Prima (millones S/),Prima,valor_fondo_mill_soles,47518.48012754
Jun.2020,PN01170MM,Sistema privado de pensiones - Valor del Fondo - AFP Prima (millones S/),Prima,valor_fondo_mill_soles,45892.349184523
Jul.2020,PN01170MM,Sistema privado de pensiones - Valor del Fondo - AFP Prima (millones S/),Prima,valor_fondo_mill_soles,45501.491960387
Ago.2020,PN01170MM,Sistema privado de pensiones - Valor del Fondo - AFP Prima (millones S/),Prima,valor_fondo_mill_soles,46067.191391419
Sep.2020,PN01170MM,Sistema privado de pensiones - Valor del Fondo - AFP Prima (millones S/),Prima,valor_fondo_mill_soles,45819.520414021
Oct.2020,PN01170MM,Sistema privado de pensiones - Valor del Fondo - AFP Prima (millones S/),Prima,valor_fondo_mill_soles,45843.396678628
Nov.2020,PN01170MM,Sistema privado de pensiones - Valor del Fondo - AFP Prima (millones S/),Prima,valor_fondo_mill_soles,48516.663366969
Dic.2020,PN01170MM,Sistema privado de pensiones - Valor del Fondo - AFP Prima (millones S/),Prima,valor_fondo_mill_soles,49352.794367007
Ene.2021,PN01170MM,Sistema privado de pensiones - Valor del Fondo - AFP Prima (millones S/),Prima,valor_fondo_mill_soles,49124.472518926
Feb.2021,PN01170MM,Sistema privado de pensiones - Valor del Fondo - AFP Prima (millones S/),Prima,valor_fondo_mill_soles,48523.534012985
Mar.2021,PN01170MM,Sistema privado de pensiones - Valor del Fondo - AFP Prima (millones S/),Prima,valor_fondo_mill_soles,47773.475326135
Abr.2021,PN01170MM,Sistema privado de pensiones - Valor del Fondo - AFP Prima (millones S/),Prima,valor_fondo_mill_soles,47335.601904022
May.2021,PN01170MM,Sistema privado de pensiones - Valor del Fondo - AFP Prima (millones S/),Prima,valor_fondo_mill_soles,48555.289691204
Jun.2021,PN01170MM,Sistema privado de pensiones - Valor del Fondo - AFP Prima (millones S/),Prima,valor_fondo_mill_soles,46698.746029399
Jul.2021,PN01170MM,Sistema privado de pensiones - Valor del Fondo - AFP Prima (millones S/),Prima,valor_fondo_mill_soles,42495.597469467
Ago.2021,PN01170MM,Sistema privado de pensiones - Valor del Fondo - AFP Prima (millones S/),Prima,valor_fondo_mill_soles,38720.479980998
Sep.2021,PN01170MM,Sistema privado de pensiones - Valor del Fondo - AFP Prima (millones S/),Prima,valor_fondo_mill_soles,38368.2807659752
Oct.2021,PN01170MM,Sistema privado de pensiones - Valor del Fondo - AFP Prima (millones S/),Prima,valor_fondo_mill_soles,39239.8244787737
Nov.2021,PN01170MM,Sistema privado de pensiones - Valor del Fondo - AFP Prima (millones S/),Prima,valor_fondo_mill_soles,39505.711881732
Dic.2021,PN01170MM,Sistema privado de pensiones - Valor del Fondo - AFP Prima (millones S/),Prima,valor_fondo_mill_soles,39758.9591370895
Ene.2022,PN01170MM,Sistema privado de pensiones - Valor del Fondo - AFP Prima (millones S/),Prima,valor_fondo_mill_soles,39486.291252323
Feb.2022,PN01170MM,Sistema privado de pensiones - Valor del Fondo - AFP Prima (millones S/),Prima,valor_fondo_mill_soles,39415.882308727
Mar.2022,PN01170MM,Sistema privado de pensiones - Valor del Fondo - AFP Prima (millones S/),Prima,valor_fondo_mill_soles,39138.2984261352
Abr.2022,PN01170MM,Sistema privado de pensiones - Valor del Fondo - AFP Prima (millones S/),Prima,valor_fondo_mill_soles,38116.343093772
May.2022,PN01170MM,Sistema privado de pensiones - Valor del Fondo - AFP Prima (millones S/),Prima,valor_fondo_mill_soles,37429.7405362894
Jun.2022,PN01170MM,Sistema privado de pensiones - Valor del Fondo - AFP Prima (millones S/),Prima,valor_fondo_mill_soles,36446.6750911387
Jul.2022,PN01170MM,Sistema privado de pensiones - Valor del Fondo - AFP Prima (millones S/),Prima,valor_fondo_mill_soles,35332.9153772582
Ago.2022,PN01170MM,Sistema privado de pensiones - Valor del Fondo - AFP Prima (millones S/),Prima,valor_fondo_mill_soles,32802.1641335926
Sep.2022,PN01170MM,Sistema privado de pensiones - Valor del Fondo - AFP Prima (millones S/),Prima,valor_fondo_mill_soles,30417.7319587316
Oct.2022,PN01170MM,Sistema privado de pensiones - Valor del Fondo - AFP Prima (millones S/),Prima,valor_fondo_mill_soles,30732.4434684612
Nov.2022,PN01170MM,Sistema privado de pensiones - Valor del Fondo - AFP Prima (millones S/),Prima,valor_fondo_mill_soles,31948.4793026058
Dic.2022,PN01170MM,Sistema privado de pensiones - Valor del Fondo - AFP Prima (millones S/),Prima,valor_fondo_mill_soles,31498.7779810139
Ene.2023,PN01170MM,Sistema privado de pensiones - Valor del Fondo - AFP Prima (millones S/),Prima,valor_fondo_mill_soles,32482.004427378
Feb.2023,PN01170MM,Sistema privado de pensiones - Valor del Fondo - AFP Prima (millones S/),Prima,valor_fondo_mill_soles,32076.1893567886
Mar.2023,PN01170MM,Sistema privado de pensiones - Valor del Fondo - AFP Prima (millones S/),Prima,valor_fondo_mill_soles,32617.238396506
Abr.2023,PN01170MM,Sistema privado de pensiones - Valor del Fondo - AFP Prima (millones S/),Prima,valor_fondo_mill_soles,32800.956236489
May.2023,PN01170MM,Sistema privado de pensiones - Valor del Fondo - AFP Prima (millones S/),Prima,valor_fondo_mill_soles,32776.2452472143
Jun.2023,PN01170MM,Sistema privado de pensiones - Valor del Fondo - AFP Prima (millones S/),Prima,valor_fondo_mill_soles,33576.8248945513
Jul.2023,PN01170MM,Sistema privado de pensiones - Valor del Fondo - AFP Prima (millones S/),Prima,valor_fondo_mill_soles,34372.0856006326
Ago.2023,PN01170MM,Sistema privado de pensiones - Valor del Fondo - AFP Prima (millones S/),Prima,valor_fondo_mill_soles,34558.757113329
Sep.2023,PN01170MM,Sistema privado de pensiones - Valor del Fondo - AFP Prima (millones S/),Prima,valor_fondo_mill_soles,34336.1670199125
Oct.2023,PN01170MM,Sistema privado de pensiones - Valor del Fondo - AFP Prima (millones S/),Prima,valor_fondo_mill_soles,34161.633360885
Nov.2023,PN01170MM,Sistema privado de pensiones - Valor del Fondo - AFP Prima (millones S/),Prima,valor_fondo_mill_soles,34967.7012797602
Dic.2023,PN01170MM,Sistema privado de pensiones - Valor del Fondo - AFP Prima (millones S/),Prima,valor_fondo_mill_soles,36517.6887188211
Ene.2024,PN01170MM,Sistema privado de pensiones - Valor del Fondo - AFP Prima (millones S/),Prima,valor_fondo_mill_soles,37289.743220308
Feb.2024,PN01170MM,Sistema privado de pensiones - Valor del Fondo - AFP Prima (millones S/),Prima,valor_fondo_mill_soles,37890.1682241311
Mar.2024,PN01170MM,Sistema privado de pensiones - Valor del Fondo - AFP Prima (millones S/),Prima,valor_fondo_mill_soles,37746.5288524792
Abr.2024,PN01170MM,Sistema privado de pensiones - Valor del Fondo - AFP Prima (millones S/),Prima,valor_fondo_mill_soles,37474.5264603364
May.2024,PN01170MM,Sistema privado de pensiones - Valor del Fondo - AFP Prima (millones S/),Prima,valor_fondo_mill_soles,38393.322336795
Jun.2024,PN01170MM,Sistema privado de pensiones - Valor del Fondo - AFP Prima (millones S/),Prima,valor_fondo_mill_soles,36247.939469221
Jul.2024,PN01170MM,Sistema privado de pensiones - Valor del Fondo - AFP Prima (millones S/),Prima,valor_fondo_mill_soles,33832.029397285
Ago.2024,PN01170MM,Sistema privado de pensiones - Valor del Fondo - AFP Prima (millones S/),Prima,valor_fondo_mill_soles,32198.992384071
Sep.2024,PN01170MM,Sistema privado de pensiones - Valor del Fondo - AFP Prima (millones S/),Prima,valor_fondo_mill_soles,31824.571572783
Oct.2024,PN01170MM,Sistema privado de pensiones - Valor del Fondo - AFP Prima (millones S/),Prima,valor_fondo_mill_soles,31458.613917546
Nov.2024,PN01170MM,Sistema privado de pensiones - Valor del Fondo - AFP Prima (millones S/),Prima,valor_fondo_mill_soles,31928.671993083
Dic.2024,PN01170MM,Sistema privado de pensiones - Valor del Fondo - AFP Prima (millones S/),Prima,valor_fondo_mill_soles,31811.054817025
Ene.2025,PN01170MM,Sistema privado de pensiones - Valor del Fondo - AFP Prima (millones S/),Prima,valor_fondo_mill_soles,31662.338569505
Feb.2025,PN01170MM,Sistema privado de pensiones - Valor del Fondo - AFP Prima (millones S/),Prima,valor_fondo_mill_soles,31506.016513802
Mar.2025,PN01170MM,Sistema privado de pensiones - Valor del Fondo - AFP Prima (millones S/),Prima,valor_fondo_mill_soles,31399.269539178
Abr.2025,PN01170MM,Sistema privado de pensiones - Valor del Fondo - AFP Prima (millones S/),Prima,valor_fondo_mill_soles,31480.575454149
May.2025,PN01170MM,Sistema privado de pensiones - Valor del Fondo - AFP Prima (millones S/),Prima,valor_fondo_mill_soles,31803.117972829
Jun.2025,PN01170MM,Sistema privado de pensiones - Valor del Fondo - AFP Prima (millones S/),Prima,valor_fondo_mill_soles,32629.64188137
Jul.2025,PN01170MM,Sistema privado de pensiones - Valor del Fondo - AFP Prima (millones S/),Prima,valor_fondo_mill_soles,33266.645524771
Ago.2025,PN01170MM,Sistema privado de pensiones - Valor del Fondo - AFP Prima (millones S/),Prima,valor_fondo_mill_soles,33852.755439208
Sep.2025,PN01170MM,Sistema privado de pensiones - Valor del Fondo - AFP Prima (millones S/),Prima,valor_fondo_mill_soles,34731.496145589
Oct.2025,PN01170MM,Sistema privado de pensiones - Valor del Fondo - AFP Prima (millones S/),Prima,valor_fondo_mill_soles,34467.470729735
Nov.2025,PN01170MM,Sistema privado de pensiones - Valor del Fondo - AFP Prima (millones S/),Prima,valor_fondo_mill_soles,33666.591302812
Dic.2025,PN01170MM,Sistema privado de pensiones - Valor del Fondo - AFP Prima (millones S/),Prima,valor_fondo_mill_soles,32482.939285037
Ene.2010,PN01171MM,Sistema privado de pensiones - Valor del Fondo - AFP Profuturo (millones S/),Profuturo,valor_fondo_mill_soles,9788.72690098339
Feb.2010,PN01171MM,Sistema privado de pensiones - Valor del Fondo - AFP Profuturo (millones S/),Profuturo,valor_fondo_mill_soles,9876.2835916909
Mar.2010,PN01171MM,Sistema privado de pensiones - Valor del Fondo - AFP Profuturo (millones S/),Profuturo,valor_fondo_mill_soles,10388.871729028
Abr.2010,PN01171MM,Sistema privado de pensiones - Valor del Fondo - AFP Profuturo (millones S/),Profuturo,valor_fondo_mill_soles,10616.5486497626
May.2010,PN01171MM,Sistema privado de pensiones - Valor del Fondo - AFP Profuturo (millones S/),Profuturo,valor_fondo_mill_soles,10299.6668940719
Jun.2010,PN01171MM,Sistema privado de pensiones - Valor del Fondo - AFP Profuturo (millones S/),Profuturo,valor_fondo_mill_soles,10181.0188763141
Jul.2010,PN01171MM,Sistema privado de pensiones - Valor del Fondo - AFP Profuturo (millones S/),Profuturo,valor_fondo_mill_soles,10698.4874044133
Ago.2010,PN01171MM,Sistema privado de pensiones - Valor del Fondo - AFP Profuturo (millones S/),Profuturo,valor_fondo_mill_soles,10940.9320769491
Sep.2010,PN01171MM,Sistema privado de pensiones - Valor del Fondo - AFP Profuturo (millones S/),Profuturo,valor_fondo_mill_soles,11668.2739056438
Oct.2010,PN01171MM,Sistema privado de pensiones - Valor del Fondo - AFP Profuturo (millones S/),Profuturo,valor_fondo_mill_soles,12228.0233655411
Nov.2010,PN01171MM,Sistema privado de pensiones - Valor del Fondo - AFP Profuturo (millones S/),Profuturo,valor_fondo_mill_soles,12264.1034570286
Dic.2010,PN01171MM,Sistema privado de pensiones - Valor del Fondo - AFP Profuturo (millones S/),Profuturo,valor_fondo_mill_soles,12702.1066784075
Ene.2011,PN01171MM,Sistema privado de pensiones - Valor del Fondo - AFP Profuturo (millones S/),Profuturo,valor_fondo_mill_soles,12429.5236428898
Feb.2011,PN01171MM,Sistema privado de pensiones - Valor del Fondo - AFP Profuturo (millones S/),Profuturo,valor_fondo_mill_soles,12462.449815496
Mar.2011,PN01171MM,Sistema privado de pensiones - Valor del Fondo - AFP Profuturo (millones S/),Profuturo,valor_fondo_mill_soles,12323.4570525963
Abr.2011,PN01171MM,Sistema privado de pensiones - Valor del Fondo - AFP Profuturo (millones S/),Profuturo,valor_fondo_mill_soles,12091.167457179
May.2011,PN01171MM,Sistema privado de pensiones - Valor del Fondo - AFP Profuturo (millones S/),Profuturo,valor_fondo_mill_soles,12285.6925525985
Jun.2011,PN01171MM,Sistema privado de pensiones - Valor del Fondo - AFP Profuturo (millones S/),Profuturo,valor_fondo_mill_soles,11911.0530541546
Jul.2011,PN01171MM,Sistema privado de pensiones - Valor del Fondo - AFP Profuturo (millones S/),Profuturo,valor_fondo_mill_soles,12376.6844006133
Ago.2011,PN01171MM,Sistema privado de pensiones - Valor del Fondo - AFP Profuturo (millones S/),Profuturo,valor_fondo_mill_soles,12338.2289590769
Sep.2011,PN01171MM,Sistema privado de pensiones - Valor del Fondo - AFP Profuturo (millones S/),Profuturo,valor_fondo_mill_soles,11535.7631142744
Oct.2011,PN01171MM,Sistema privado de pensiones - Valor del Fondo - AFP Profuturo (millones S/),Profuturo,valor_fondo_mill_soles,12203.9181311713
Nov.2011,PN01171MM,Sistema privado de pensiones - Valor del Fondo - AFP Profuturo (millones S/),Profuturo,valor_fondo_mill_soles,12234.3345319462
Dic.2011,PN01171MM,Sistema privado de pensiones - Valor del Fondo - AFP Profuturo (millones S/),Profuturo,valor_fondo_mill_soles,12204.612
Ene.2012,PN01171MM,Sistema privado de pensiones - Valor del Fondo - AFP Profuturo (millones S/),Profuturo,valor_fondo_mill_soles,12968.9760234407
Feb.2012,PN01171MM,Sistema privado de pensiones - Valor del Fondo - AFP Profuturo (millones S/),Profuturo,valor_fondo_mill_soles,13268.4880021391
Mar.2012,PN01171MM,Sistema privado de pensiones - Valor del Fondo - AFP Profuturo (millones S/),Profuturo,valor_fondo_mill_soles,13401.670063044
Abr.2012,PN01171MM,Sistema privado de pensiones - Valor del Fondo - AFP Profuturo (millones S/),Profuturo,valor_fondo_mill_soles,13499.6167794804
May.2012,PN01171MM,Sistema privado de pensiones - Valor del Fondo - AFP Profuturo (millones S/),Profuturo,valor_fondo_mill_soles,13174.8191032584
Jun.2012,PN01171MM,Sistema privado de pensiones - Valor del Fondo - AFP Profuturo (millones S/),Profuturo,valor_fondo_mill_soles,13345.3062384862
Jul.2012,PN01171MM,Sistema privado de pensiones - Valor del Fondo - AFP Profuturo (millones S/),Profuturo,valor_fondo_mill_soles,13284.7132936842
Ago.2012,PN01171MM,Sistema privado de pensiones - Valor del Fondo - AFP Profuturo (millones S/),Profuturo,valor_fondo_mill_soles,13434.5196883473
Sep.2012,PN01171MM,Sistema privado de pensiones - Valor del Fondo - AFP Profuturo (millones S/),Profuturo,valor_fondo_mill_soles,13894.7680373663
Oct.2012,PN01171MM,Sistema privado de pensiones - Valor del Fondo - AFP Profuturo (millones S/),Profuturo,valor_fondo_mill_soles,13962.46123003
Nov.2012,PN01171MM,Sistema privado de pensiones - Valor del Fondo - AFP Profuturo (millones S/),Profuturo,valor_fondo_mill_soles,14084.8823967648
Dic.2012,PN01171MM,Sistema privado de pensiones - Valor del Fondo - AFP Profuturo (millones S/),Profuturo,valor_fondo_mill_soles,14374.8158154541
Ene.2013,PN01171MM,Sistema privado de pensiones - Valor del Fondo - AFP Profuturo (millones S/),Profuturo,valor_fondo_mill_soles,14788.3496532085
Feb.2013,PN01171MM,Sistema privado de pensiones - Valor del Fondo - AFP Profuturo (millones S/),Profuturo,valor_fondo_mill_soles,14847.6937155721
Mar.2013,PN01171MM,Sistema privado de pensiones - Valor del Fondo - AFP Profuturo (millones S/),Profuturo,valor_fondo_mill_soles,15039.0365606434
Abr.2013,PN01171MM,Sistema privado de pensiones - Valor del Fondo - AFP Profuturo (millones S/),Profuturo,valor_fondo_mill_soles,15030.3659651644
May.2013,PN01171MM,Sistema privado de pensiones - Valor del Fondo - AFP Profuturo (millones S/),Profuturo,valor_fondo_mill_soles,14703.8803355426
Jun.2013,PN01171MM,Sistema privado de pensiones - Valor del Fondo - AFP Profuturo (millones S/),Profuturo,valor_fondo_mill_soles,14361.1160782541
Jul.2013,PN01171MM,Sistema privado de pensiones - Valor del Fondo - AFP Profuturo (millones S/),Profuturo,valor_fondo_mill_soles,14632.2487854406
Ago.2013,PN01171MM,Sistema privado de pensiones - Valor del Fondo - AFP Profuturo (millones S/),Profuturo,valor_fondo_mill_soles,25578.5791186635
Sep.2013,PN01171MM,Sistema privado de pensiones - Valor del Fondo - AFP Profuturo (millones S/),Profuturo,valor_fondo_mill_soles,26023.0071591625
Oct.2013,PN01171MM,Sistema privado de pensiones - Valor del Fondo - AFP Profuturo (millones S/),Profuturo,valor_fondo_mill_soles,26548.9487467312
Nov.2013,PN01171MM,Sistema privado de pensiones - Valor del Fondo - AFP Profuturo (millones S/),Profuturo,valor_fondo_mill_soles,26589.9845540636
Dic.2013,PN01171MM,Sistema privado de pensiones - Valor del Fondo - AFP Profuturo (millones S/),Profuturo,valor_fondo_mill_soles,26994.7845422648
Ene.2014,PN01171MM,Sistema privado de pensiones - Valor del Fondo - AFP Profuturo (millones S/),Profuturo,valor_fondo_mill_soles,26642.613268761
Feb.2014,PN01171MM,Sistema privado de pensiones - Valor del Fondo - AFP Profuturo (millones S/),Profuturo,valor_fondo_mill_soles,27100.479537649
Mar.2014,PN01171MM,Sistema privado de pensiones - Valor del Fondo - AFP Profuturo (millones S/),Profuturo,valor_fondo_mill_soles,27220.3843545052
Abr.2014,PN01171MM,Sistema privado de pensiones - Valor del Fondo - AFP Profuturo (millones S/),Profuturo,valor_fondo_mill_soles,27599.6586927491
May.2014,PN01171MM,Sistema privado de pensiones - Valor del Fondo - AFP Profuturo (millones S/),Profuturo,valor_fondo_mill_soles,27852.4492556967
Jun.2014,PN01171MM,Sistema privado de pensiones - Valor del Fondo - AFP Profuturo (millones S/),Profuturo,valor_fondo_mill_soles,28490.2028138906
Jul.2014,PN01171MM,Sistema privado de pensiones - Valor del Fondo - AFP Profuturo (millones S/),Profuturo,valor_fondo_mill_soles,28519.2200628918
Ago.2014,PN01171MM,Sistema privado de pensiones - Valor del Fondo - AFP Profuturo (millones S/),Profuturo,valor_fondo_mill_soles,29124.6206285025
Sep.2014,PN01171MM,Sistema privado de pensiones - Valor del Fondo - AFP Profuturo (millones S/),Profuturo,valor_fondo_mill_soles,29109.6856038529
Oct.2014,PN01171MM,Sistema privado de pensiones - Valor del Fondo - AFP Profuturo (millones S/),Profuturo,valor_fondo_mill_soles,29593.6613865673
Nov.2014,PN01171MM,Sistema privado de pensiones - Valor del Fondo - AFP Profuturo (millones S/),Profuturo,valor_fondo_mill_soles,29844.0862250768
Dic.2014,PN01171MM,Sistema privado de pensiones - Valor del Fondo - AFP Profuturo (millones S/),Profuturo,valor_fondo_mill_soles,30101.6220043638
Ene.2015,PN01171MM,Sistema privado de pensiones - Valor del Fondo - AFP Profuturo (millones S/),Profuturo,valor_fondo_mill_soles,30575.6945149597
Feb.2015,PN01171MM,Sistema privado de pensiones - Valor del Fondo - AFP Profuturo (millones S/),Profuturo,valor_fondo_mill_soles,31400.5225035412
Mar.2015,PN01171MM,Sistema privado de pensiones - Valor del Fondo - AFP Profuturo (millones S/),Profuturo,valor_fondo_mill_soles,31275.3808079787
Abr.2015,PN01171MM,Sistema privado de pensiones - Valor del Fondo - AFP Profuturo (millones S/),Profuturo,valor_fondo_mill_soles,31877.6393588527
May.2015,PN01171MM,Sistema privado de pensiones - Valor del Fondo - AFP Profuturo (millones S/),Profuturo,valor_fondo_mill_soles,32307.0934007044
Jun.2015,PN01171MM,Sistema privado de pensiones - Valor del Fondo - AFP Profuturo (millones S/),Profuturo,valor_fondo_mill_soles,32190.5096211775
Jul.2015,PN01171MM,Sistema privado de pensiones - Valor del Fondo - AFP Profuturo (millones S/),Profuturo,valor_fondo_mill_soles,32322.8449506721
Ago.2015,PN01171MM,Sistema privado de pensiones - Valor del Fondo - AFP Profuturo (millones S/),Profuturo,valor_fondo_mill_soles,31174.4848224656
Sep.2015,PN01171MM,Sistema privado de pensiones - Valor del Fondo - AFP Profuturo (millones S/),Profuturo,valor_fondo_mill_soles,30588.3744972622
Oct.2015,PN01171MM,Sistema privado de pensiones - Valor del Fondo - AFP Profuturo (millones S/),Profuturo,valor_fondo_mill_soles,32229.7697295371
Nov.2015,PN01171MM,Sistema privado de pensiones - Valor del Fondo - AFP Profuturo (millones S/),Profuturo,valor_fondo_mill_soles,33156.9467577335
Dic.2015,PN01171MM,Sistema privado de pensiones - Valor del Fondo - AFP Profuturo (millones S/),Profuturo,valor_fondo_mill_soles,32837.4059667953
Ene.2016,PN01171MM,Sistema privado de pensiones - Valor del Fondo - AFP Profuturo (millones S/),Profuturo,valor_fondo_mill_soles,32336.5226070006
Feb.2016,PN01171MM,Sistema privado de pensiones - Valor del Fondo - AFP Profuturo (millones S/),Profuturo,valor_fondo_mill_soles,32801.9468504419
Mar.2016,PN01171MM,Sistema privado de pensiones - Valor del Fondo - AFP Profuturo (millones S/),Profuturo,valor_fondo_mill_soles,33062.4505782201
Abr.2016,PN01171MM,Sistema privado de pensiones - Valor del Fondo - AFP Profuturo (millones S/),Profuturo,valor_fondo_mill_soles,33909.3172784717
May.2016,PN01171MM,Sistema privado de pensiones - Valor del Fondo - AFP Profuturo (millones S/),Profuturo,valor_fondo_mill_soles,34453.3649642667
Jun.2016,PN01171MM,Sistema privado de pensiones - Valor del Fondo - AFP Profuturo (millones S/),Profuturo,valor_fondo_mill_soles,33781.6471562705
Jul.2016,PN01171MM,Sistema privado de pensiones - Valor del Fondo - AFP Profuturo (millones S/),Profuturo,valor_fondo_mill_soles,35000.2518523559
Ago.2016,PN01171MM,Sistema privado de pensiones - Valor del Fondo - AFP Profuturo (millones S/),Profuturo,valor_fondo_mill_soles,35433.1737693382
Sep.2016,PN01171MM,Sistema privado de pensiones - Valor del Fondo - AFP Profuturo (millones S/),Profuturo,valor_fondo_mill_soles,35401.3790657822
Oct.2016,PN01171MM,Sistema privado de pensiones - Valor del Fondo - AFP Profuturo (millones S/),Profuturo,valor_fondo_mill_soles,35247.9534311268
Nov.2016,PN01171MM,Sistema privado de pensiones - Valor del Fondo - AFP Profuturo (millones S/),Profuturo,valor_fondo_mill_soles,35266.9299019489
Dic.2016,PN01171MM,Sistema privado de pensiones - Valor del Fondo - AFP Profuturo (millones S/),Profuturo,valor_fondo_mill_soles,35341.0228885973
Ene.2017,PN01171MM,Sistema privado de pensiones - Valor del Fondo - AFP Profuturo (millones S/),Profuturo,valor_fondo_mill_soles,35254.6010468731
Feb.2017,PN01171MM,Sistema privado de pensiones - Valor del Fondo - AFP Profuturo (millones S/),Profuturo,valor_fondo_mill_soles,35400.476617505
Mar.2017,PN01171MM,Sistema privado de pensiones - Valor del Fondo - AFP Profuturo (millones S/),Profuturo,valor_fondo_mill_soles,35840.7404666243
Abr.2017,PN01171MM,Sistema privado de pensiones - Valor del Fondo - AFP Profuturo (millones S/),Profuturo,valor_fondo_mill_soles,36191.0841021176
May.2017,PN01171MM,Sistema privado de pensiones - Valor del Fondo - AFP Profuturo (millones S/),Profuturo,valor_fondo_mill_soles,36979.4046336665
Jun.2017,PN01171MM,Sistema privado de pensiones - Valor del Fondo - AFP Profuturo (millones S/),Profuturo,valor_fondo_mill_soles,37096.7897132644
Jul.2017,PN01171MM,Sistema privado de pensiones - Valor del Fondo - AFP Profuturo (millones S/),Profuturo,valor_fondo_mill_soles,37484.9004756764
Ago.2017,PN01171MM,Sistema privado de pensiones - Valor del Fondo - AFP Profuturo (millones S/),Profuturo,valor_fondo_mill_soles,37808.9014618174
Sep.2017,PN01171MM,Sistema privado de pensiones - Valor del Fondo - AFP Profuturo (millones S/),Profuturo,valor_fondo_mill_soles,38752.2114291575
Oct.2017,PN01171MM,Sistema privado de pensiones - Valor del Fondo - AFP Profuturo (millones S/),Profuturo,valor_fondo_mill_soles,39328.7622050043
Nov.2017,PN01171MM,Sistema privado de pensiones - Valor del Fondo - AFP Profuturo (millones S/),Profuturo,valor_fondo_mill_soles,39379.628771442
Dic.2017,PN01171MM,Sistema privado de pensiones - Valor del Fondo - AFP Profuturo (millones S/),Profuturo,valor_fondo_mill_soles,39679.7029819762
Ene.2018,PN01171MM,Sistema privado de pensiones - Valor del Fondo - AFP Profuturo (millones S/),Profuturo,valor_fondo_mill_soles,41051.28208
Feb.2018,PN01171MM,Sistema privado de pensiones - Valor del Fondo - AFP Profuturo (millones S/),Profuturo,valor_fondo_mill_soles,40522.870209469
Mar.2018,PN01171MM,Sistema privado de pensiones - Valor del Fondo - AFP Profuturo (millones S/),Profuturo,valor_fondo_mill_soles,40218.6364958217
Abr.2018,PN01171MM,Sistema privado de pensiones - Valor del Fondo - AFP Profuturo (millones S/),Profuturo,valor_fondo_mill_soles,40322.5961672778
May.2018,PN01171MM,Sistema privado de pensiones - Valor del Fondo - AFP Profuturo (millones S/),Profuturo,valor_fondo_mill_soles,39986.6505816664
Jun.2018,PN01171MM,Sistema privado de pensiones - Valor del Fondo - AFP Profuturo (millones S/),Profuturo,valor_fondo_mill_soles,39546.0659355208
Jul.2018,PN01171MM,Sistema privado de pensiones - Valor del Fondo - AFP Profuturo (millones S/),Profuturo,valor_fondo_mill_soles,40426.8679909337
Ago.2018,PN01171MM,Sistema privado de pensiones - Valor del Fondo - AFP Profuturo (millones S/),Profuturo,valor_fondo_mill_soles,40128.1593014069
Sep.2018,PN01171MM,Sistema privado de pensiones - Valor del Fondo - AFP Profuturo (millones S/),Profuturo,valor_fondo_mill_soles,40192.3217598198
Oct.2018,PN01171MM,Sistema privado de pensiones - Valor del Fondo - AFP Profuturo (millones S/),Profuturo,valor_fondo_mill_soles,38812.5189762424
Nov.2018,PN01171MM,Sistema privado de pensiones - Valor del Fondo - AFP Profuturo (millones S/),Profuturo,valor_fondo_mill_soles,39615.1416819171
Dic.2018,PN01171MM,Sistema privado de pensiones - Valor del Fondo - AFP Profuturo (millones S/),Profuturo,valor_fondo_mill_soles,38824.1750805855
Ene.2019,PN01171MM,Sistema privado de pensiones - Valor del Fondo - AFP Profuturo (millones S/),Profuturo,valor_fondo_mill_soles,39950.3183625155
Feb.2019,PN01171MM,Sistema privado de pensiones - Valor del Fondo - AFP Profuturo (millones S/),Profuturo,valor_fondo_mill_soles,40221.1675381382
Mar.2019,PN01171MM,Sistema privado de pensiones - Valor del Fondo - AFP Profuturo (millones S/),Profuturo,valor_fondo_mill_soles,40800.71099
Abr.2019,PN01171MM,Sistema privado de pensiones - Valor del Fondo - AFP Profuturo (millones S/),Profuturo,valor_fondo_mill_soles,41368.5270696716
May.2019,PN01171MM,Sistema privado de pensiones - Valor del Fondo - AFP Profuturo (millones S/),Profuturo,valor_fondo_mill_soles,41049.378426199
Jun.2019,PN01171MM,Sistema privado de pensiones - Valor del Fondo - AFP Profuturo (millones S/),Profuturo,valor_fondo_mill_soles,41699.393689757
Jul.2019,PN01171MM,Sistema privado de pensiones - Valor del Fondo - AFP Profuturo (millones S/),Profuturo,valor_fondo_mill_soles,42042.6241260027
Ago.2019,PN01171MM,Sistema privado de pensiones - Valor del Fondo - AFP Profuturo (millones S/),Profuturo,valor_fondo_mill_soles,42204.8156807509
Sep.2019,PN01171MM,Sistema privado de pensiones - Valor del Fondo - AFP Profuturo (millones S/),Profuturo,valor_fondo_mill_soles,42440.5222822595
Oct.2019,PN01171MM,Sistema privado de pensiones - Valor del Fondo - AFP Profuturo (millones S/),Profuturo,valor_fondo_mill_soles,42915.1085483583
Nov.2019,PN01171MM,Sistema privado de pensiones - Valor del Fondo - AFP Profuturo (millones S/),Profuturo,valor_fondo_mill_soles,43031.3362388896
Dic.2019,PN01171MM,Sistema privado de pensiones - Valor del Fondo - AFP Profuturo (millones S/),Profuturo,valor_fondo_mill_soles,43552.7397304855
Ene.2020,PN01171MM,Sistema privado de pensiones - Valor del Fondo - AFP Profuturo (millones S/),Profuturo,valor_fondo_mill_soles,43846.571031412
Feb.2020,PN01171MM,Sistema privado de pensiones - Valor del Fondo - AFP Profuturo (millones S/),Profuturo,valor_fondo_mill_soles,42981.8249495515
Mar.2020,PN01171MM,Sistema privado de pensiones - Valor del Fondo - AFP Profuturo (millones S/),Profuturo,valor_fondo_mill_soles,38668.010184646
Abr.2020,PN01171MM,Sistema privado de pensiones - Valor del Fondo - AFP Profuturo (millones S/),Profuturo,valor_fondo_mill_soles,38585.4790060022
May.2020,PN01171MM,Sistema privado de pensiones - Valor del Fondo - AFP Profuturo (millones S/),Profuturo,valor_fondo_mill_soles,39380.449852306
Jun.2020,PN01171MM,Sistema privado de pensiones - Valor del Fondo - AFP Profuturo (millones S/),Profuturo,valor_fondo_mill_soles,37593.863710581
Jul.2020,PN01171MM,Sistema privado de pensiones - Valor del Fondo - AFP Profuturo (millones S/),Profuturo,valor_fondo_mill_soles,36995.820734747
Ago.2020,PN01171MM,Sistema privado de pensiones - Valor del Fondo - AFP Profuturo (millones S/),Profuturo,valor_fondo_mill_soles,37599.630521954
Sep.2020,PN01171MM,Sistema privado de pensiones - Valor del Fondo - AFP Profuturo (millones S/),Profuturo,valor_fondo_mill_soles,37499.100136192
Oct.2020,PN01171MM,Sistema privado de pensiones - Valor del Fondo - AFP Profuturo (millones S/),Profuturo,valor_fondo_mill_soles,37449.946087955
Nov.2020,PN01171MM,Sistema privado de pensiones - Valor del Fondo - AFP Profuturo (millones S/),Profuturo,valor_fondo_mill_soles,39677.640829903
Dic.2020,PN01171MM,Sistema privado de pensiones - Valor del Fondo - AFP Profuturo (millones S/),Profuturo,valor_fondo_mill_soles,40384.333399253
Ene.2021,PN01171MM,Sistema privado de pensiones - Valor del Fondo - AFP Profuturo (millones S/),Profuturo,valor_fondo_mill_soles,39566.836278665
Feb.2021,PN01171MM,Sistema privado de pensiones - Valor del Fondo - AFP Profuturo (millones S/),Profuturo,valor_fondo_mill_soles,39294.90908874
Mar.2021,PN01171MM,Sistema privado de pensiones - Valor del Fondo - AFP Profuturo (millones S/),Profuturo,valor_fondo_mill_soles,38782.220188992
Abr.2021,PN01171MM,Sistema privado de pensiones - Valor del Fondo - AFP Profuturo (millones S/),Profuturo,valor_fondo_mill_soles,38552.615224713
May.2021,PN01171MM,Sistema privado de pensiones - Valor del Fondo - AFP Profuturo (millones S/),Profuturo,valor_fondo_mill_soles,39850.298393504
Jun.2021,PN01171MM,Sistema privado de pensiones - Valor del Fondo - AFP Profuturo (millones S/),Profuturo,valor_fondo_mill_soles,38267.963325602
Jul.2021,PN01171MM,Sistema privado de pensiones - Valor del Fondo - AFP Profuturo (millones S/),Profuturo,valor_fondo_mill_soles,35403.856431873
Ago.2021,PN01171MM,Sistema privado de pensiones - Valor del Fondo - AFP Profuturo (millones S/),Profuturo,valor_fondo_mill_soles,32310.360735203
Sep.2021,PN01171MM,Sistema privado de pensiones - Valor del Fondo - AFP Profuturo (millones S/),Profuturo,valor_fondo_mill_soles,30286.2986334106
Oct.2021,PN01171MM,Sistema privado de pensiones - Valor del Fondo - AFP Profuturo (millones S/),Profuturo,valor_fondo_mill_soles,30944.6871863037
Nov.2021,PN01171MM,Sistema privado de pensiones - Valor del Fondo - AFP Profuturo (millones S/),Profuturo,valor_fondo_mill_soles,31085.97218364
Dic.2021,PN01171MM,Sistema privado de pensiones - Valor del Fondo - AFP Profuturo (millones S/),Profuturo,valor_fondo_mill_soles,31236.545066398
Ene.2022,PN01171MM,Sistema privado de pensiones - Valor del Fondo - AFP Profuturo (millones S/),Profuturo,valor_fondo_mill_soles,30980.978663352
Feb.2022,PN01171MM,Sistema privado de pensiones - Valor del Fondo - AFP Profuturo (millones S/),Profuturo,valor_fondo_mill_soles,30914.917600937
Mar.2022,PN01171MM,Sistema privado de pensiones - Valor del Fondo - AFP Profuturo (millones S/),Profuturo,valor_fondo_mill_soles,30987.6301481316
Abr.2022,PN01171MM,Sistema privado de pensiones - Valor del Fondo - AFP Profuturo (millones S/),Profuturo,valor_fondo_mill_soles,30210.532854353
May.2022,PN01171MM,Sistema privado de pensiones - Valor del Fondo - AFP Profuturo (millones S/),Profuturo,valor_fondo_mill_soles,29218.3470558462
Jun.2022,PN01171MM,Sistema privado de pensiones - Valor del Fondo - AFP Profuturo (millones S/),Profuturo,valor_fondo_mill_soles,28428.2063862359
Jul.2022,PN01171MM,Sistema privado de pensiones - Valor del Fondo - AFP Profuturo (millones S/),Profuturo,valor_fondo_mill_soles,27502.4611958978
Ago.2022,PN01171MM,Sistema privado de pensiones - Valor del Fondo - AFP Profuturo (millones S/),Profuturo,valor_fondo_mill_soles,25353.2660650627
Sep.2022,PN01171MM,Sistema privado de pensiones - Valor del Fondo - AFP Profuturo (millones S/),Profuturo,valor_fondo_mill_soles,23298.7319761592
Oct.2022,PN01171MM,Sistema privado de pensiones - Valor del Fondo - AFP Profuturo (millones S/),Profuturo,valor_fondo_mill_soles,23335.7849372136
Nov.2022,PN01171MM,Sistema privado de pensiones - Valor del Fondo - AFP Profuturo (millones S/),Profuturo,valor_fondo_mill_soles,23852.6614615719
Dic.2022,PN01171MM,Sistema privado de pensiones - Valor del Fondo - AFP Profuturo (millones S/),Profuturo,valor_fondo_mill_soles,23520.6078481537
Ene.2023,PN01171MM,Sistema privado de pensiones - Valor del Fondo - AFP Profuturo (millones S/),Profuturo,valor_fondo_mill_soles,24214.4240556824
Feb.2023,PN01171MM,Sistema privado de pensiones - Valor del Fondo - AFP Profuturo (millones S/),Profuturo,valor_fondo_mill_soles,23763.0419109231
Mar.2023,PN01171MM,Sistema privado de pensiones - Valor del Fondo - AFP Profuturo (millones S/),Profuturo,valor_fondo_mill_soles,23986.482914293
Abr.2023,PN01171MM,Sistema privado de pensiones - Valor del Fondo - AFP Profuturo (millones S/),Profuturo,valor_fondo_mill_soles,23955.1375887637
May.2023,PN01171MM,Sistema privado de pensiones - Valor del Fondo - AFP Profuturo (millones S/),Profuturo,valor_fondo_mill_soles,23913.8856277337
Jun.2023,PN01171MM,Sistema privado de pensiones - Valor del Fondo - AFP Profuturo (millones S/),Profuturo,valor_fondo_mill_soles,24458.6335741728
Jul.2023,PN01171MM,Sistema privado de pensiones - Valor del Fondo - AFP Profuturo (millones S/),Profuturo,valor_fondo_mill_soles,24937.7114096838
Ago.2023,PN01171MM,Sistema privado de pensiones - Valor del Fondo - AFP Profuturo (millones S/),Profuturo,valor_fondo_mill_soles,25026.408339273
Sep.2023,PN01171MM,Sistema privado de pensiones - Valor del Fondo - AFP Profuturo (millones S/),Profuturo,valor_fondo_mill_soles,24813.8709082199
Oct.2023,PN01171MM,Sistema privado de pensiones - Valor del Fondo - AFP Profuturo (millones S/),Profuturo,valor_fondo_mill_soles,24477.913339263
Nov.2023,PN01171MM,Sistema privado de pensiones - Valor del Fondo - AFP Profuturo (millones S/),Profuturo,valor_fondo_mill_soles,24972.4879698797
Dic.2023,PN01171MM,Sistema privado de pensiones - Valor del Fondo - AFP Profuturo (millones S/),Profuturo,valor_fondo_mill_soles,26030.9397531704
Ene.2024,PN01171MM,Sistema privado de pensiones - Valor del Fondo - AFP Profuturo (millones S/),Profuturo,valor_fondo_mill_soles,26414.0228648764
Feb.2024,PN01171MM,Sistema privado de pensiones - Valor del Fondo - AFP Profuturo (millones S/),Profuturo,valor_fondo_mill_soles,26677.097521709
Mar.2024,PN01171MM,Sistema privado de pensiones - Valor del Fondo - AFP Profuturo (millones S/),Profuturo,valor_fondo_mill_soles,26522.19691934
Abr.2024,PN01171MM,Sistema privado de pensiones - Valor del Fondo - AFP Profuturo (millones S/),Profuturo,valor_fondo_mill_soles,26284.1480673226
May.2024,PN01171MM,Sistema privado de pensiones - Valor del Fondo - AFP Profuturo (millones S/),Profuturo,valor_fondo_mill_soles,26752.53938136
Jun.2024,PN01171MM,Sistema privado de pensiones - Valor del Fondo - AFP Profuturo (millones S/),Profuturo,valor_fondo_mill_soles,25472.302113924
Jul.2024,PN01171MM,Sistema privado de pensiones - Valor del Fondo - AFP Profuturo (millones S/),Profuturo,valor_fondo_mill_soles,23481.944147791
Ago.2024,PN01171MM,Sistema privado de pensiones - Valor del Fondo - AFP Profuturo (millones S/),Profuturo,valor_fondo_mill_soles,22262.214709655
Sep.2024,PN01171MM,Sistema privado de pensiones - Valor del Fondo - AFP Profuturo (millones S/),Profuturo,valor_fondo_mill_soles,21854.042653905
Oct.2024,PN01171MM,Sistema privado de pensiones - Valor del Fondo - AFP Profuturo (millones S/),Profuturo,valor_fondo_mill_soles,21632.743594533
Nov.2024,PN01171MM,Sistema privado de pensiones - Valor del Fondo - AFP Profuturo (millones S/),Profuturo,valor_fondo_mill_soles,21745.130522163
Dic.2024,PN01171MM,Sistema privado de pensiones - Valor del Fondo - AFP Profuturo (millones S/),Profuturo,valor_fondo_mill_soles,21652.737528355
Ene.2025,PN01171MM,Sistema privado de pensiones - Valor del Fondo - AFP Profuturo (millones S/),Profuturo,valor_fondo_mill_soles,21695.35660017
Feb.2025,PN01171MM,Sistema privado de pensiones - Valor del Fondo - AFP Profuturo (millones S/),Profuturo,valor_fondo_mill_soles,21647.058036251
Mar.2025,PN01171MM,Sistema privado de pensiones - Valor del Fondo - AFP Profuturo (millones S/),Profuturo,valor_fondo_mill_soles,21674.015662127
Abr.2025,PN01171MM,Sistema privado de pensiones - Valor del Fondo - AFP Profuturo (millones S/),Profuturo,valor_fondo_mill_soles,21689.902938216
May.2025,PN01171MM,Sistema privado de pensiones - Valor del Fondo - AFP Profuturo (millones S/),Profuturo,valor_fondo_mill_soles,22021.913426312
Jun.2025,PN01171MM,Sistema privado de pensiones - Valor del Fondo - AFP Profuturo (millones S/),Profuturo,valor_fondo_mill_soles,22437.472490756
Jul.2025,PN01171MM,Sistema privado de pensiones - Valor del Fondo - AFP Profuturo (millones S/),Profuturo,valor_fondo_mill_soles,22802.709969797
Ago.2025,PN01171MM,Sistema privado de pensiones - Valor del Fondo - AFP Profuturo (millones S/),Profuturo,valor_fondo_mill_soles,23127.24608623
Sep.2025,PN01171MM,Sistema privado de pensiones - Valor del Fondo - AFP Profuturo (millones S/),Profuturo,valor_fondo_mill_soles,23849.949935598
Oct.2025,PN01171MM,Sistema privado de pensiones - Valor del Fondo - AFP Profuturo (millones S/),Profuturo,valor_fondo_mill_soles,23800.588306896
Nov.2025,PN01171MM,Sistema privado de pensiones - Valor del Fondo - AFP Profuturo (millones S/),Profuturo,valor_fondo_mill_soles,23375.265326658
Dic.2025,PN01171MM,Sistema privado de pensiones - Valor del Fondo - AFP Profuturo (millones S/),Profuturo,valor_fondo_mill_soles,22657.24553202
Ene.2010,PN01174MM,Sistema privado de pensiones - Número de Afiliados - AFP Habitat (miles),Habitat,afiliados_miles,0
Feb.2010,PN01174MM,Sistema privado de pensiones - Número de Afiliados - AFP Habitat (miles),Habitat,afiliados_miles,0
Mar.2010,PN01174MM,Sistema privado de pensiones - Número de Afiliados - AFP Habitat (miles),Habitat,afiliados_miles,0
Abr.2010,PN01174MM,Sistema privado de pensiones - Número de Afiliados - AFP Habitat (miles),Habitat,afiliados_miles,0
May.2010,PN01174MM,Sistema privado de pensiones - Número de Afiliados - AFP Habitat (miles),Habitat,afiliados_miles,0
Jun.2010,PN01174MM,Sistema privado de pensiones - Número de Afiliados - AFP Habitat (miles),Habitat,afiliados_miles,0
Jul.2010,PN01174MM,Sistema privado de pensiones - Número de Afiliados - AFP Habitat (miles),Habitat,afiliados_miles,0
Ago.2010,PN01174MM,Sistema privado de pensiones - Número de Afiliados - AFP Habitat (miles),Habitat,afiliados_miles,0
Sep.2010,PN01174MM,Sistema privado de pensiones - Número de Afiliados - AFP Habitat (miles),Habitat,afiliados_miles,0
Oct.2010,PN01174MM,Sistema privado de pensiones - Número de Afiliados - AFP Habitat (miles),Habitat,afiliados_miles,0
Nov.2010,PN01174MM,Sistema privado de pensiones - Número de Afiliados - AFP Habitat (miles),Habitat,afiliados_miles,0
Dic.2010,PN01174MM,Sistema privado de pensiones - Número de Afiliados - AFP Habitat (miles),Habitat,afiliados_miles,0
Ene.2011,PN01174MM,Sistema privado de pensiones - Número de Afiliados - AFP Habitat (miles),Habitat,afiliados_miles,0
Feb.2011,PN01174MM,Sistema privado de pensiones - Número de Afiliados - AFP Habitat (miles),Habitat,afiliados_miles,0
Mar.2011,PN01174MM,Sistema privado de pensiones - Número de Afiliados - AFP Habitat (miles),Habitat,afiliados_miles,0
Abr.2011,PN01174MM,Sistema privado de pensiones - Número de Afiliados - AFP Habitat (miles),Habitat,afiliados_miles,0
May.2011,PN01174MM,Sistema privado de pensiones - Número de Afiliados - AFP Habitat (miles),Habitat,afiliados_miles,0
Jun.2011,PN01174MM,Sistema privado de pensiones - Número de Afiliados - AFP Habitat (miles),Habitat,afiliados_miles,0
Jul.2011,PN01174MM,Sistema privado de pensiones - Número de Afiliados - AFP Habitat (miles),Habitat,afiliados_miles,0
Ago.2011,PN01174MM,Sistema privado de pensiones - Número de Afiliados - AFP Habitat (miles),Habitat,afiliados_miles,0
Sep.2011,PN01174MM,Sistema privado de pensiones - Número de Afiliados - AFP Habitat (miles),Habitat,afiliados_miles,0
Oct.2011,PN01174MM,Sistema privado de pensiones - Número de Afiliados - AFP Habitat (miles),Habitat,afiliados_miles,0
Nov.2011,PN01174MM,Sistema privado de pensiones - Número de Afiliados - AFP Habitat (miles),Habitat,afiliados_miles,0
Dic.2011,PN01174MM,Sistema privado de pensiones - Número de Afiliados - AFP Habitat (miles),Habitat,afiliados_miles,0
Ene.2012,PN01174MM,Sistema privado de pensiones - Número de Afiliados - AFP Habitat (miles),Habitat,afiliados_miles,0
Feb.2012,PN01174MM,Sistema privado de pensiones - Número de Afiliados - AFP Habitat (miles),Habitat,afiliados_miles,0
Mar.2012,PN01174MM,Sistema privado de pensiones - Número de Afiliados - AFP Habitat (miles),Habitat,afiliados_miles,0
Abr.2012,PN01174MM,Sistema privado de pensiones - Número de Afiliados - AFP Habitat (miles),Habitat,afiliados_miles,0
May.2012,PN01174MM,Sistema privado de pensiones - Número de Afiliados - AFP Habitat (miles),Habitat,afiliados_miles,0
Jun.2012,PN01174MM,Sistema privado de pensiones - Número de Afiliados - AFP Habitat (miles),Habitat,afiliados_miles,0
Jul.2012,PN01174MM,Sistema privado de pensiones - Número de Afiliados - AFP Habitat (miles),Habitat,afiliados_miles,0
Ago.2012,PN01174MM,Sistema privado de pensiones - Número de Afiliados - AFP Habitat (miles),Habitat,afiliados_miles,0
Sep.2012,PN01174MM,Sistema privado de pensiones - Número de Afiliados - AFP Habitat (miles),Habitat,afiliados_miles,0
Oct.2012,PN01174MM,Sistema privado de pensiones - Número de Afiliados - AFP Habitat (miles),Habitat,afiliados_miles,0
Nov.2012,PN01174MM,Sistema privado de pensiones - Número de Afiliados - AFP Habitat (miles),Habitat,afiliados_miles,0
Dic.2012,PN01174MM,Sistema privado de pensiones - Número de Afiliados - AFP Habitat (miles),Habitat,afiliados_miles,0
Ene.2013,PN01174MM,Sistema privado de pensiones - Número de Afiliados - AFP Habitat (miles),Habitat,afiliados_miles,0
Feb.2013,PN01174MM,Sistema privado de pensiones - Número de Afiliados - AFP Habitat (miles),Habitat,afiliados_miles,0
Mar.2013,PN01174MM,Sistema privado de pensiones - Número de Afiliados - AFP Habitat (miles),Habitat,afiliados_miles,0
Abr.2013,PN01174MM,Sistema privado de pensiones - Número de Afiliados - AFP Habitat (miles),Habitat,afiliados_miles,0
May.2013,PN01174MM,Sistema privado de pensiones - Número de Afiliados - AFP Habitat (miles),Habitat,afiliados_miles,0
Jun.2013,PN01174MM,Sistema privado de pensiones - Número de Afiliados - AFP Habitat (miles),Habitat,afiliados_miles,4.354
Jul.2013,PN01174MM,Sistema privado de pensiones - Número de Afiliados - AFP Habitat (miles),Habitat,afiliados_miles,12.474
Ago.2013,PN01174MM,Sistema privado de pensiones - Número de Afiliados - AFP Habitat (miles),Habitat,afiliados_miles,51.556
Sep.2013,PN01174MM,Sistema privado de pensiones - Número de Afiliados - AFP Habitat (miles),Habitat,afiliados_miles,67.183
Oct.2013,PN01174MM,Sistema privado de pensiones - Número de Afiliados - AFP Habitat (miles),Habitat,afiliados_miles,78.905
Nov.2013,PN01174MM,Sistema privado de pensiones - Número de Afiliados - AFP Habitat (miles),Habitat,afiliados_miles,95.061
Dic.2013,PN01174MM,Sistema privado de pensiones - Número de Afiliados - AFP Habitat (miles),Habitat,afiliados_miles,110.385
Ene.2014,PN01174MM,Sistema privado de pensiones - Número de Afiliados - AFP Habitat (miles),Habitat,afiliados_miles,130.042
Feb.2014,PN01174MM,Sistema privado de pensiones - Número de Afiliados - AFP Habitat (miles),Habitat,afiliados_miles,153.77
Mar.2014,PN01174MM,Sistema privado de pensiones - Número de Afiliados - AFP Habitat (miles),Habitat,afiliados_miles,177.611
Abr.2014,PN01174MM,Sistema privado de pensiones - Número de Afiliados - AFP Habitat (miles),Habitat,afiliados_miles,198.481
May.2014,PN01174MM,Sistema privado de pensiones - Número de Afiliados - AFP Habitat (miles),Habitat,afiliados_miles,218.489
Jun.2014,PN01174MM,Sistema privado de pensiones - Número de Afiliados - AFP Habitat (miles),Habitat,afiliados_miles,241.975
Jul.2014,PN01174MM,Sistema privado de pensiones - Número de Afiliados - AFP Habitat (miles),Habitat,afiliados_miles,265.577
Ago.2014,PN01174MM,Sistema privado de pensiones - Número de Afiliados - AFP Habitat (miles),Habitat,afiliados_miles,313.094
Sep.2014,PN01174MM,Sistema privado de pensiones - Número de Afiliados - AFP Habitat (miles),Habitat,afiliados_miles,341.969
Oct.2014,PN01174MM,Sistema privado de pensiones - Número de Afiliados - AFP Habitat (miles),Habitat,afiliados_miles,364.612
Nov.2014,PN01174MM,Sistema privado de pensiones - Número de Afiliados - AFP Habitat (miles),Habitat,afiliados_miles,383.796
Dic.2014,PN01174MM,Sistema privado de pensiones - Número de Afiliados - AFP Habitat (miles),Habitat,afiliados_miles,400.388
Ene.2015,PN01174MM,Sistema privado de pensiones - Número de Afiliados - AFP Habitat (miles),Habitat,afiliados_miles,424.525
Feb.2015,PN01174MM,Sistema privado de pensiones - Número de Afiliados - AFP Habitat (miles),Habitat,afiliados_miles,449.403
Mar.2015,PN01174MM,Sistema privado de pensiones - Número de Afiliados - AFP Habitat (miles),Habitat,afiliados_miles,472.399
Abr.2015,PN01174MM,Sistema privado de pensiones - Número de Afiliados - AFP Habitat (miles),Habitat,afiliados_miles,493.964
May.2015,PN01174MM,Sistema privado de pensiones - Número de Afiliados - AFP Habitat (miles),Habitat,afiliados_miles,516.111
Jun.2015,PN01174MM,Sistema privado de pensiones - Número de Afiliados - AFP Habitat (miles),Habitat,afiliados_miles,537.86
Jul.2015,PN01174MM,Sistema privado de pensiones - Número de Afiliados - AFP Habitat (miles),Habitat,afiliados_miles,558.501
Ago.2015,PN01174MM,Sistema privado de pensiones - Número de Afiliados - AFP Habitat (miles),Habitat,afiliados_miles,582.602
Sep.2015,PN01174MM,Sistema privado de pensiones - Número de Afiliados - AFP Habitat (miles),Habitat,afiliados_miles,607.872
Oct.2015,PN01174MM,Sistema privado de pensiones - Número de Afiliados - AFP Habitat (miles),Habitat,afiliados_miles,631.474
Nov.2015,PN01174MM,Sistema privado de pensiones - Número de Afiliados - AFP Habitat (miles),Habitat,afiliados_miles,654.191
Dic.2015,PN01174MM,Sistema privado de pensiones - Número de Afiliados - AFP Habitat (miles),Habitat,afiliados_miles,672.273
Ene.2016,PN01174MM,Sistema privado de pensiones - Número de Afiliados - AFP Habitat (miles),Habitat,afiliados_miles,673.153
Feb.2016,PN01174MM,Sistema privado de pensiones - Número de Afiliados - AFP Habitat (miles),Habitat,afiliados_miles,699.609
Mar.2016,PN01174MM,Sistema privado de pensiones - Número de Afiliados - AFP Habitat (miles),Habitat,afiliados_miles,726.695
Abr.2016,PN01174MM,Sistema privado de pensiones - Número de Afiliados - AFP Habitat (miles),Habitat,afiliados_miles,750.532
May.2016,PN01174MM,Sistema privado de pensiones - Número de Afiliados - AFP Habitat (miles),Habitat,afiliados_miles,776.47
Jun.2016,PN01174MM,Sistema privado de pensiones - Número de Afiliados - AFP Habitat (miles),Habitat,afiliados_miles,800.252
Jul.2016,PN01174MM,Sistema privado de pensiones - Número de Afiliados - AFP Habitat (miles),Habitat,afiliados_miles,822.714
Ago.2016,PN01174MM,Sistema privado de pensiones - Número de Afiliados - AFP Habitat (miles),Habitat,afiliados_miles,841.572
Sep.2016,PN01174MM,Sistema privado de pensiones - Número de Afiliados - AFP Habitat (miles),Habitat,afiliados_miles,901.326
Oct.2016,PN01174MM,Sistema privado de pensiones - Número de Afiliados - AFP Habitat (miles),Habitat,afiliados_miles,931.139
Nov.2016,PN01174MM,Sistema privado de pensiones - Número de Afiliados - AFP Habitat (miles),Habitat,afiliados_miles,959.841
Dic.2016,PN01174MM,Sistema privado de pensiones - Número de Afiliados - AFP Habitat (miles),Habitat,afiliados_miles,983.523
Ene.2017,PN01174MM,Sistema privado de pensiones - Número de Afiliados - AFP Habitat (miles),Habitat,afiliados_miles,1016.507
Feb.2017,PN01174MM,Sistema privado de pensiones - Número de Afiliados - AFP Habitat (miles),Habitat,afiliados_miles,1048.237
Mar.2017,PN01174MM,Sistema privado de pensiones - Número de Afiliados - AFP Habitat (miles),Habitat,afiliados_miles,1075.157
Abr.2017,PN01174MM,Sistema privado de pensiones - Número de Afiliados - AFP Habitat (miles),Habitat,afiliados_miles,1094.378
May.2017,PN01174MM,Sistema privado de pensiones - Número de Afiliados - AFP Habitat (miles),Habitat,afiliados_miles,1120.162
Jun.2017,PN01174MM,Sistema privado de pensiones - Número de Afiliados - AFP Habitat (miles),Habitat,afiliados_miles,1121.407
Jul.2017,PN01174MM,Sistema privado de pensiones - Número de Afiliados - AFP Habitat (miles),Habitat,afiliados_miles,1120.237
Ago.2017,PN01174MM,Sistema privado de pensiones - Número de Afiliados - AFP Habitat (miles),Habitat,afiliados_miles,1119.802
Sep.2017,PN01174MM,Sistema privado de pensiones - Número de Afiliados - AFP Habitat (miles),Habitat,afiliados_miles,1118.76
Oct.2017,PN01174MM,Sistema privado de pensiones - Número de Afiliados - AFP Habitat (miles),Habitat,afiliados_miles,1117.379
Nov.2017,PN01174MM,Sistema privado de pensiones - Número de Afiliados - AFP Habitat (miles),Habitat,afiliados_miles,1114.026
Dic.2017,PN01174MM,Sistema privado de pensiones - Número de Afiliados - AFP Habitat (miles),Habitat,afiliados_miles,1113.958
Ene.2018,PN01174MM,Sistema privado de pensiones - Número de Afiliados - AFP Habitat (miles),Habitat,afiliados_miles,1112.248
Feb.2018,PN01174MM,Sistema privado de pensiones - Número de Afiliados - AFP Habitat (miles),Habitat,afiliados_miles,1110.884
Mar.2018,PN01174MM,Sistema privado de pensiones - Número de Afiliados - AFP Habitat (miles),Habitat,afiliados_miles,1108.557
Abr.2018,PN01174MM,Sistema privado de pensiones - Número de Afiliados - AFP Habitat (miles),Habitat,afiliados_miles,1105.945
May.2018,PN01174MM,Sistema privado de pensiones - Número de Afiliados - AFP Habitat (miles),Habitat,afiliados_miles,1103.833
Jun.2018,PN01174MM,Sistema privado de pensiones - Número de Afiliados - AFP Habitat (miles),Habitat,afiliados_miles,1101.484
Jul.2018,PN01174MM,Sistema privado de pensiones - Número de Afiliados - AFP Habitat (miles),Habitat,afiliados_miles,1098.824
Ago.2018,PN01174MM,Sistema privado de pensiones - Número de Afiliados - AFP Habitat (miles),Habitat,afiliados_miles,1095.694
Sep.2018,PN01174MM,Sistema privado de pensiones - Número de Afiliados - AFP Habitat (miles),Habitat,afiliados_miles,1092.877
Oct.2018,PN01174MM,Sistema privado de pensiones - Número de Afiliados - AFP Habitat (miles),Habitat,afiliados_miles,1089.625
Nov.2018,PN01174MM,Sistema privado de pensiones - Número de Afiliados - AFP Habitat (miles),Habitat,afiliados_miles,1085.954
Dic.2018,PN01174MM,Sistema privado de pensiones - Número de Afiliados - AFP Habitat (miles),Habitat,afiliados_miles,1080.654
Ene.2019,PN01174MM,Sistema privado de pensiones - Número de Afiliados - AFP Habitat (miles),Habitat,afiliados_miles,1075.999
Feb.2019,PN01174MM,Sistema privado de pensiones - Número de Afiliados - AFP Habitat (miles),Habitat,afiliados_miles,1072.835
Mar.2019,PN01174MM,Sistema privado de pensiones - Número de Afiliados - AFP Habitat (miles),Habitat,afiliados_miles,1068.753
Abr.2019,PN01174MM,Sistema privado de pensiones - Número de Afiliados - AFP Habitat (miles),Habitat,afiliados_miles,1068.753
May.2019,PN01174MM,Sistema privado de pensiones - Número de Afiliados - AFP Habitat (miles),Habitat,afiliados_miles,1061.24
Jun.2019,PN01174MM,Sistema privado de pensiones - Número de Afiliados - AFP Habitat (miles),Habitat,afiliados_miles,1058.074
Jul.2019,PN01174MM,Sistema privado de pensiones - Número de Afiliados - AFP Habitat (miles),Habitat,afiliados_miles,1053.311
Ago.2019,PN01174MM,Sistema privado de pensiones - Número de Afiliados - AFP Habitat (miles),Habitat,afiliados_miles,1047.807
Sep.2019,PN01174MM,Sistema privado de pensiones - Número de Afiliados - AFP Habitat (miles),Habitat,afiliados_miles,1043.142
Oct.2019,PN01174MM,Sistema privado de pensiones - Número de Afiliados - AFP Habitat (miles),Habitat,afiliados_miles,1038.127
Nov.2019,PN01174MM,Sistema privado de pensiones - Número de Afiliados - AFP Habitat (miles),Habitat,afiliados_miles,1038.127
Dic.2019,PN01174MM,Sistema privado de pensiones - Número de Afiliados - AFP Habitat (miles),Habitat,afiliados_miles,1028.079
Ene.2020,PN01174MM,Sistema privado de pensiones - Número de Afiliados - AFP Habitat (miles),Habitat,afiliados_miles,1023.434
Feb.2020,PN01174MM,Sistema privado de pensiones - Número de Afiliados - AFP Habitat (miles),Habitat,afiliados_miles,1020.101
Mar.2020,PN01174MM,Sistema privado de pensiones - Número de Afiliados - AFP Habitat (miles),Habitat,afiliados_miles,1017.289
Abr.2020,PN01174MM,Sistema privado de pensiones - Número de Afiliados - AFP Habitat (miles),Habitat,afiliados_miles,1017.289
May.2020,PN01174MM,Sistema privado de pensiones - Número de Afiliados - AFP Habitat (miles),Habitat,afiliados_miles,1015.708
Jun.2020,PN01174MM,Sistema privado de pensiones - Número de Afiliados - AFP Habitat (miles),Habitat,afiliados_miles,1016.269
Jul.2020,PN01174MM,Sistema privado de pensiones - Número de Afiliados - AFP Habitat (miles),Habitat,afiliados_miles,1016.818
Ago.2020,PN01174MM,Sistema privado de pensiones - Número de Afiliados - AFP Habitat (miles),Habitat,afiliados_miles,1017.458
Sep.2020,PN01174MM,Sistema privado de pensiones - Número de Afiliados - AFP Habitat (miles),Habitat,afiliados_miles,1017.861
Oct.2020,PN01174MM,Sistema privado de pensiones - Número de Afiliados - AFP Habitat (miles),Habitat,afiliados_miles,1018.159
Nov.2020,PN01174MM,Sistema privado de pensiones - Número de Afiliados - AFP Habitat (miles),Habitat,afiliados_miles,1018.593
Dic.2020,PN01174MM,Sistema privado de pensiones - Número de Afiliados - AFP Habitat (miles),Habitat,afiliados_miles,1018.475
Ene.2021,PN01174MM,Sistema privado de pensiones - Número de Afiliados - AFP Habitat (miles),Habitat,afiliados_miles,1018.5
Feb.2021,PN01174MM,Sistema privado de pensiones - Número de Afiliados - AFP Habitat (miles),Habitat,afiliados_miles,1019.274
Mar.2021,PN01174MM,Sistema privado de pensiones - Número de Afiliados - AFP Habitat (miles),Habitat,afiliados_miles,1021.017
Abr.2021,PN01174MM,Sistema privado de pensiones - Número de Afiliados - AFP Habitat (miles),Habitat,afiliados_miles,1020.908
May.2021,PN01174MM,Sistema privado de pensiones - Número de Afiliados - AFP Habitat (miles),Habitat,afiliados_miles,1021.525
Jun.2021,PN01174MM,Sistema privado de pensiones - Número de Afiliados - AFP Habitat (miles),Habitat,afiliados_miles,1021.764
Jul.2021,PN01174MM,Sistema privado de pensiones - Número de Afiliados - AFP Habitat (miles),Habitat,afiliados_miles,1021.539
Ago.2021,PN01174MM,Sistema privado de pensiones - Número de Afiliados - AFP Habitat (miles),Habitat,afiliados_miles,1020.957
Sep.2021,PN01174MM,Sistema privado de pensiones - Número de Afiliados - AFP Habitat (miles),Habitat,afiliados_miles,1020.191
Oct.2021,PN01174MM,Sistema privado de pensiones - Número de Afiliados - AFP Habitat (miles),Habitat,afiliados_miles,1019.287
Nov.2021,PN01174MM,Sistema privado de pensiones - Número de Afiliados - AFP Habitat (miles),Habitat,afiliados_miles,1018.426
Dic.2021,PN01174MM,Sistema privado de pensiones - Número de Afiliados - AFP Habitat (miles),Habitat,afiliados_miles,1016.413
Ene.2022,PN01174MM,Sistema privado de pensiones - Número de Afiliados - AFP Habitat (miles),Habitat,afiliados_miles,1016.358
Feb.2022,PN01174MM,Sistema privado de pensiones - Número de Afiliados - AFP Habitat (miles),Habitat,afiliados_miles,1015.787
Mar.2022,PN01174MM,Sistema privado de pensiones - Número de Afiliados - AFP Habitat (miles),Habitat,afiliados_miles,1014.843
Abr.2022,PN01174MM,Sistema privado de pensiones - Número de Afiliados - AFP Habitat (miles),Habitat,afiliados_miles,1014.357
May.2022,PN01174MM,Sistema privado de pensiones - Número de Afiliados - AFP Habitat (miles),Habitat,afiliados_miles,1014.467
Jun.2022,PN01174MM,Sistema privado de pensiones - Número de Afiliados - AFP Habitat (miles),Habitat,afiliados_miles,1014.653
Jul.2022,PN01174MM,Sistema privado de pensiones - Número de Afiliados - AFP Habitat (miles),Habitat,afiliados_miles,1014.282
Ago.2022,PN01174MM,Sistema privado de pensiones - Número de Afiliados - AFP Habitat (miles),Habitat,afiliados_miles,1014.075
Sep.2022,PN01174MM,Sistema privado de pensiones - Número de Afiliados - AFP Habitat (miles),Habitat,afiliados_miles,1013.9
Oct.2022,PN01174MM,Sistema privado de pensiones - Número de Afiliados - AFP Habitat (miles),Habitat,afiliados_miles,1013.428
Nov.2022,PN01174MM,Sistema privado de pensiones - Número de Afiliados - AFP Habitat (miles),Habitat,afiliados_miles,1012.883
Dic.2022,PN01174MM,Sistema privado de pensiones - Número de Afiliados - AFP Habitat (miles),Habitat,afiliados_miles,1012.781
Ene.2023,PN01174MM,Sistema privado de pensiones - Número de Afiliados - AFP Habitat (miles),Habitat,afiliados_miles,1012.732
Feb.2023,PN01174MM,Sistema privado de pensiones - Número de Afiliados - AFP Habitat (miles),Habitat,afiliados_miles,1012.969
Mar.2023,PN01174MM,Sistema privado de pensiones - Número de Afiliados - AFP Habitat (miles),Habitat,afiliados_miles,1013.323
Abr.2023,PN01174MM,Sistema privado de pensiones - Número de Afiliados - AFP Habitat (miles),Habitat,afiliados_miles,1013.298
May.2023,PN01174MM,Sistema privado de pensiones - Número de Afiliados - AFP Habitat (miles),Habitat,afiliados_miles,1014.218
Jun.2023,PN01174MM,Sistema privado de pensiones - Número de Afiliados - AFP Habitat (miles),Habitat,afiliados_miles,1014.37
Jul.2023,PN01174MM,Sistema privado de pensiones - Número de Afiliados - AFP Habitat (miles),Habitat,afiliados_miles,1014.44
Ago.2023,PN01174MM,Sistema privado de pensiones - Número de Afiliados - AFP Habitat (miles),Habitat,afiliados_miles,1014.401
Sep.2023,PN01174MM,Sistema privado de pensiones - Número de Afiliados - AFP Habitat (miles),Habitat,afiliados_miles,1014.739
Oct.2023,PN01174MM,Sistema privado de pensiones - Número de Afiliados - AFP Habitat (miles),Habitat,afiliados_miles,1015.095
Nov.2023,PN01174MM,Sistema privado de pensiones - Número de Afiliados - AFP Habitat (miles),Habitat,afiliados_miles,1015.474
Dic.2023,PN01174MM,Sistema privado de pensiones - Número de Afiliados - AFP Habitat (miles),Habitat,afiliados_miles,1015.859
Ene.2024,PN01174MM,Sistema privado de pensiones - Número de Afiliados - AFP Habitat (miles),Habitat,afiliados_miles,1016.062
Feb.2024,PN01174MM,Sistema privado de pensiones - Número de Afiliados - AFP Habitat (miles),Habitat,afiliados_miles,1016.721
Mar.2024,PN01174MM,Sistema privado de pensiones - Número de Afiliados - AFP Habitat (miles),Habitat,afiliados_miles,1017.832
Abr.2024,PN01174MM,Sistema privado de pensiones - Número de Afiliados - AFP Habitat (miles),Habitat,afiliados_miles,1018.843
May.2024,PN01174MM,Sistema privado de pensiones - Número de Afiliados - AFP Habitat (miles),Habitat,afiliados_miles,1019.575
Jun.2024,PN01174MM,Sistema privado de pensiones - Número de Afiliados - AFP Habitat (miles),Habitat,afiliados_miles,1020.107
Jul.2024,PN01174MM,Sistema privado de pensiones - Número de Afiliados - AFP Habitat (miles),Habitat,afiliados_miles,1020.685
Ago.2024,PN01174MM,Sistema privado de pensiones - Número de Afiliados - AFP Habitat (miles),Habitat,afiliados_miles,1021.59
Sep.2024,PN01174MM,Sistema privado de pensiones - Número de Afiliados - AFP Habitat (miles),Habitat,afiliados_miles,1022.199
Oct.2024,PN01174MM,Sistema privado de pensiones - Número de Afiliados - AFP Habitat (miles),Habitat,afiliados_miles,1023.066
Nov.2024,PN01174MM,Sistema privado de pensiones - Número de Afiliados - AFP Habitat (miles),Habitat,afiliados_miles,1023.922
Dic.2024,PN01174MM,Sistema privado de pensiones - Número de Afiliados - AFP Habitat (miles),Habitat,afiliados_miles,1024.779
Ene.2025,PN01174MM,Sistema privado de pensiones - Número de Afiliados - AFP Habitat (miles),Habitat,afiliados_miles,1025.587
Feb.2025,PN01174MM,Sistema privado de pensiones - Número de Afiliados - AFP Habitat (miles),Habitat,afiliados_miles,1026.447
Mar.2025,PN01174MM,Sistema privado de pensiones - Número de Afiliados - AFP Habitat (miles),Habitat,afiliados_miles,1027.459
Abr.2025,PN01174MM,Sistema privado de pensiones - Número de Afiliados - AFP Habitat (miles),Habitat,afiliados_miles,1028.344
May.2025,PN01174MM,Sistema privado de pensiones - Número de Afiliados - AFP Habitat (miles),Habitat,afiliados_miles,1029.297
Jun.2025,PN01174MM,Sistema privado de pensiones - Número de Afiliados - AFP Habitat (miles),Habitat,afiliados_miles,1030.292
Jul.2025,PN01174MM,Sistema privado de pensiones - Número de Afiliados - AFP Habitat (miles),Habitat,afiliados_miles,1031.02
Ago.2025,PN01174MM,Sistema privado de pensiones - Número de Afiliados - AFP Habitat (miles),Habitat,afiliados_miles,1031.599
Sep.2025,PN01174MM,Sistema privado de pensiones - Número de Afiliados - AFP Habitat (miles),Habitat,afiliados_miles,1033.177
Oct.2025,PN01174MM,Sistema privado de pensiones - Número de Afiliados - AFP Habitat (miles),Habitat,afiliados_miles,1034.575
Nov.2025,PN01174MM,Sistema privado de pensiones - Número de Afiliados - AFP Habitat (miles),Habitat,afiliados_miles,1033.891
Dic.2025,PN01174MM,Sistema privado de pensiones - Número de Afiliados - AFP Habitat (miles),Habitat,afiliados_miles,1033.167
Ene.2010,PN01175MM,Sistema privado de pensiones - Número de Afiliados - AFP Integra (miles),Integra,afiliados_miles,1158.323
Feb.2010,PN01175MM,Sistema privado de pensiones - Número de Afiliados - AFP Integra (miles),Integra,afiliados_miles,1161.962
Mar.2010,PN01175MM,Sistema privado de pensiones - Número de Afiliados - AFP Integra (miles),Integra,afiliados_miles,1164.736
Abr.2010,PN01175MM,Sistema privado de pensiones - Número de Afiliados - AFP Integra (miles),Integra,afiliados_miles,1167.793
May.2010,PN01175MM,Sistema privado de pensiones - Número de Afiliados - AFP Integra (miles),Integra,afiliados_miles,1170.326
Jun.2010,PN01175MM,Sistema privado de pensiones - Número de Afiliados - AFP Integra (miles),Integra,afiliados_miles,1173.688
Jul.2010,PN01175MM,Sistema privado de pensiones - Número de Afiliados - AFP Integra (miles),Integra,afiliados_miles,1176.543
Ago.2010,PN01175MM,Sistema privado de pensiones - Número de Afiliados - AFP Integra (miles),Integra,afiliados_miles,1180.314
Sep.2010,PN01175MM,Sistema privado de pensiones - Número de Afiliados - AFP Integra (miles),Integra,afiliados_miles,1185.285
Oct.2010,PN01175MM,Sistema privado de pensiones - Número de Afiliados - AFP Integra (miles),Integra,afiliados_miles,1191.195
Nov.2010,PN01175MM,Sistema privado de pensiones - Número de Afiliados - AFP Integra (miles),Integra,afiliados_miles,1197.32
Dic.2010,PN01175MM,Sistema privado de pensiones - Número de Afiliados - AFP Integra (miles),Integra,afiliados_miles,1201.525
Ene.2011,PN01175MM,Sistema privado de pensiones - Número de Afiliados - AFP Integra (miles),Integra,afiliados_miles,1207.042
Feb.2011,PN01175MM,Sistema privado de pensiones - Número de Afiliados - AFP Integra (miles),Integra,afiliados_miles,1213.854
Mar.2011,PN01175MM,Sistema privado de pensiones - Número de Afiliados - AFP Integra (miles),Integra,afiliados_miles,1220.114
Abr.2011,PN01175MM,Sistema privado de pensiones - Número de Afiliados - AFP Integra (miles),Integra,afiliados_miles,1226.4
May.2011,PN01175MM,Sistema privado de pensiones - Número de Afiliados - AFP Integra (miles),Integra,afiliados_miles,1232.574
Jun.2011,PN01175MM,Sistema privado de pensiones - Número de Afiliados - AFP Integra (miles),Integra,afiliados_miles,1238.816
Jul.2011,PN01175MM,Sistema privado de pensiones - Número de Afiliados - AFP Integra (miles),Integra,afiliados_miles,1245.269
Ago.2011,PN01175MM,Sistema privado de pensiones - Número de Afiliados - AFP Integra (miles),Integra,afiliados_miles,1251.797
Sep.2011,PN01175MM,Sistema privado de pensiones - Número de Afiliados - AFP Integra (miles),Integra,afiliados_miles,1259.025
Oct.2011,PN01175MM,Sistema privado de pensiones - Número de Afiliados - AFP Integra (miles),Integra,afiliados_miles,1266.616
Nov.2011,PN01175MM,Sistema privado de pensiones - Número de Afiliados - AFP Integra (miles),Integra,afiliados_miles,1274.215
Dic.2011,PN01175MM,Sistema privado de pensiones - Número de Afiliados - AFP Integra (miles),Integra,afiliados_miles,1280.289
Ene.2012,PN01175MM,Sistema privado de pensiones - Número de Afiliados - AFP Integra (miles),Integra,afiliados_miles,1287.904
Feb.2012,PN01175MM,Sistema privado de pensiones - Número de Afiliados - AFP Integra (miles),Integra,afiliados_miles,1294.669
Mar.2012,PN01175MM,Sistema privado de pensiones - Número de Afiliados - AFP Integra (miles),Integra,afiliados_miles,1303.172
Abr.2012,PN01175MM,Sistema privado de pensiones - Número de Afiliados - AFP Integra (miles),Integra,afiliados_miles,1310.248
May.2012,PN01175MM,Sistema privado de pensiones - Número de Afiliados - AFP Integra (miles),Integra,afiliados_miles,1318.215
Jun.2012,PN01175MM,Sistema privado de pensiones - Número de Afiliados - AFP Integra (miles),Integra,afiliados_miles,1325.682
Jul.2012,PN01175MM,Sistema privado de pensiones - Número de Afiliados - AFP Integra (miles),Integra,afiliados_miles,1333.538
Ago.2012,PN01175MM,Sistema privado de pensiones - Número de Afiliados - AFP Integra (miles),Integra,afiliados_miles,1343.354
Sep.2012,PN01175MM,Sistema privado de pensiones - Número de Afiliados - AFP Integra (miles),Integra,afiliados_miles,1356.81
Oct.2012,PN01175MM,Sistema privado de pensiones - Número de Afiliados - AFP Integra (miles),Integra,afiliados_miles,1355.926
Nov.2012,PN01175MM,Sistema privado de pensiones - Número de Afiliados - AFP Integra (miles),Integra,afiliados_miles,1355.011
Dic.2012,PN01175MM,Sistema privado de pensiones - Número de Afiliados - AFP Integra (miles),Integra,afiliados_miles,1354.386
Ene.2013,PN01175MM,Sistema privado de pensiones - Número de Afiliados - AFP Integra (miles),Integra,afiliados_miles,1353.581
Feb.2013,PN01175MM,Sistema privado de pensiones - Número de Afiliados - AFP Integra (miles),Integra,afiliados_miles,1352.519
Mar.2013,PN01175MM,Sistema privado de pensiones - Número de Afiliados - AFP Integra (miles),Integra,afiliados_miles,1352.026
Abr.2013,PN01175MM,Sistema privado de pensiones - Número de Afiliados - AFP Integra (miles),Integra,afiliados_miles,1350.876
May.2013,PN01175MM,Sistema privado de pensiones - Número de Afiliados - AFP Integra (miles),Integra,afiliados_miles,1350.653
Jun.2013,PN01175MM,Sistema privado de pensiones - Número de Afiliados - AFP Integra (miles),Integra,afiliados_miles,1350.271
Jul.2013,PN01175MM,Sistema privado de pensiones - Número de Afiliados - AFP Integra (miles),Integra,afiliados_miles,1350.91
Ago.2013,PN01175MM,Sistema privado de pensiones - Número de Afiliados - AFP Integra (miles),Integra,afiliados_miles,2053.52
Sep.2013,PN01175MM,Sistema privado de pensiones - Número de Afiliados - AFP Integra (miles),Integra,afiliados_miles,2052.571
Oct.2013,PN01175MM,Sistema privado de pensiones - Número de Afiliados - AFP Integra (miles),Integra,afiliados_miles,2051.476
Nov.2013,PN01175MM,Sistema privado de pensiones - Número de Afiliados - AFP Integra (miles),Integra,afiliados_miles,2050.018
Dic.2013,PN01175MM,Sistema privado de pensiones - Número de Afiliados - AFP Integra (miles),Integra,afiliados_miles,2048.904
Ene.2014,PN01175MM,Sistema privado de pensiones - Número de Afiliados - AFP Integra (miles),Integra,afiliados_miles,2047.483
Feb.2014,PN01175MM,Sistema privado de pensiones - Número de Afiliados - AFP Integra (miles),Integra,afiliados_miles,2046.393
Mar.2014,PN01175MM,Sistema privado de pensiones - Número de Afiliados - AFP Integra (miles),Integra,afiliados_miles,2045.334
Abr.2014,PN01175MM,Sistema privado de pensiones - Número de Afiliados - AFP Integra (miles),Integra,afiliados_miles,2043.98
May.2014,PN01175MM,Sistema privado de pensiones - Número de Afiliados - AFP Integra (miles),Integra,afiliados_miles,2043.05
Jun.2014,PN01175MM,Sistema privado de pensiones - Número de Afiliados - AFP Integra (miles),Integra,afiliados_miles,2042.154
Jul.2014,PN01175MM,Sistema privado de pensiones - Número de Afiliados - AFP Integra (miles),Integra,afiliados_miles,2040.934
Ago.2014,PN01175MM,Sistema privado de pensiones - Número de Afiliados - AFP Integra (miles),Integra,afiliados_miles,2040.224
Sep.2014,PN01175MM,Sistema privado de pensiones - Número de Afiliados - AFP Integra (miles),Integra,afiliados_miles,2038.801
Oct.2014,PN01175MM,Sistema privado de pensiones - Número de Afiliados - AFP Integra (miles),Integra,afiliados_miles,2037.496
Nov.2014,PN01175MM,Sistema privado de pensiones - Número de Afiliados - AFP Integra (miles),Integra,afiliados_miles,2034.782
Dic.2014,PN01175MM,Sistema privado de pensiones - Número de Afiliados - AFP Integra (miles),Integra,afiliados_miles,2033.292
Ene.2015,PN01175MM,Sistema privado de pensiones - Número de Afiliados - AFP Integra (miles),Integra,afiliados_miles,2032.071
Feb.2015,PN01175MM,Sistema privado de pensiones - Número de Afiliados - AFP Integra (miles),Integra,afiliados_miles,2030.258
Mar.2015,PN01175MM,Sistema privado de pensiones - Número de Afiliados - AFP Integra (miles),Integra,afiliados_miles,2029.139
Abr.2015,PN01175MM,Sistema privado de pensiones - Número de Afiliados - AFP Integra (miles),Integra,afiliados_miles,2028.191
May.2015,PN01175MM,Sistema privado de pensiones - Número de Afiliados - AFP Integra (miles),Integra,afiliados_miles,2027.109
Jun.2015,PN01175MM,Sistema privado de pensiones - Número de Afiliados - AFP Integra (miles),Integra,afiliados_miles,2024.722
Jul.2015,PN01175MM,Sistema privado de pensiones - Número de Afiliados - AFP Integra (miles),Integra,afiliados_miles,2023.157
Ago.2015,PN01175MM,Sistema privado de pensiones - Número de Afiliados - AFP Integra (miles),Integra,afiliados_miles,2021.589
Sep.2015,PN01175MM,Sistema privado de pensiones - Número de Afiliados - AFP Integra (miles),Integra,afiliados_miles,2020.045
Oct.2015,PN01175MM,Sistema privado de pensiones - Número de Afiliados - AFP Integra (miles),Integra,afiliados_miles,2019.097
Nov.2015,PN01175MM,Sistema privado de pensiones - Número de Afiliados - AFP Integra (miles),Integra,afiliados_miles,2017.752
Dic.2015,PN01175MM,Sistema privado de pensiones - Número de Afiliados - AFP Integra (miles),Integra,afiliados_miles,2016.467
Ene.2016,PN01175MM,Sistema privado de pensiones - Número de Afiliados - AFP Integra (miles),Integra,afiliados_miles,2016.61
Feb.2016,PN01175MM,Sistema privado de pensiones - Número de Afiliados - AFP Integra (miles),Integra,afiliados_miles,2015.178
Mar.2016,PN01175MM,Sistema privado de pensiones - Número de Afiliados - AFP Integra (miles),Integra,afiliados_miles,2013.354
Abr.2016,PN01175MM,Sistema privado de pensiones - Número de Afiliados - AFP Integra (miles),Integra,afiliados_miles,2012.094
May.2016,PN01175MM,Sistema privado de pensiones - Número de Afiliados - AFP Integra (miles),Integra,afiliados_miles,2011.078
Jun.2016,PN01175MM,Sistema privado de pensiones - Número de Afiliados - AFP Integra (miles),Integra,afiliados_miles,2010.139
Jul.2016,PN01175MM,Sistema privado de pensiones - Número de Afiliados - AFP Integra (miles),Integra,afiliados_miles,2009.29
Ago.2016,PN01175MM,Sistema privado de pensiones - Número de Afiliados - AFP Integra (miles),Integra,afiliados_miles,2008.508
Sep.2016,PN01175MM,Sistema privado de pensiones - Número de Afiliados - AFP Integra (miles),Integra,afiliados_miles,2007.047
Oct.2016,PN01175MM,Sistema privado de pensiones - Número de Afiliados - AFP Integra (miles),Integra,afiliados_miles,2006.441
Nov.2016,PN01175MM,Sistema privado de pensiones - Número de Afiliados - AFP Integra (miles),Integra,afiliados_miles,2005.889
Dic.2016,PN01175MM,Sistema privado de pensiones - Número de Afiliados - AFP Integra (miles),Integra,afiliados_miles,2005.368
Ene.2017,PN01175MM,Sistema privado de pensiones - Número de Afiliados - AFP Integra (miles),Integra,afiliados_miles,2005.002
Feb.2017,PN01175MM,Sistema privado de pensiones - Número de Afiliados - AFP Integra (miles),Integra,afiliados_miles,2004.613
Mar.2017,PN01175MM,Sistema privado de pensiones - Número de Afiliados - AFP Integra (miles),Integra,afiliados_miles,2004.213
Abr.2017,PN01175MM,Sistema privado de pensiones - Número de Afiliados - AFP Integra (miles),Integra,afiliados_miles,2003.703
May.2017,PN01175MM,Sistema privado de pensiones - Número de Afiliados - AFP Integra (miles),Integra,afiliados_miles,2003.421
Jun.2017,PN01175MM,Sistema privado de pensiones - Número de Afiliados - AFP Integra (miles),Integra,afiliados_miles,2003.312
Jul.2017,PN01175MM,Sistema privado de pensiones - Número de Afiliados - AFP Integra (miles),Integra,afiliados_miles,2003.066
Ago.2017,PN01175MM,Sistema privado de pensiones - Número de Afiliados - AFP Integra (miles),Integra,afiliados_miles,2002.71
Sep.2017,PN01175MM,Sistema privado de pensiones - Número de Afiliados - AFP Integra (miles),Integra,afiliados_miles,2002.347
Oct.2017,PN01175MM,Sistema privado de pensiones - Número de Afiliados - AFP Integra (miles),Integra,afiliados_miles,2002.239
Nov.2017,PN01175MM,Sistema privado de pensiones - Número de Afiliados - AFP Integra (miles),Integra,afiliados_miles,2002.911
Dic.2017,PN01175MM,Sistema privado de pensiones - Número de Afiliados - AFP Integra (miles),Integra,afiliados_miles,2002.514
Ene.2018,PN01175MM,Sistema privado de pensiones - Número de Afiliados - AFP Integra (miles),Integra,afiliados_miles,2002.881
Feb.2018,PN01175MM,Sistema privado de pensiones - Número de Afiliados - AFP Integra (miles),Integra,afiliados_miles,2003.056
Mar.2018,PN01175MM,Sistema privado de pensiones - Número de Afiliados - AFP Integra (miles),Integra,afiliados_miles,2003.46
Abr.2018,PN01175MM,Sistema privado de pensiones - Número de Afiliados - AFP Integra (miles),Integra,afiliados_miles,2003.813
May.2018,PN01175MM,Sistema privado de pensiones - Número de Afiliados - AFP Integra (miles),Integra,afiliados_miles,2003.949
Jun.2018,PN01175MM,Sistema privado de pensiones - Número de Afiliados - AFP Integra (miles),Integra,afiliados_miles,2004.259
Jul.2018,PN01175MM,Sistema privado de pensiones - Número de Afiliados - AFP Integra (miles),Integra,afiliados_miles,2004.629
Ago.2018,PN01175MM,Sistema privado de pensiones - Número de Afiliados - AFP Integra (miles),Integra,afiliados_miles,2004.967
Sep.2018,PN01175MM,Sistema privado de pensiones - Número de Afiliados - AFP Integra (miles),Integra,afiliados_miles,2005.57
Oct.2018,PN01175MM,Sistema privado de pensiones - Número de Afiliados - AFP Integra (miles),Integra,afiliados_miles,2006.756
Nov.2018,PN01175MM,Sistema privado de pensiones - Número de Afiliados - AFP Integra (miles),Integra,afiliados_miles,2008.001
Dic.2018,PN01175MM,Sistema privado de pensiones - Número de Afiliados - AFP Integra (miles),Integra,afiliados_miles,2008.747
Ene.2019,PN01175MM,Sistema privado de pensiones - Número de Afiliados - AFP Integra (miles),Integra,afiliados_miles,2009.932
Feb.2019,PN01175MM,Sistema privado de pensiones - Número de Afiliados - AFP Integra (miles),Integra,afiliados_miles,2010.652
Mar.2019,PN01175MM,Sistema privado de pensiones - Número de Afiliados - AFP Integra (miles),Integra,afiliados_miles,2011.015
Abr.2019,PN01175MM,Sistema privado de pensiones - Número de Afiliados - AFP Integra (miles),Integra,afiliados_miles,2011.015
May.2019,PN01175MM,Sistema privado de pensiones - Número de Afiliados - AFP Integra (miles),Integra,afiliados_miles,2011.774
Jun.2019,PN01175MM,Sistema privado de pensiones - Número de Afiliados - AFP Integra (miles),Integra,afiliados_miles,2040.86
Jul.2019,PN01175MM,Sistema privado de pensiones - Número de Afiliados - AFP Integra (miles),Integra,afiliados_miles,2077.202
Ago.2019,PN01175MM,Sistema privado de pensiones - Número de Afiliados - AFP Integra (miles),Integra,afiliados_miles,2117.325
Sep.2019,PN01175MM,Sistema privado de pensiones - Número de Afiliados - AFP Integra (miles),Integra,afiliados_miles,2156.621
Oct.2019,PN01175MM,Sistema privado de pensiones - Número de Afiliados - AFP Integra (miles),Integra,afiliados_miles,2199.615
Nov.2019,PN01175MM,Sistema privado de pensiones - Número de Afiliados - AFP Integra (miles),Integra,afiliados_miles,2199.615
Dic.2019,PN01175MM,Sistema privado de pensiones - Número de Afiliados - AFP Integra (miles),Integra,afiliados_miles,2271.231
Ene.2020,PN01175MM,Sistema privado de pensiones - Número de Afiliados - AFP Integra (miles),Integra,afiliados_miles,2310.363
Feb.2020,PN01175MM,Sistema privado de pensiones - Número de Afiliados - AFP Integra (miles),Integra,afiliados_miles,2345.582
Mar.2020,PN01175MM,Sistema privado de pensiones - Número de Afiliados - AFP Integra (miles),Integra,afiliados_miles,2374.274
Abr.2020,PN01175MM,Sistema privado de pensiones - Número de Afiliados - AFP Integra (miles),Integra,afiliados_miles,2374.274
May.2020,PN01175MM,Sistema privado de pensiones - Número de Afiliados - AFP Integra (miles),Integra,afiliados_miles,2407.347
Jun.2020,PN01175MM,Sistema privado de pensiones - Número de Afiliados - AFP Integra (miles),Integra,afiliados_miles,2429.884
Jul.2020,PN01175MM,Sistema privado de pensiones - Número de Afiliados - AFP Integra (miles),Integra,afiliados_miles,2461.931
Ago.2020,PN01175MM,Sistema privado de pensiones - Número de Afiliados - AFP Integra (miles),Integra,afiliados_miles,2495.068
Sep.2020,PN01175MM,Sistema privado de pensiones - Número de Afiliados - AFP Integra (miles),Integra,afiliados_miles,2528.481
Oct.2020,PN01175MM,Sistema privado de pensiones - Número de Afiliados - AFP Integra (miles),Integra,afiliados_miles,2567.213
Nov.2020,PN01175MM,Sistema privado de pensiones - Número de Afiliados - AFP Integra (miles),Integra,afiliados_miles,2608.659
Dic.2020,PN01175MM,Sistema privado de pensiones - Número de Afiliados - AFP Integra (miles),Integra,afiliados_miles,2641.313
Ene.2021,PN01175MM,Sistema privado de pensiones - Número de Afiliados - AFP Integra (miles),Integra,afiliados_miles,2673.222
Feb.2021,PN01175MM,Sistema privado de pensiones - Número de Afiliados - AFP Integra (miles),Integra,afiliados_miles,2708.955
Mar.2021,PN01175MM,Sistema privado de pensiones - Número de Afiliados - AFP Integra (miles),Integra,afiliados_miles,2742.978
Abr.2021,PN01175MM,Sistema privado de pensiones - Número de Afiliados - AFP Integra (miles),Integra,afiliados_miles,2777.313
May.2021,PN01175MM,Sistema privado de pensiones - Número de Afiliados - AFP Integra (miles),Integra,afiliados_miles,2813.095
Jun.2021,PN01175MM,Sistema privado de pensiones - Número de Afiliados - AFP Integra (miles),Integra,afiliados_miles,2856.044
Jul.2021,PN01175MM,Sistema privado de pensiones - Número de Afiliados - AFP Integra (miles),Integra,afiliados_miles,2897.334
Ago.2021,PN01175MM,Sistema privado de pensiones - Número de Afiliados - AFP Integra (miles),Integra,afiliados_miles,2944.433
Sep.2021,PN01175MM,Sistema privado de pensiones - Número de Afiliados - AFP Integra (miles),Integra,afiliados_miles,2995.66
Oct.2021,PN01175MM,Sistema privado de pensiones - Número de Afiliados - AFP Integra (miles),Integra,afiliados_miles,3049.041
Nov.2021,PN01175MM,Sistema privado de pensiones - Número de Afiliados - AFP Integra (miles),Integra,afiliados_miles,3094.134
Dic.2021,PN01175MM,Sistema privado de pensiones - Número de Afiliados - AFP Integra (miles),Integra,afiliados_miles,3135.688
Ene.2022,PN01175MM,Sistema privado de pensiones - Número de Afiliados - AFP Integra (miles),Integra,afiliados_miles,3183.288
Feb.2022,PN01175MM,Sistema privado de pensiones - Número de Afiliados - AFP Integra (miles),Integra,afiliados_miles,3228.654
Mar.2022,PN01175MM,Sistema privado de pensiones - Número de Afiliados - AFP Integra (miles),Integra,afiliados_miles,3274.989
Abr.2022,PN01175MM,Sistema privado de pensiones - Número de Afiliados - AFP Integra (miles),Integra,afiliados_miles,3320.75
May.2022,PN01175MM,Sistema privado de pensiones - Número de Afiliados - AFP Integra (miles),Integra,afiliados_miles,3367.81
Jun.2022,PN01175MM,Sistema privado de pensiones - Número de Afiliados - AFP Integra (miles),Integra,afiliados_miles,3419.381
Jul.2022,PN01175MM,Sistema privado de pensiones - Número de Afiliados - AFP Integra (miles),Integra,afiliados_miles,3468.216
Ago.2022,PN01175MM,Sistema privado de pensiones - Número de Afiliados - AFP Integra (miles),Integra,afiliados_miles,3521.083
Sep.2022,PN01175MM,Sistema privado de pensiones - Número de Afiliados - AFP Integra (miles),Integra,afiliados_miles,3578.515
Oct.2022,PN01175MM,Sistema privado de pensiones - Número de Afiliados - AFP Integra (miles),Integra,afiliados_miles,3634.898
Nov.2022,PN01175MM,Sistema privado de pensiones - Número de Afiliados - AFP Integra (miles),Integra,afiliados_miles,3680.194
Dic.2022,PN01175MM,Sistema privado de pensiones - Número de Afiliados - AFP Integra (miles),Integra,afiliados_miles,3716.181
Ene.2023,PN01175MM,Sistema privado de pensiones - Número de Afiliados - AFP Integra (miles),Integra,afiliados_miles,3764.987
Feb.2023,PN01175MM,Sistema privado de pensiones - Número de Afiliados - AFP Integra (miles),Integra,afiliados_miles,3807.321
Mar.2023,PN01175MM,Sistema privado de pensiones - Número de Afiliados - AFP Integra (miles),Integra,afiliados_miles,3851.633
Abr.2023,PN01175MM,Sistema privado de pensiones - Número de Afiliados - AFP Integra (miles),Integra,afiliados_miles,3886.246
May.2023,PN01175MM,Sistema privado de pensiones - Número de Afiliados - AFP Integra (miles),Integra,afiliados_miles,3930.037
Jun.2023,PN01175MM,Sistema privado de pensiones - Número de Afiliados - AFP Integra (miles),Integra,afiliados_miles,3969.748
Jul.2023,PN01175MM,Sistema privado de pensiones - Número de Afiliados - AFP Integra (miles),Integra,afiliados_miles,4006.567
Ago.2023,PN01175MM,Sistema privado de pensiones - Número de Afiliados - AFP Integra (miles),Integra,afiliados_miles,4048.684
Sep.2023,PN01175MM,Sistema privado de pensiones - Número de Afiliados - AFP Integra (miles),Integra,afiliados_miles,4091.274
Oct.2023,PN01175MM,Sistema privado de pensiones - Número de Afiliados - AFP Integra (miles),Integra,afiliados_miles,4128.713
Nov.2023,PN01175MM,Sistema privado de pensiones - Número de Afiliados - AFP Integra (miles),Integra,afiliados_miles,4162.18
Dic.2023,PN01175MM,Sistema privado de pensiones - Número de Afiliados - AFP Integra (miles),Integra,afiliados_miles,4195.198
Ene.2024,PN01175MM,Sistema privado de pensiones - Número de Afiliados - AFP Integra (miles),Integra,afiliados_miles,4240.244
Feb.2024,PN01175MM,Sistema privado de pensiones - Número de Afiliados - AFP Integra (miles),Integra,afiliados_miles,4280.115
Mar.2024,PN01175MM,Sistema privado de pensiones - Número de Afiliados - AFP Integra (miles),Integra,afiliados_miles,4319.452
Abr.2024,PN01175MM,Sistema privado de pensiones - Número de Afiliados - AFP Integra (miles),Integra,afiliados_miles,4370.682
May.2024,PN01175MM,Sistema privado de pensiones - Número de Afiliados - AFP Integra (miles),Integra,afiliados_miles,4422.935
Jun.2024,PN01175MM,Sistema privado de pensiones - Número de Afiliados - AFP Integra (miles),Integra,afiliados_miles,4466.951
Jul.2024,PN01175MM,Sistema privado de pensiones - Número de Afiliados - AFP Integra (miles),Integra,afiliados_miles,4509.271
Ago.2024,PN01175MM,Sistema privado de pensiones - Número de Afiliados - AFP Integra (miles),Integra,afiliados_miles,4551.005
Sep.2024,PN01175MM,Sistema privado de pensiones - Número de Afiliados - AFP Integra (miles),Integra,afiliados_miles,4590.232
Oct.2024,PN01175MM,Sistema privado de pensiones - Número de Afiliados - AFP Integra (miles),Integra,afiliados_miles,4631.794
Nov.2024,PN01175MM,Sistema privado de pensiones - Número de Afiliados - AFP Integra (miles),Integra,afiliados_miles,4672.761
Dic.2024,PN01175MM,Sistema privado de pensiones - Número de Afiliados - AFP Integra (miles),Integra,afiliados_miles,4709.501
Ene.2025,PN01175MM,Sistema privado de pensiones - Número de Afiliados - AFP Integra (miles),Integra,afiliados_miles,4760.268
Feb.2025,PN01175MM,Sistema privado de pensiones - Número de Afiliados - AFP Integra (miles),Integra,afiliados_miles,4803.295
Mar.2025,PN01175MM,Sistema privado de pensiones - Número de Afiliados - AFP Integra (miles),Integra,afiliados_miles,4845.25
Abr.2025,PN01175MM,Sistema privado de pensiones - Número de Afiliados - AFP Integra (miles),Integra,afiliados_miles,4895.578
May.2025,PN01175MM,Sistema privado de pensiones - Número de Afiliados - AFP Integra (miles),Integra,afiliados_miles,4938.671
Jun.2025,PN01175MM,Sistema privado de pensiones - Número de Afiliados - AFP Integra (miles),Integra,afiliados_miles,4934.849
Jul.2025,PN01175MM,Sistema privado de pensiones - Número de Afiliados - AFP Integra (miles),Integra,afiliados_miles,4931.847
Ago.2025,PN01175MM,Sistema privado de pensiones - Número de Afiliados - AFP Integra (miles),Integra,afiliados_miles,4929.386
Sep.2025,PN01175MM,Sistema privado de pensiones - Número de Afiliados - AFP Integra (miles),Integra,afiliados_miles,4926.119
Oct.2025,PN01175MM,Sistema privado de pensiones - Número de Afiliados - AFP Integra (miles),Integra,afiliados_miles,4919.734
Nov.2025,PN01175MM,Sistema privado de pensiones - Número de Afiliados - AFP Integra (miles),Integra,afiliados_miles,4914.674
Dic.2025,PN01175MM,Sistema privado de pensiones - Número de Afiliados - AFP Integra (miles),Integra,afiliados_miles,4910.011
Ene.2010,PN01176MM,Sistema privado de pensiones - Número de Afiliados - AFP Prima (miles),Prima,afiliados_miles,1081.566
Feb.2010,PN01176MM,Sistema privado de pensiones - Número de Afiliados - AFP Prima (miles),Prima,afiliados_miles,1085.37
Mar.2010,PN01176MM,Sistema privado de pensiones - Número de Afiliados - AFP Prima (miles),Prima,afiliados_miles,1088.878
Abr.2010,PN01176MM,Sistema privado de pensiones - Número de Afiliados - AFP Prima (miles),Prima,afiliados_miles,1091.921
May.2010,PN01176MM,Sistema privado de pensiones - Número de Afiliados - AFP Prima (miles),Prima,afiliados_miles,1095.486
Jun.2010,PN01176MM,Sistema privado de pensiones - Número de Afiliados - AFP Prima (miles),Prima,afiliados_miles,1098.912
Jul.2010,PN01176MM,Sistema privado de pensiones - Número de Afiliados - AFP Prima (miles),Prima,afiliados_miles,1102.005
Ago.2010,PN01176MM,Sistema privado de pensiones - Número de Afiliados - AFP Prima (miles),Prima,afiliados_miles,1105.843
Sep.2010,PN01176MM,Sistema privado de pensiones - Número de Afiliados - AFP Prima (miles),Prima,afiliados_miles,1110.105
Oct.2010,PN01176MM,Sistema privado de pensiones - Número de Afiliados - AFP Prima (miles),Prima,afiliados_miles,1114.877
Nov.2010,PN01176MM,Sistema privado de pensiones - Número de Afiliados - AFP Prima (miles),Prima,afiliados_miles,1119.86
Dic.2010,PN01176MM,Sistema privado de pensiones - Número de Afiliados - AFP Prima (miles),Prima,afiliados_miles,1124.457
Ene.2011,PN01176MM,Sistema privado de pensiones - Número de Afiliados - AFP Prima (miles),Prima,afiliados_miles,1130.782
Feb.2011,PN01176MM,Sistema privado de pensiones - Número de Afiliados - AFP Prima (miles),Prima,afiliados_miles,1137.508
Mar.2011,PN01176MM,Sistema privado de pensiones - Número de Afiliados - AFP Prima (miles),Prima,afiliados_miles,1144.128
Abr.2011,PN01176MM,Sistema privado de pensiones - Número de Afiliados - AFP Prima (miles),Prima,afiliados_miles,1150.296
May.2011,PN01176MM,Sistema privado de pensiones - Número de Afiliados - AFP Prima (miles),Prima,afiliados_miles,1155.621
Jun.2011,PN01176MM,Sistema privado de pensiones - Número de Afiliados - AFP Prima (miles),Prima,afiliados_miles,1162.141
Jul.2011,PN01176MM,Sistema privado de pensiones - Número de Afiliados - AFP Prima (miles),Prima,afiliados_miles,1167.864
Ago.2011,PN01176MM,Sistema privado de pensiones - Número de Afiliados - AFP Prima (miles),Prima,afiliados_miles,1174.586
Sep.2011,PN01176MM,Sistema privado de pensiones - Número de Afiliados - AFP Prima (miles),Prima,afiliados_miles,1183.087
Oct.2011,PN01176MM,Sistema privado de pensiones - Número de Afiliados - AFP Prima (miles),Prima,afiliados_miles,1190.775
Nov.2011,PN01176MM,Sistema privado de pensiones - Número de Afiliados - AFP Prima (miles),Prima,afiliados_miles,1197.344
Dic.2011,PN01176MM,Sistema privado de pensiones - Número de Afiliados - AFP Prima (miles),Prima,afiliados_miles,1203.363
Ene.2012,PN01176MM,Sistema privado de pensiones - Número de Afiliados - AFP Prima (miles),Prima,afiliados_miles,1210.9
Feb.2012,PN01176MM,Sistema privado de pensiones - Número de Afiliados - AFP Prima (miles),Prima,afiliados_miles,1218.476
Mar.2012,PN01176MM,Sistema privado de pensiones - Número de Afiliados - AFP Prima (miles),Prima,afiliados_miles,1226.243
Abr.2012,PN01176MM,Sistema privado de pensiones - Número de Afiliados - AFP Prima (miles),Prima,afiliados_miles,1233.016
May.2012,PN01176MM,Sistema privado de pensiones - Número de Afiliados - AFP Prima (miles),Prima,afiliados_miles,1240.832
Jun.2012,PN01176MM,Sistema privado de pensiones - Número de Afiliados - AFP Prima (miles),Prima,afiliados_miles,1247.85
Jul.2012,PN01176MM,Sistema privado de pensiones - Número de Afiliados - AFP Prima (miles),Prima,afiliados_miles,1255.94
Ago.2012,PN01176MM,Sistema privado de pensiones - Número de Afiliados - AFP Prima (miles),Prima,afiliados_miles,1264.085
Sep.2012,PN01176MM,Sistema privado de pensiones - Número de Afiliados - AFP Prima (miles),Prima,afiliados_miles,1274.635
Oct.2012,PN01176MM,Sistema privado de pensiones - Número de Afiliados - AFP Prima (miles),Prima,afiliados_miles,1294.342
Nov.2012,PN01176MM,Sistema privado de pensiones - Número de Afiliados - AFP Prima (miles),Prima,afiliados_miles,1319.174
Dic.2012,PN01176MM,Sistema privado de pensiones - Número de Afiliados - AFP Prima (miles),Prima,afiliados_miles,1339.18
Ene.2013,PN01176MM,Sistema privado de pensiones - Número de Afiliados - AFP Prima (miles),Prima,afiliados_miles,1365.938
Feb.2013,PN01176MM,Sistema privado de pensiones - Número de Afiliados - AFP Prima (miles),Prima,afiliados_miles,1390.039
Mar.2013,PN01176MM,Sistema privado de pensiones - Número de Afiliados - AFP Prima (miles),Prima,afiliados_miles,1416.353
Abr.2013,PN01176MM,Sistema privado de pensiones - Número de Afiliados - AFP Prima (miles),Prima,afiliados_miles,1443.911
May.2013,PN01176MM,Sistema privado de pensiones - Número de Afiliados - AFP Prima (miles),Prima,afiliados_miles,1471.296
Jun.2013,PN01176MM,Sistema privado de pensiones - Número de Afiliados - AFP Prima (miles),Prima,afiliados_miles,1476.493
Jul.2013,PN01176MM,Sistema privado de pensiones - Número de Afiliados - AFP Prima (miles),Prima,afiliados_miles,1477.894
Ago.2013,PN01176MM,Sistema privado de pensiones - Número de Afiliados - AFP Prima (miles),Prima,afiliados_miles,1477.308
Sep.2013,PN01176MM,Sistema privado de pensiones - Número de Afiliados - AFP Prima (miles),Prima,afiliados_miles,1477.358
Oct.2013,PN01176MM,Sistema privado de pensiones - Número de Afiliados - AFP Prima (miles),Prima,afiliados_miles,1476.379
Nov.2013,PN01176MM,Sistema privado de pensiones - Número de Afiliados - AFP Prima (miles),Prima,afiliados_miles,1475.667
Dic.2013,PN01176MM,Sistema privado de pensiones - Número de Afiliados - AFP Prima (miles),Prima,afiliados_miles,1473.196
Ene.2014,PN01176MM,Sistema privado de pensiones - Número de Afiliados - AFP Prima (miles),Prima,afiliados_miles,1469.115
Feb.2014,PN01176MM,Sistema privado de pensiones - Número de Afiliados - AFP Prima (miles),Prima,afiliados_miles,1468.442
Mar.2014,PN01176MM,Sistema privado de pensiones - Número de Afiliados - AFP Prima (miles),Prima,afiliados_miles,1467.097
Abr.2014,PN01176MM,Sistema privado de pensiones - Número de Afiliados - AFP Prima (miles),Prima,afiliados_miles,1466.526
May.2014,PN01176MM,Sistema privado de pensiones - Número de Afiliados - AFP Prima (miles),Prima,afiliados_miles,1465.482
Jun.2014,PN01176MM,Sistema privado de pensiones - Número de Afiliados - AFP Prima (miles),Prima,afiliados_miles,1465.058
Jul.2014,PN01176MM,Sistema privado de pensiones - Número de Afiliados - AFP Prima (miles),Prima,afiliados_miles,1464.342
Ago.2014,PN01176MM,Sistema privado de pensiones - Número de Afiliados - AFP Prima (miles),Prima,afiliados_miles,1463.763
Sep.2014,PN01176MM,Sistema privado de pensiones - Número de Afiliados - AFP Prima (miles),Prima,afiliados_miles,1462.728
Oct.2014,PN01176MM,Sistema privado de pensiones - Número de Afiliados - AFP Prima (miles),Prima,afiliados_miles,1461.672
Nov.2014,PN01176MM,Sistema privado de pensiones - Número de Afiliados - AFP Prima (miles),Prima,afiliados_miles,1461.026
Dic.2014,PN01176MM,Sistema privado de pensiones - Número de Afiliados - AFP Prima (miles),Prima,afiliados_miles,1460.015
Ene.2015,PN01176MM,Sistema privado de pensiones - Número de Afiliados - AFP Prima (miles),Prima,afiliados_miles,1459.088
Feb.2015,PN01176MM,Sistema privado de pensiones - Número de Afiliados - AFP Prima (miles),Prima,afiliados_miles,1458.244
Mar.2015,PN01176MM,Sistema privado de pensiones - Número de Afiliados - AFP Prima (miles),Prima,afiliados_miles,1457.713
Abr.2015,PN01176MM,Sistema privado de pensiones - Número de Afiliados - AFP Prima (miles),Prima,afiliados_miles,1456.873
May.2015,PN01176MM,Sistema privado de pensiones - Número de Afiliados - AFP Prima (miles),Prima,afiliados_miles,1455.922
Jun.2015,PN01176MM,Sistema privado de pensiones - Número de Afiliados - AFP Prima (miles),Prima,afiliados_miles,1455.214
Jul.2015,PN01176MM,Sistema privado de pensiones - Número de Afiliados - AFP Prima (miles),Prima,afiliados_miles,1454.99
Ago.2015,PN01176MM,Sistema privado de pensiones - Número de Afiliados - AFP Prima (miles),Prima,afiliados_miles,1453.99
Sep.2015,PN01176MM,Sistema privado de pensiones - Número de Afiliados - AFP Prima (miles),Prima,afiliados_miles,1454.302
Oct.2015,PN01176MM,Sistema privado de pensiones - Número de Afiliados - AFP Prima (miles),Prima,afiliados_miles,1454.385
Nov.2015,PN01176MM,Sistema privado de pensiones - Número de Afiliados - AFP Prima (miles),Prima,afiliados_miles,1820.878
Dic.2015,PN01176MM,Sistema privado de pensiones - Número de Afiliados - AFP Prima (miles),Prima,afiliados_miles,1454.766
Ene.2016,PN01176MM,Sistema privado de pensiones - Número de Afiliados - AFP Prima (miles),Prima,afiliados_miles,1453.641
Feb.2016,PN01176MM,Sistema privado de pensiones - Número de Afiliados - AFP Prima (miles),Prima,afiliados_miles,1454.46
Mar.2016,PN01176MM,Sistema privado de pensiones - Número de Afiliados - AFP Prima (miles),Prima,afiliados_miles,1453.682
Abr.2016,PN01176MM,Sistema privado de pensiones - Número de Afiliados - AFP Prima (miles),Prima,afiliados_miles,1454.515
May.2016,PN01176MM,Sistema privado de pensiones - Número de Afiliados - AFP Prima (miles),Prima,afiliados_miles,1454.833
Jun.2016,PN01176MM,Sistema privado de pensiones - Número de Afiliados - AFP Prima (miles),Prima,afiliados_miles,1455.787
Jul.2016,PN01176MM,Sistema privado de pensiones - Número de Afiliados - AFP Prima (miles),Prima,afiliados_miles,1456.723
Ago.2016,PN01176MM,Sistema privado de pensiones - Número de Afiliados - AFP Prima (miles),Prima,afiliados_miles,1458.394
Sep.2016,PN01176MM,Sistema privado de pensiones - Número de Afiliados - AFP Prima (miles),Prima,afiliados_miles,1460.944
Oct.2016,PN01176MM,Sistema privado de pensiones - Número de Afiliados - AFP Prima (miles),Prima,afiliados_miles,1462.357
Nov.2016,PN01176MM,Sistema privado de pensiones - Número de Afiliados - AFP Prima (miles),Prima,afiliados_miles,1463.85
Dic.2016,PN01176MM,Sistema privado de pensiones - Número de Afiliados - AFP Prima (miles),Prima,afiliados_miles,1465.257
Ene.2017,PN01176MM,Sistema privado de pensiones - Número de Afiliados - AFP Prima (miles),Prima,afiliados_miles,1467.356
Feb.2017,PN01176MM,Sistema privado de pensiones - Número de Afiliados - AFP Prima (miles),Prima,afiliados_miles,1467.155
Mar.2017,PN01176MM,Sistema privado de pensiones - Número de Afiliados - AFP Prima (miles),Prima,afiliados_miles,1469.395
Abr.2017,PN01176MM,Sistema privado de pensiones - Número de Afiliados - AFP Prima (miles),Prima,afiliados_miles,1471.008
May.2017,PN01176MM,Sistema privado de pensiones - Número de Afiliados - AFP Prima (miles),Prima,afiliados_miles,1472.347
Jun.2017,PN01176MM,Sistema privado de pensiones - Número de Afiliados - AFP Prima (miles),Prima,afiliados_miles,1498.151
Jul.2017,PN01176MM,Sistema privado de pensiones - Número de Afiliados - AFP Prima (miles),Prima,afiliados_miles,1527.129
Ago.2017,PN01176MM,Sistema privado de pensiones - Número de Afiliados - AFP Prima (miles),Prima,afiliados_miles,1559.625
Sep.2017,PN01176MM,Sistema privado de pensiones - Número de Afiliados - AFP Prima (miles),Prima,afiliados_miles,1595.391
Oct.2017,PN01176MM,Sistema privado de pensiones - Número de Afiliados - AFP Prima (miles),Prima,afiliados_miles,1619.12
Nov.2017,PN01176MM,Sistema privado de pensiones - Número de Afiliados - AFP Prima (miles),Prima,afiliados_miles,1655.711
Dic.2017,PN01176MM,Sistema privado de pensiones - Número de Afiliados - AFP Prima (miles),Prima,afiliados_miles,1683.034
Ene.2018,PN01176MM,Sistema privado de pensiones - Número de Afiliados - AFP Prima (miles),Prima,afiliados_miles,1726.049
Feb.2018,PN01176MM,Sistema privado de pensiones - Número de Afiliados - AFP Prima (miles),Prima,afiliados_miles,1764.39
Mar.2018,PN01176MM,Sistema privado de pensiones - Número de Afiliados - AFP Prima (miles),Prima,afiliados_miles,1800.67
Abr.2018,PN01176MM,Sistema privado de pensiones - Número de Afiliados - AFP Prima (miles),Prima,afiliados_miles,1834.791
May.2018,PN01176MM,Sistema privado de pensiones - Número de Afiliados - AFP Prima (miles),Prima,afiliados_miles,1870.495
Jun.2018,PN01176MM,Sistema privado de pensiones - Número de Afiliados - AFP Prima (miles),Prima,afiliados_miles,1905.642
Jul.2018,PN01176MM,Sistema privado de pensiones - Número de Afiliados - AFP Prima (miles),Prima,afiliados_miles,1939.853
Ago.2018,PN01176MM,Sistema privado de pensiones - Número de Afiliados - AFP Prima (miles),Prima,afiliados_miles,1980.613
Sep.2018,PN01176MM,Sistema privado de pensiones - Número de Afiliados - AFP Prima (miles),Prima,afiliados_miles,2019.228
Oct.2018,PN01176MM,Sistema privado de pensiones - Número de Afiliados - AFP Prima (miles),Prima,afiliados_miles,2058.775
Nov.2018,PN01176MM,Sistema privado de pensiones - Número de Afiliados - AFP Prima (miles),Prima,afiliados_miles,2098.594
Dic.2018,PN01176MM,Sistema privado de pensiones - Número de Afiliados - AFP Prima (miles),Prima,afiliados_miles,2131.744
Ene.2019,PN01176MM,Sistema privado de pensiones - Número de Afiliados - AFP Prima (miles),Prima,afiliados_miles,2181.105
Feb.2019,PN01176MM,Sistema privado de pensiones - Número de Afiliados - AFP Prima (miles),Prima,afiliados_miles,2220.824
Mar.2019,PN01176MM,Sistema privado de pensiones - Número de Afiliados - AFP Prima (miles),Prima,afiliados_miles,2260.041
Abr.2019,PN01176MM,Sistema privado de pensiones - Número de Afiliados - AFP Prima (miles),Prima,afiliados_miles,2260.041
May.2019,PN01176MM,Sistema privado de pensiones - Número de Afiliados - AFP Prima (miles),Prima,afiliados_miles,2330.531
Jun.2019,PN01176MM,Sistema privado de pensiones - Número de Afiliados - AFP Prima (miles),Prima,afiliados_miles,2334.751
Jul.2019,PN01176MM,Sistema privado de pensiones - Número de Afiliados - AFP Prima (miles),Prima,afiliados_miles,2337.654
Ago.2019,PN01176MM,Sistema privado de pensiones - Número de Afiliados - AFP Prima (miles),Prima,afiliados_miles,2341.047
Sep.2019,PN01176MM,Sistema privado de pensiones - Número de Afiliados - AFP Prima (miles),Prima,afiliados_miles,2343.978
Oct.2019,PN01176MM,Sistema privado de pensiones - Número de Afiliados - AFP Prima (miles),Prima,afiliados_miles,2347.826
Nov.2019,PN01176MM,Sistema privado de pensiones - Número de Afiliados - AFP Prima (miles),Prima,afiliados_miles,2347.826
Dic.2019,PN01176MM,Sistema privado de pensiones - Número de Afiliados - AFP Prima (miles),Prima,afiliados_miles,2355.005
Ene.2020,PN01176MM,Sistema privado de pensiones - Número de Afiliados - AFP Prima (miles),Prima,afiliados_miles,2357.827
Feb.2020,PN01176MM,Sistema privado de pensiones - Número de Afiliados - AFP Prima (miles),Prima,afiliados_miles,2360.478
Mar.2020,PN01176MM,Sistema privado de pensiones - Número de Afiliados - AFP Prima (miles),Prima,afiliados_miles,2363.253
Abr.2020,PN01176MM,Sistema privado de pensiones - Número de Afiliados - AFP Prima (miles),Prima,afiliados_miles,2363.253
May.2020,PN01176MM,Sistema privado de pensiones - Número de Afiliados - AFP Prima (miles),Prima,afiliados_miles,2365.074
Jun.2020,PN01176MM,Sistema privado de pensiones - Número de Afiliados - AFP Prima (miles),Prima,afiliados_miles,2364.85
Jul.2020,PN01176MM,Sistema privado de pensiones - Número de Afiliados - AFP Prima (miles),Prima,afiliados_miles,2364.636
Ago.2020,PN01176MM,Sistema privado de pensiones - Número de Afiliados - AFP Prima (miles),Prima,afiliados_miles,2364.042
Sep.2020,PN01176MM,Sistema privado de pensiones - Número de Afiliados - AFP Prima (miles),Prima,afiliados_miles,2362.994
Oct.2020,PN01176MM,Sistema privado de pensiones - Número de Afiliados - AFP Prima (miles),Prima,afiliados_miles,2361.155
Nov.2020,PN01176MM,Sistema privado de pensiones - Número de Afiliados - AFP Prima (miles),Prima,afiliados_miles,2360.405
Dic.2020,PN01176MM,Sistema privado de pensiones - Número de Afiliados - AFP Prima (miles),Prima,afiliados_miles,2360.161
Ene.2021,PN01176MM,Sistema privado de pensiones - Número de Afiliados - AFP Prima (miles),Prima,afiliados_miles,2359.172
Feb.2021,PN01176MM,Sistema privado de pensiones - Número de Afiliados - AFP Prima (miles),Prima,afiliados_miles,2358.189
Mar.2021,PN01176MM,Sistema privado de pensiones - Número de Afiliados - AFP Prima (miles),Prima,afiliados_miles,2356.721
Abr.2021,PN01176MM,Sistema privado de pensiones - Número de Afiliados - AFP Prima (miles),Prima,afiliados_miles,2355.931
May.2021,PN01176MM,Sistema privado de pensiones - Número de Afiliados - AFP Prima (miles),Prima,afiliados_miles,2354.819
Jun.2021,PN01176MM,Sistema privado de pensiones - Número de Afiliados - AFP Prima (miles),Prima,afiliados_miles,2353.808
Jul.2021,PN01176MM,Sistema privado de pensiones - Número de Afiliados - AFP Prima (miles),Prima,afiliados_miles,2352.358
Ago.2021,PN01176MM,Sistema privado de pensiones - Número de Afiliados - AFP Prima (miles),Prima,afiliados_miles,2352.077
Sep.2021,PN01176MM,Sistema privado de pensiones - Número de Afiliados - AFP Prima (miles),Prima,afiliados_miles,2351.087
Oct.2021,PN01176MM,Sistema privado de pensiones - Número de Afiliados - AFP Prima (miles),Prima,afiliados_miles,2350.201
Nov.2021,PN01176MM,Sistema privado de pensiones - Número de Afiliados - AFP Prima (miles),Prima,afiliados_miles,2349.583
Dic.2021,PN01176MM,Sistema privado de pensiones - Número de Afiliados - AFP Prima (miles),Prima,afiliados_miles,2349.901
Ene.2022,PN01176MM,Sistema privado de pensiones - Número de Afiliados - AFP Prima (miles),Prima,afiliados_miles,2349.574
Feb.2022,PN01176MM,Sistema privado de pensiones - Número de Afiliados - AFP Prima (miles),Prima,afiliados_miles,2349.373
Mar.2022,PN01176MM,Sistema privado de pensiones - Número de Afiliados - AFP Prima (miles),Prima,afiliados_miles,2349.153
Abr.2022,PN01176MM,Sistema privado de pensiones - Número de Afiliados - AFP Prima (miles),Prima,afiliados_miles,2348.976
May.2022,PN01176MM,Sistema privado de pensiones - Número de Afiliados - AFP Prima (miles),Prima,afiliados_miles,2348.549
Jun.2022,PN01176MM,Sistema privado de pensiones - Número de Afiliados - AFP Prima (miles),Prima,afiliados_miles,2347.956
Jul.2022,PN01176MM,Sistema privado de pensiones - Número de Afiliados - AFP Prima (miles),Prima,afiliados_miles,2347.133
Ago.2022,PN01176MM,Sistema privado de pensiones - Número de Afiliados - AFP Prima (miles),Prima,afiliados_miles,2346.805
Sep.2022,PN01176MM,Sistema privado de pensiones - Número de Afiliados - AFP Prima (miles),Prima,afiliados_miles,2346.509
Oct.2022,PN01176MM,Sistema privado de pensiones - Número de Afiliados - AFP Prima (miles),Prima,afiliados_miles,2345.808
Nov.2022,PN01176MM,Sistema privado de pensiones - Número de Afiliados - AFP Prima (miles),Prima,afiliados_miles,2345.194
Dic.2022,PN01176MM,Sistema privado de pensiones - Número de Afiliados - AFP Prima (miles),Prima,afiliados_miles,2344.701
Ene.2023,PN01176MM,Sistema privado de pensiones - Número de Afiliados - AFP Prima (miles),Prima,afiliados_miles,2344.355
Feb.2023,PN01176MM,Sistema privado de pensiones - Número de Afiliados - AFP Prima (miles),Prima,afiliados_miles,2343.744
Mar.2023,PN01176MM,Sistema privado de pensiones - Número de Afiliados - AFP Prima (miles),Prima,afiliados_miles,2343.011
Abr.2023,PN01176MM,Sistema privado de pensiones - Número de Afiliados - AFP Prima (miles),Prima,afiliados_miles,2342.878
May.2023,PN01176MM,Sistema privado de pensiones - Número de Afiliados - AFP Prima (miles),Prima,afiliados_miles,2341.613
Jun.2023,PN01176MM,Sistema privado de pensiones - Número de Afiliados - AFP Prima (miles),Prima,afiliados_miles,2341.661
Jul.2023,PN01176MM,Sistema privado de pensiones - Número de Afiliados - AFP Prima (miles),Prima,afiliados_miles,2341.977
Ago.2023,PN01176MM,Sistema privado de pensiones - Número de Afiliados - AFP Prima (miles),Prima,afiliados_miles,2342.061
Sep.2023,PN01176MM,Sistema privado de pensiones - Número de Afiliados - AFP Prima (miles),Prima,afiliados_miles,2342.21
Oct.2023,PN01176MM,Sistema privado de pensiones - Número de Afiliados - AFP Prima (miles),Prima,afiliados_miles,2342.23
Nov.2023,PN01176MM,Sistema privado de pensiones - Número de Afiliados - AFP Prima (miles),Prima,afiliados_miles,2342.241
Dic.2023,PN01176MM,Sistema privado de pensiones - Número de Afiliados - AFP Prima (miles),Prima,afiliados_miles,2342.422
Ene.2024,PN01176MM,Sistema privado de pensiones - Número de Afiliados - AFP Prima (miles),Prima,afiliados_miles,2342.6
Feb.2024,PN01176MM,Sistema privado de pensiones - Número de Afiliados - AFP Prima (miles),Prima,afiliados_miles,2342.636
Mar.2024,PN01176MM,Sistema privado de pensiones - Número de Afiliados - AFP Prima (miles),Prima,afiliados_miles,2342.454
Abr.2024,PN01176MM,Sistema privado de pensiones - Número de Afiliados - AFP Prima (miles),Prima,afiliados_miles,2342.31
May.2024,PN01176MM,Sistema privado de pensiones - Número de Afiliados - AFP Prima (miles),Prima,afiliados_miles,2341.966
Jun.2024,PN01176MM,Sistema privado de pensiones - Número de Afiliados - AFP Prima (miles),Prima,afiliados_miles,2342.057
Jul.2024,PN01176MM,Sistema privado de pensiones - Número de Afiliados - AFP Prima (miles),Prima,afiliados_miles,2342.454
Ago.2024,PN01176MM,Sistema privado de pensiones - Número de Afiliados - AFP Prima (miles),Prima,afiliados_miles,2342.229
Sep.2024,PN01176MM,Sistema privado de pensiones - Número de Afiliados - AFP Prima (miles),Prima,afiliados_miles,2341.483
Oct.2024,PN01176MM,Sistema privado de pensiones - Número de Afiliados - AFP Prima (miles),Prima,afiliados_miles,2341.056
Nov.2024,PN01176MM,Sistema privado de pensiones - Número de Afiliados - AFP Prima (miles),Prima,afiliados_miles,2340.452
Dic.2024,PN01176MM,Sistema privado de pensiones - Número de Afiliados - AFP Prima (miles),Prima,afiliados_miles,2340.087
Ene.2025,PN01176MM,Sistema privado de pensiones - Número de Afiliados - AFP Prima (miles),Prima,afiliados_miles,2339.486
Feb.2025,PN01176MM,Sistema privado de pensiones - Número de Afiliados - AFP Prima (miles),Prima,afiliados_miles,2338.348
Mar.2025,PN01176MM,Sistema privado de pensiones - Número de Afiliados - AFP Prima (miles),Prima,afiliados_miles,2338.126
Abr.2025,PN01176MM,Sistema privado de pensiones - Número de Afiliados - AFP Prima (miles),Prima,afiliados_miles,2338.037
May.2025,PN01176MM,Sistema privado de pensiones - Número de Afiliados - AFP Prima (miles),Prima,afiliados_miles,2338.787
Jun.2025,PN01176MM,Sistema privado de pensiones - Número de Afiliados - AFP Prima (miles),Prima,afiliados_miles,2339.871
Jul.2025,PN01176MM,Sistema privado de pensiones - Número de Afiliados - AFP Prima (miles),Prima,afiliados_miles,2341.423
Ago.2025,PN01176MM,Sistema privado de pensiones - Número de Afiliados - AFP Prima (miles),Prima,afiliados_miles,2342.602
Sep.2025,PN01176MM,Sistema privado de pensiones - Número de Afiliados - AFP Prima (miles),Prima,afiliados_miles,2343.615
Oct.2025,PN01176MM,Sistema privado de pensiones - Número de Afiliados - AFP Prima (miles),Prima,afiliados_miles,2347.203
Nov.2025,PN01176MM,Sistema privado de pensiones - Número de Afiliados - AFP Prima (miles),Prima,afiliados_miles,2353.88
Dic.2025,PN01176MM,Sistema privado de pensiones - Número de Afiliados - AFP Prima (miles),Prima,afiliados_miles,2360.014
Ene.2010,PN01177MM,Sistema privado de pensiones - Número de Afiliados - AFP Profuturo (miles),Profuturo,afiliados_miles,1018.641
Feb.2010,PN01177MM,Sistema privado de pensiones - Número de Afiliados - AFP Profuturo (miles),Profuturo,afiliados_miles,1021.027
Mar.2010,PN01177MM,Sistema privado de pensiones - Número de Afiliados - AFP Profuturo (miles),Profuturo,afiliados_miles,1022.747
Abr.2010,PN01177MM,Sistema privado de pensiones - Número de Afiliados - AFP Profuturo (miles),Profuturo,afiliados_miles,1024.591
May.2010,PN01177MM,Sistema privado de pensiones - Número de Afiliados - AFP Profuturo (miles),Profuturo,afiliados_miles,1026.661
Jun.2010,PN01177MM,Sistema privado de pensiones - Número de Afiliados - AFP Profuturo (miles),Profuturo,afiliados_miles,1029.009
Jul.2010,PN01177MM,Sistema privado de pensiones - Número de Afiliados - AFP Profuturo (miles),Profuturo,afiliados_miles,1031.164
Ago.2010,PN01177MM,Sistema privado de pensiones - Número de Afiliados - AFP Profuturo (miles),Profuturo,afiliados_miles,1033.582
Sep.2010,PN01177MM,Sistema privado de pensiones - Número de Afiliados - AFP Profuturo (miles),Profuturo,afiliados_miles,1036.623
Oct.2010,PN01177MM,Sistema privado de pensiones - Número de Afiliados - AFP Profuturo (miles),Profuturo,afiliados_miles,1039.071
Nov.2010,PN01177MM,Sistema privado de pensiones - Número de Afiliados - AFP Profuturo (miles),Profuturo,afiliados_miles,1042.167
Dic.2010,PN01177MM,Sistema privado de pensiones - Número de Afiliados - AFP Profuturo (miles),Profuturo,afiliados_miles,1043.67
Ene.2011,PN01177MM,Sistema privado de pensiones - Número de Afiliados - AFP Profuturo (miles),Profuturo,afiliados_miles,1046.642
Feb.2011,PN01177MM,Sistema privado de pensiones - Número de Afiliados - AFP Profuturo (miles),Profuturo,afiliados_miles,1050.591
Mar.2011,PN01177MM,Sistema privado de pensiones - Número de Afiliados - AFP Profuturo (miles),Profuturo,afiliados_miles,1054.164
Abr.2011,PN01177MM,Sistema privado de pensiones - Número de Afiliados - AFP Profuturo (miles),Profuturo,afiliados_miles,1057.685
May.2011,PN01177MM,Sistema privado de pensiones - Número de Afiliados - AFP Profuturo (miles),Profuturo,afiliados_miles,1061.319
Jun.2011,PN01177MM,Sistema privado de pensiones - Número de Afiliados - AFP Profuturo (miles),Profuturo,afiliados_miles,1064.922
Jul.2011,PN01177MM,Sistema privado de pensiones - Número de Afiliados - AFP Profuturo (miles),Profuturo,afiliados_miles,1068.548
Ago.2011,PN01177MM,Sistema privado de pensiones - Número de Afiliados - AFP Profuturo (miles),Profuturo,afiliados_miles,1073.047
Sep.2011,PN01177MM,Sistema privado de pensiones - Número de Afiliados - AFP Profuturo (miles),Profuturo,afiliados_miles,1077.754
Oct.2011,PN01177MM,Sistema privado de pensiones - Número de Afiliados - AFP Profuturo (miles),Profuturo,afiliados_miles,1083.111
Nov.2011,PN01177MM,Sistema privado de pensiones - Número de Afiliados - AFP Profuturo (miles),Profuturo,afiliados_miles,1088.256
Dic.2011,PN01177MM,Sistema privado de pensiones - Número de Afiliados - AFP Profuturo (miles),Profuturo,afiliados_miles,1092.292
Ene.2012,PN01177MM,Sistema privado de pensiones - Número de Afiliados - AFP Profuturo (miles),Profuturo,afiliados_miles,1097.191
Feb.2012,PN01177MM,Sistema privado de pensiones - Número de Afiliados - AFP Profuturo (miles),Profuturo,afiliados_miles,1102.94
Mar.2012,PN01177MM,Sistema privado de pensiones - Número de Afiliados - AFP Profuturo (miles),Profuturo,afiliados_miles,1108.882
Abr.2012,PN01177MM,Sistema privado de pensiones - Número de Afiliados - AFP Profuturo (miles),Profuturo,afiliados_miles,1114.635
May.2012,PN01177MM,Sistema privado de pensiones - Número de Afiliados - AFP Profuturo (miles),Profuturo,afiliados_miles,1121.13
Jun.2012,PN01177MM,Sistema privado de pensiones - Número de Afiliados - AFP Profuturo (miles),Profuturo,afiliados_miles,1127.1
Jul.2012,PN01177MM,Sistema privado de pensiones - Número de Afiliados - AFP Profuturo (miles),Profuturo,afiliados_miles,1134.16
Ago.2012,PN01177MM,Sistema privado de pensiones - Número de Afiliados - AFP Profuturo (miles),Profuturo,afiliados_miles,1141.914
Sep.2012,PN01177MM,Sistema privado de pensiones - Número de Afiliados - AFP Profuturo (miles),Profuturo,afiliados_miles,1153.976
Oct.2012,PN01177MM,Sistema privado de pensiones - Número de Afiliados - AFP Profuturo (miles),Profuturo,afiliados_miles,1153.235
Nov.2012,PN01177MM,Sistema privado de pensiones - Número de Afiliados - AFP Profuturo (miles),Profuturo,afiliados_miles,1152.841
Dic.2012,PN01177MM,Sistema privado de pensiones - Número de Afiliados - AFP Profuturo (miles),Profuturo,afiliados_miles,1152.826
Ene.2013,PN01177MM,Sistema privado de pensiones - Número de Afiliados - AFP Profuturo (miles),Profuturo,afiliados_miles,1153.038
Feb.2013,PN01177MM,Sistema privado de pensiones - Número de Afiliados - AFP Profuturo (miles),Profuturo,afiliados_miles,1152.461
Mar.2013,PN01177MM,Sistema privado de pensiones - Número de Afiliados - AFP Profuturo (miles),Profuturo,afiliados_miles,1152.009
Abr.2013,PN01177MM,Sistema privado de pensiones - Número de Afiliados - AFP Profuturo (miles),Profuturo,afiliados_miles,1151.316
May.2013,PN01177MM,Sistema privado de pensiones - Número de Afiliados - AFP Profuturo (miles),Profuturo,afiliados_miles,1151.36
Jun.2013,PN01177MM,Sistema privado de pensiones - Número de Afiliados - AFP Profuturo (miles),Profuturo,afiliados_miles,1150.99
Jul.2013,PN01177MM,Sistema privado de pensiones - Número de Afiliados - AFP Profuturo (miles),Profuturo,afiliados_miles,1151.129
Ago.2013,PN01177MM,Sistema privado de pensiones - Número de Afiliados - AFP Profuturo (miles),Profuturo,afiliados_miles,1852.256
Sep.2013,PN01177MM,Sistema privado de pensiones - Número de Afiliados - AFP Profuturo (miles),Profuturo,afiliados_miles,1851.329
Oct.2013,PN01177MM,Sistema privado de pensiones - Número de Afiliados - AFP Profuturo (miles),Profuturo,afiliados_miles,1850.505
Nov.2013,PN01177MM,Sistema privado de pensiones - Número de Afiliados - AFP Profuturo (miles),Profuturo,afiliados_miles,1849.873
Dic.2013,PN01177MM,Sistema privado de pensiones - Número de Afiliados - AFP Profuturo (miles),Profuturo,afiliados_miles,1849.285
Ene.2014,PN01177MM,Sistema privado de pensiones - Número de Afiliados - AFP Profuturo (miles),Profuturo,afiliados_miles,1848.822
Feb.2014,PN01177MM,Sistema privado de pensiones - Número de Afiliados - AFP Profuturo (miles),Profuturo,afiliados_miles,1848.052
Mar.2014,PN01177MM,Sistema privado de pensiones - Número de Afiliados - AFP Profuturo (miles),Profuturo,afiliados_miles,1847.104
Abr.2014,PN01177MM,Sistema privado de pensiones - Número de Afiliados - AFP Profuturo (miles),Profuturo,afiliados_miles,1846.122
May.2014,PN01177MM,Sistema privado de pensiones - Número de Afiliados - AFP Profuturo (miles),Profuturo,afiliados_miles,1845.242
Jun.2014,PN01177MM,Sistema privado de pensiones - Número de Afiliados - AFP Profuturo (miles),Profuturo,afiliados_miles,1844.248
Jul.2014,PN01177MM,Sistema privado de pensiones - Número de Afiliados - AFP Profuturo (miles),Profuturo,afiliados_miles,1840.827
Ago.2014,PN01177MM,Sistema privado de pensiones - Número de Afiliados - AFP Profuturo (miles),Profuturo,afiliados_miles,1839.637
Sep.2014,PN01177MM,Sistema privado de pensiones - Número de Afiliados - AFP Profuturo (miles),Profuturo,afiliados_miles,1838.457
Oct.2014,PN01177MM,Sistema privado de pensiones - Número de Afiliados - AFP Profuturo (miles),Profuturo,afiliados_miles,1836.039
Nov.2014,PN01177MM,Sistema privado de pensiones - Número de Afiliados - AFP Profuturo (miles),Profuturo,afiliados_miles,1835.332
Dic.2014,PN01177MM,Sistema privado de pensiones - Número de Afiliados - AFP Profuturo (miles),Profuturo,afiliados_miles,1834.17
Ene.2015,PN01177MM,Sistema privado de pensiones - Número de Afiliados - AFP Profuturo (miles),Profuturo,afiliados_miles,1832.994
Feb.2015,PN01177MM,Sistema privado de pensiones - Número de Afiliados - AFP Profuturo (miles),Profuturo,afiliados_miles,1831.728
Mar.2015,PN01177MM,Sistema privado de pensiones - Número de Afiliados - AFP Profuturo (miles),Profuturo,afiliados_miles,1830.357
Abr.2015,PN01177MM,Sistema privado de pensiones - Número de Afiliados - AFP Profuturo (miles),Profuturo,afiliados_miles,1829.332
May.2015,PN01177MM,Sistema privado de pensiones - Número de Afiliados - AFP Profuturo (miles),Profuturo,afiliados_miles,1828.265
Jun.2015,PN01177MM,Sistema privado de pensiones - Número de Afiliados - AFP Profuturo (miles),Profuturo,afiliados_miles,1826.793
Jul.2015,PN01177MM,Sistema privado de pensiones - Número de Afiliados - AFP Profuturo (miles),Profuturo,afiliados_miles,1825.792
Ago.2015,PN01177MM,Sistema privado de pensiones - Número de Afiliados - AFP Profuturo (miles),Profuturo,afiliados_miles,1824.469
Sep.2015,PN01177MM,Sistema privado de pensiones - Número de Afiliados - AFP Profuturo (miles),Profuturo,afiliados_miles,1823.047
Oct.2015,PN01177MM,Sistema privado de pensiones - Número de Afiliados - AFP Profuturo (miles),Profuturo,afiliados_miles,1821.995
Nov.2015,PN01177MM,Sistema privado de pensiones - Número de Afiliados - AFP Profuturo (miles),Profuturo,afiliados_miles,1453.587
Dic.2015,PN01177MM,Sistema privado de pensiones - Número de Afiliados - AFP Profuturo (miles),Profuturo,afiliados_miles,1819.563
Ene.2016,PN01177MM,Sistema privado de pensiones - Número de Afiliados - AFP Profuturo (miles),Profuturo,afiliados_miles,1819.665
Feb.2016,PN01177MM,Sistema privado de pensiones - Número de Afiliados - AFP Profuturo (miles),Profuturo,afiliados_miles,1818.519
Mar.2016,PN01177MM,Sistema privado de pensiones - Número de Afiliados - AFP Profuturo (miles),Profuturo,afiliados_miles,1817.678
Abr.2016,PN01177MM,Sistema privado de pensiones - Número de Afiliados - AFP Profuturo (miles),Profuturo,afiliados_miles,1816.791
May.2016,PN01177MM,Sistema privado de pensiones - Número de Afiliados - AFP Profuturo (miles),Profuturo,afiliados_miles,1816.235
Jun.2016,PN01177MM,Sistema privado de pensiones - Número de Afiliados - AFP Profuturo (miles),Profuturo,afiliados_miles,1815.348
Jul.2016,PN01177MM,Sistema privado de pensiones - Número de Afiliados - AFP Profuturo (miles),Profuturo,afiliados_miles,1814.346
Ago.2016,PN01177MM,Sistema privado de pensiones - Número de Afiliados - AFP Profuturo (miles),Profuturo,afiliados_miles,1813.529
Sep.2016,PN01177MM,Sistema privado de pensiones - Número de Afiliados - AFP Profuturo (miles),Profuturo,afiliados_miles,1812.062
Oct.2016,PN01177MM,Sistema privado de pensiones - Número de Afiliados - AFP Profuturo (miles),Profuturo,afiliados_miles,1811.242
Nov.2016,PN01177MM,Sistema privado de pensiones - Número de Afiliados - AFP Profuturo (miles),Profuturo,afiliados_miles,1810.527
Dic.2016,PN01177MM,Sistema privado de pensiones - Número de Afiliados - AFP Profuturo (miles),Profuturo,afiliados_miles,1809.955
Ene.2017,PN01177MM,Sistema privado de pensiones - Número de Afiliados - AFP Profuturo (miles),Profuturo,afiliados_miles,1809.343
Feb.2017,PN01177MM,Sistema privado de pensiones - Número de Afiliados - AFP Profuturo (miles),Profuturo,afiliados_miles,1808.841
Mar.2017,PN01177MM,Sistema privado de pensiones - Número de Afiliados - AFP Profuturo (miles),Profuturo,afiliados_miles,1808.26
Abr.2017,PN01177MM,Sistema privado de pensiones - Número de Afiliados - AFP Profuturo (miles),Profuturo,afiliados_miles,1807.718
May.2017,PN01177MM,Sistema privado de pensiones - Número de Afiliados - AFP Profuturo (miles),Profuturo,afiliados_miles,1807.374
Jun.2017,PN01177MM,Sistema privado de pensiones - Número de Afiliados - AFP Profuturo (miles),Profuturo,afiliados_miles,1806.83
Jul.2017,PN01177MM,Sistema privado de pensiones - Número de Afiliados - AFP Profuturo (miles),Profuturo,afiliados_miles,1806.487
Ago.2017,PN01177MM,Sistema privado de pensiones - Número de Afiliados - AFP Profuturo (miles),Profuturo,afiliados_miles,1806.143
Sep.2017,PN01177MM,Sistema privado de pensiones - Número de Afiliados - AFP Profuturo (miles),Profuturo,afiliados_miles,1806.067
Oct.2017,PN01177MM,Sistema privado de pensiones - Número de Afiliados - AFP Profuturo (miles),Profuturo,afiliados_miles,1805.939
Nov.2017,PN01177MM,Sistema privado de pensiones - Número de Afiliados - AFP Profuturo (miles),Profuturo,afiliados_miles,1805.44
Dic.2017,PN01177MM,Sistema privado de pensiones - Número de Afiliados - AFP Profuturo (miles),Profuturo,afiliados_miles,1805.113
Ene.2018,PN01177MM,Sistema privado de pensiones - Número de Afiliados - AFP Profuturo (miles),Profuturo,afiliados_miles,1804.698
Feb.2018,PN01177MM,Sistema privado de pensiones - Número de Afiliados - AFP Profuturo (miles),Profuturo,afiliados_miles,1804.196
Mar.2018,PN01177MM,Sistema privado de pensiones - Número de Afiliados - AFP Profuturo (miles),Profuturo,afiliados_miles,1803.638
Abr.2018,PN01177MM,Sistema privado de pensiones - Número de Afiliados - AFP Profuturo (miles),Profuturo,afiliados_miles,1803.265
May.2018,PN01177MM,Sistema privado de pensiones - Número de Afiliados - AFP Profuturo (miles),Profuturo,afiliados_miles,1802.644
Jun.2018,PN01177MM,Sistema privado de pensiones - Número de Afiliados - AFP Profuturo (miles),Profuturo,afiliados_miles,1802.205
Jul.2018,PN01177MM,Sistema privado de pensiones - Número de Afiliados - AFP Profuturo (miles),Profuturo,afiliados_miles,1801.67
Ago.2018,PN01177MM,Sistema privado de pensiones - Número de Afiliados - AFP Profuturo (miles),Profuturo,afiliados_miles,1801.001
Sep.2018,PN01177MM,Sistema privado de pensiones - Número de Afiliados - AFP Profuturo (miles),Profuturo,afiliados_miles,1800.447
Oct.2018,PN01177MM,Sistema privado de pensiones - Número de Afiliados - AFP Profuturo (miles),Profuturo,afiliados_miles,1799.798
Nov.2018,PN01177MM,Sistema privado de pensiones - Número de Afiliados - AFP Profuturo (miles),Profuturo,afiliados_miles,1798.632
Dic.2018,PN01177MM,Sistema privado de pensiones - Número de Afiliados - AFP Profuturo (miles),Profuturo,afiliados_miles,1797.524
Ene.2019,PN01177MM,Sistema privado de pensiones - Número de Afiliados - AFP Profuturo (miles),Profuturo,afiliados_miles,1794.183
Feb.2019,PN01177MM,Sistema privado de pensiones - Número de Afiliados - AFP Profuturo (miles),Profuturo,afiliados_miles,1792.602
Mar.2019,PN01177MM,Sistema privado de pensiones - Número de Afiliados - AFP Profuturo (miles),Profuturo,afiliados_miles,1792.093
Abr.2019,PN01177MM,Sistema privado de pensiones - Número de Afiliados - AFP Profuturo (miles),Profuturo,afiliados_miles,1792.093
May.2019,PN01177MM,Sistema privado de pensiones - Número de Afiliados - AFP Profuturo (miles),Profuturo,afiliados_miles,1791.094
Jun.2019,PN01177MM,Sistema privado de pensiones - Número de Afiliados - AFP Profuturo (miles),Profuturo,afiliados_miles,1790.482
Jul.2019,PN01177MM,Sistema privado de pensiones - Número de Afiliados - AFP Profuturo (miles),Profuturo,afiliados_miles,1789.661
Ago.2019,PN01177MM,Sistema privado de pensiones - Número de Afiliados - AFP Profuturo (miles),Profuturo,afiliados_miles,1788.994
Sep.2019,PN01177MM,Sistema privado de pensiones - Número de Afiliados - AFP Profuturo (miles),Profuturo,afiliados_miles,1788.245
Nov.2019,PN01177MM,Sistema privado de pensiones - Número de Afiliados - AFP Profuturo (miles),Profuturo,afiliados_miles,1786.678
Dic.2019,PN01177MM,Sistema privado de pensiones - Número de Afiliados - AFP Profuturo (miles),Profuturo,afiliados_miles,1772.352
Ene.2020,PN01177MM,Sistema privado de pensiones - Número de Afiliados - AFP Profuturo (miles),Profuturo,afiliados_miles,1771.172
Feb.2020,PN01177MM,Sistema privado de pensiones - Número de Afiliados - AFP Profuturo (miles),Profuturo,afiliados_miles,1769.228
Mar.2020,PN01177MM,Sistema privado de pensiones - Número de Afiliados - AFP Profuturo (miles),Profuturo,afiliados_miles,1767.1
Abr.2020,PN01177MM,Sistema privado de pensiones - Número de Afiliados - AFP Profuturo (miles),Profuturo,afiliados_miles,1767.1
May.2020,PN01177MM,Sistema privado de pensiones - Número de Afiliados - AFP Profuturo (miles),Profuturo,afiliados_miles,1765.623
Jun.2020,PN01177MM,Sistema privado de pensiones - Número de Afiliados - AFP Profuturo (miles),Profuturo,afiliados_miles,1765.579
Jul.2020,PN01177MM,Sistema privado de pensiones - Número de Afiliados - AFP Profuturo (miles),Profuturo,afiliados_miles,1765.068
Ago.2020,PN01177MM,Sistema privado de pensiones - Número de Afiliados - AFP Profuturo (miles),Profuturo,afiliados_miles,1764.492
Sep.2020,PN01177MM,Sistema privado de pensiones - Número de Afiliados - AFP Profuturo (miles),Profuturo,afiliados_miles,1763.597
Oct.2020,PN01177MM,Sistema privado de pensiones - Número de Afiliados - AFP Profuturo (miles),Profuturo,afiliados_miles,1762.523
Nov.2020,PN01177MM,Sistema privado de pensiones - Número de Afiliados - AFP Profuturo (miles),Profuturo,afiliados_miles,1761.641
Dic.2020,PN01177MM,Sistema privado de pensiones - Número de Afiliados - AFP Profuturo (miles),Profuturo,afiliados_miles,1760.772
Ene.2021,PN01177MM,Sistema privado de pensiones - Número de Afiliados - AFP Profuturo (miles),Profuturo,afiliados_miles,1759.953
Feb.2021,PN01177MM,Sistema privado de pensiones - Número de Afiliados - AFP Profuturo (miles),Profuturo,afiliados_miles,1759.265
Mar.2021,PN01177MM,Sistema privado de pensiones - Número de Afiliados - AFP Profuturo (miles),Profuturo,afiliados_miles,1758.011
Abr.2021,PN01177MM,Sistema privado de pensiones - Número de Afiliados - AFP Profuturo (miles),Profuturo,afiliados_miles,1757.303
May.2021,PN01177MM,Sistema privado de pensiones - Número de Afiliados - AFP Profuturo (miles),Profuturo,afiliados_miles,1756.623
Jun.2021,PN01177MM,Sistema privado de pensiones - Número de Afiliados - AFP Profuturo (miles),Profuturo,afiliados_miles,1755.526
Jul.2021,PN01177MM,Sistema privado de pensiones - Número de Afiliados - AFP Profuturo (miles),Profuturo,afiliados_miles,1754.676
Ago.2021,PN01177MM,Sistema privado de pensiones - Número de Afiliados - AFP Profuturo (miles),Profuturo,afiliados_miles,1753.986
Sep.2021,PN01177MM,Sistema privado de pensiones - Número de Afiliados - AFP Profuturo (miles),Profuturo,afiliados_miles,1753.426
Oct.2021,PN01177MM,Sistema privado de pensiones - Número de Afiliados - AFP Profuturo (miles),Profuturo,afiliados_miles,1752.554
Nov.2021,PN01177MM,Sistema privado de pensiones - Número de Afiliados - AFP Profuturo (miles),Profuturo,afiliados_miles,1750.528
Dic.2021,PN01177MM,Sistema privado de pensiones - Número de Afiliados - AFP Profuturo (miles),Profuturo,afiliados_miles,1749.975
Ene.2022,PN01177MM,Sistema privado de pensiones - Número de Afiliados - AFP Profuturo (miles),Profuturo,afiliados_miles,1749.579
Feb.2022,PN01177MM,Sistema privado de pensiones - Número de Afiliados - AFP Profuturo (miles),Profuturo,afiliados_miles,1749.304
Mar.2022,PN01177MM,Sistema privado de pensiones - Número de Afiliados - AFP Profuturo (miles),Profuturo,afiliados_miles,1748.933
Abr.2022,PN01177MM,Sistema privado de pensiones - Número de Afiliados - AFP Profuturo (miles),Profuturo,afiliados_miles,1748.448
May.2022,PN01177MM,Sistema privado de pensiones - Número de Afiliados - AFP Profuturo (miles),Profuturo,afiliados_miles,1747.832
Jun.2022,PN01177MM,Sistema privado de pensiones - Número de Afiliados - AFP Profuturo (miles),Profuturo,afiliados_miles,1747.356
Jul.2022,PN01177MM,Sistema privado de pensiones - Número de Afiliados - AFP Profuturo (miles),Profuturo,afiliados_miles,1746.671
Ago.2022,PN01177MM,Sistema privado de pensiones - Número de Afiliados - AFP Profuturo (miles),Profuturo,afiliados_miles,1745.949
Sep.2022,PN01177MM,Sistema privado de pensiones - Número de Afiliados - AFP Profuturo (miles),Profuturo,afiliados_miles,1745.22
Oct.2022,PN01177MM,Sistema privado de pensiones - Número de Afiliados - AFP Profuturo (miles),Profuturo,afiliados_miles,1744.345
Nov.2022,PN01177MM,Sistema privado de pensiones - Número de Afiliados - AFP Profuturo (miles),Profuturo,afiliados_miles,1743.458
Dic.2022,PN01177MM,Sistema privado de pensiones - Número de Afiliados - AFP Profuturo (miles),Profuturo,afiliados_miles,1742.641
Ene.2023,PN01177MM,Sistema privado de pensiones - Número de Afiliados - AFP Profuturo (miles),Profuturo,afiliados_miles,1741.853
Feb.2023,PN01177MM,Sistema privado de pensiones - Número de Afiliados - AFP Profuturo (miles),Profuturo,afiliados_miles,1741.27
Mar.2023,PN01177MM,Sistema privado de pensiones - Número de Afiliados - AFP Profuturo (miles),Profuturo,afiliados_miles,1740.288
Abr.2023,PN01177MM,Sistema privado de pensiones - Número de Afiliados - AFP Profuturo (miles),Profuturo,afiliados_miles,1739.98
May.2023,PN01177MM,Sistema privado de pensiones - Número de Afiliados - AFP Profuturo (miles),Profuturo,afiliados_miles,1738.721
Jun.2023,PN01177MM,Sistema privado de pensiones - Número de Afiliados - AFP Profuturo (miles),Profuturo,afiliados_miles,1737.875
Jul.2023,PN01177MM,Sistema privado de pensiones - Número de Afiliados - AFP Profuturo (miles),Profuturo,afiliados_miles,1736.914
Ago.2023,PN01177MM,Sistema privado de pensiones - Número de Afiliados - AFP Profuturo (miles),Profuturo,afiliados_miles,1736.02
Sep.2023,PN01177MM,Sistema privado de pensiones - Número de Afiliados - AFP Profuturo (miles),Profuturo,afiliados_miles,1735.096
Oct.2023,PN01177MM,Sistema privado de pensiones - Número de Afiliados - AFP Profuturo (miles),Profuturo,afiliados_miles,1734.16
Nov.2023,PN01177MM,Sistema privado de pensiones - Número de Afiliados - AFP Profuturo (miles),Profuturo,afiliados_miles,1733.3
Dic.2023,PN01177MM,Sistema privado de pensiones - Número de Afiliados - AFP Profuturo (miles),Profuturo,afiliados_miles,1732.304
Ene.2024,PN01177MM,Sistema privado de pensiones - Número de Afiliados - AFP Profuturo (miles),Profuturo,afiliados_miles,1731.503
Feb.2024,PN01177MM,Sistema privado de pensiones - Número de Afiliados - AFP Profuturo (miles),Profuturo,afiliados_miles,1730.725
Mar.2024,PN01177MM,Sistema privado de pensiones - Número de Afiliados - AFP Profuturo (miles),Profuturo,afiliados_miles,1729.866
Abr.2024,PN01177MM,Sistema privado de pensiones - Número de Afiliados - AFP Profuturo (miles),Profuturo,afiliados_miles,1728.82
May.2024,PN01177MM,Sistema privado de pensiones - Número de Afiliados - AFP Profuturo (miles),Profuturo,afiliados_miles,1727.741
Jun.2024,PN01177MM,Sistema privado de pensiones - Número de Afiliados - AFP Profuturo (miles),Profuturo,afiliados_miles,1726.747
Jul.2024,PN01177MM,Sistema privado de pensiones - Número de Afiliados - AFP Profuturo (miles),Profuturo,afiliados_miles,1725.442
Ago.2024,PN01177MM,Sistema privado de pensiones - Número de Afiliados - AFP Profuturo (miles),Profuturo,afiliados_miles,1724.533
Sep.2024,PN01177MM,Sistema privado de pensiones - Número de Afiliados - AFP Profuturo (miles),Profuturo,afiliados_miles,1723.496
Oct.2024,PN01177MM,Sistema privado de pensiones - Número de Afiliados - AFP Profuturo (miles),Profuturo,afiliados_miles,1722.895
Nov.2024,PN01177MM,Sistema privado de pensiones - Número de Afiliados - AFP Profuturo (miles),Profuturo,afiliados_miles,1722.039
Dic.2024,PN01177MM,Sistema privado de pensiones - Número de Afiliados - AFP Profuturo (miles),Profuturo,afiliados_miles,1721.332
Ene.2025,PN01177MM,Sistema privado de pensiones - Número de Afiliados - AFP Profuturo (miles),Profuturo,afiliados_miles,1720.325
Feb.2025,PN01177MM,Sistema privado de pensiones - Número de Afiliados - AFP Profuturo (miles),Profuturo,afiliados_miles,1719.244
Mar.2025,PN01177MM,Sistema privado de pensiones - Número de Afiliados - AFP Profuturo (miles),Profuturo,afiliados_miles,1718.064
Abr.2025,PN01177MM,Sistema privado de pensiones - Número de Afiliados - AFP Profuturo (miles),Profuturo,afiliados_miles,1717.131
May.2025,PN01177MM,Sistema privado de pensiones - Número de Afiliados - AFP Profuturo (miles),Profuturo,afiliados_miles,1716.277
Jun.2025,PN01177MM,Sistema privado de pensiones - Número de Afiliados - AFP Profuturo (miles),Profuturo,afiliados_miles,1744.426
Jul.2025,PN01177MM,Sistema privado de pensiones - Número de Afiliados - AFP Profuturo (miles),Profuturo,afiliados_miles,1780.104
Ago.2025,PN01177MM,Sistema privado de pensiones - Número de Afiliados - AFP Profuturo (miles),Profuturo,afiliados_miles,1820.931
Sep.2025,PN01177MM,Sistema privado de pensiones - Número de Afiliados - AFP Profuturo (miles),Profuturo,afiliados_miles,1864.332
Oct.2025,PN01177MM,Sistema privado de pensiones - Número de Afiliados - AFP Profuturo (miles),Profuturo,afiliados_miles,1910.825
Nov.2025,PN01177MM,Sistema privado de pensiones - Número de Afiliados - AFP Profuturo (miles),Profuturo,afiliados_miles,1951.256
Dic.2025,PN01177MM,Sistema privado de pensiones - Número de Afiliados - AFP Profuturo (miles),Profuturo,afiliados_miles,1987.121
Ene.2010,PN01179MM,Sistema privado de pensiones - Rentabilidad Real Últimos 12 meses - AFP Habitat,Habitat,rentab_real_12m,0
Feb.2010,PN01179MM,Sistema privado de pensiones - Rentabilidad Real Últimos 12 meses - AFP Habitat,Habitat,rentab_real_12m,0
Mar.2010,PN01179MM,Sistema privado de pensiones - Rentabilidad Real Últimos 12 meses - AFP Habitat,Habitat,rentab_real_12m,0
Abr.2010,PN01179MM,Sistema privado de pensiones - Rentabilidad Real Últimos 12 meses - AFP Habitat,Habitat,rentab_real_12m,0
May.2010,PN01179MM,Sistema privado de pensiones - Rentabilidad Real Últimos 12 meses - AFP Habitat,Habitat,rentab_real_12m,0
Jun.2010,PN01179MM,Sistema privado de pensiones - Rentabilidad Real Últimos 12 meses - AFP Habitat,Habitat,rentab_real_12m,0
Jul.2010,PN01179MM,Sistema privado de pensiones - Rentabilidad Real Últimos 12 meses - AFP Habitat,Habitat,rentab_real_12m,0
Ago.2010,PN01179MM,Sistema privado de pensiones - Rentabilidad Real Últimos 12 meses - AFP Habitat,Habitat,rentab_real_12m,0
Sep.2010,PN01179MM,Sistema privado de pensiones - Rentabilidad Real Últimos 12 meses - AFP Habitat,Habitat,rentab_real_12m,0
Oct.2010,PN01179MM,Sistema privado de pensiones - Rentabilidad Real Últimos 12 meses - AFP Habitat,Habitat,rentab_real_12m,0
Nov.2010,PN01179MM,Sistema privado de pensiones - Rentabilidad Real Últimos 12 meses - AFP Habitat,Habitat,rentab_real_12m,0
Dic.2010,PN01179MM,Sistema privado de pensiones - Rentabilidad Real Últimos 12 meses - AFP Habitat,Habitat,rentab_real_12m,0
Ene.2011,PN01179MM,Sistema privado de pensiones - Rentabilidad Real Últimos 12 meses - AFP Habitat,Habitat,rentab_real_12m,0
Feb.2011,PN01179MM,Sistema privado de pensiones - Rentabilidad Real Últimos 12 meses - AFP Habitat,Habitat,rentab_real_12m,0
Mar.2011,PN01179MM,Sistema privado de pensiones - Rentabilidad Real Últimos 12 meses - AFP Habitat,Habitat,rentab_real_12m,0
Abr.2011,PN01179MM,Sistema privado de pensiones - Rentabilidad Real Últimos 12 meses - AFP Habitat,Habitat,rentab_real_12m,0
May.2011,PN01179MM,Sistema privado de pensiones - Rentabilidad Real Últimos 12 meses - AFP Habitat,Habitat,rentab_real_12m,0
Jun.2011,PN01179MM,Sistema privado de pensiones - Rentabilidad Real Últimos 12 meses - AFP Habitat,Habitat,rentab_real_12m,0
Jul.2011,PN01179MM,Sistema privado de pensiones - Rentabilidad Real Últimos 12 meses - AFP Habitat,Habitat,rentab_real_12m,0
Ago.2011,PN01179MM,Sistema privado de pensiones - Rentabilidad Real Últimos 12 meses - AFP Habitat,Habitat,rentab_real_12m,0
Sep.2011,PN01179MM,Sistema privado de pensiones - Rentabilidad Real Últimos 12 meses - AFP Habitat,Habitat,rentab_real_12m,0
Oct.2011,PN01179MM,Sistema privado de pensiones - Rentabilidad Real Últimos 12 meses - AFP Habitat,Habitat,rentab_real_12m,0
Nov.2011,PN01179MM,Sistema privado de pensiones - Rentabilidad Real Últimos 12 meses - AFP Habitat,Habitat,rentab_real_12m,0
Dic.2011,PN01179MM,Sistema privado de pensiones - Rentabilidad Real Últimos 12 meses - AFP Habitat,Habitat,rentab_real_12m,0
Ene.2012,PN01179MM,Sistema privado de pensiones - Rentabilidad Real Últimos 12 meses - AFP Habitat,Habitat,rentab_real_12m,0
Feb.2012,PN01179MM,Sistema privado de pensiones - Rentabilidad Real Últimos 12 meses - AFP Habitat,Habitat,rentab_real_12m,0
Mar.2012,PN01179MM,Sistema privado de pensiones - Rentabilidad Real Últimos 12 meses - AFP Habitat,Habitat,rentab_real_12m,0
Abr.2012,PN01179MM,Sistema privado de pensiones - Rentabilidad Real Últimos 12 meses - AFP Habitat,Habitat,rentab_real_12m,0
May.2012,PN01179MM,Sistema privado de pensiones - Rentabilidad Real Últimos 12 meses - AFP Habitat,Habitat,rentab_real_12m,0
Jun.2012,PN01179MM,Sistema privado de pensiones - Rentabilidad Real Últimos 12 meses - AFP Habitat,Habitat,rentab_real_12m,0
Jul.2012,PN01179MM,Sistema privado de pensiones - Rentabilidad Real Últimos 12 meses - AFP Habitat,Habitat,rentab_real_12m,0
Ago.2012,PN01179MM,Sistema privado de pensiones - Rentabilidad Real Últimos 12 meses - AFP Habitat,Habitat,rentab_real_12m,0
Sep.2012,PN01179MM,Sistema privado de pensiones - Rentabilidad Real Últimos 12 meses - AFP Habitat,Habitat,rentab_real_12m,0
Oct.2012,PN01179MM,Sistema privado de pensiones - Rentabilidad Real Últimos 12 meses - AFP Habitat,Habitat,rentab_real_12m,0
Nov.2012,PN01179MM,Sistema privado de pensiones - Rentabilidad Real Últimos 12 meses - AFP Habitat,Habitat,rentab_real_12m,0
Dic.2012,PN01179MM,Sistema privado de pensiones - Rentabilidad Real Últimos 12 meses - AFP Habitat,Habitat,rentab_real_12m,0
Ene.2013,PN01179MM,Sistema privado de pensiones - Rentabilidad Real Últimos 12 meses - AFP Habitat,Habitat,rentab_real_12m,0
Feb.2013,PN01179MM,Sistema privado de pensiones - Rentabilidad Real Últimos 12 meses - AFP Habitat,Habitat,rentab_real_12m,0
Mar.2013,PN01179MM,Sistema privado de pensiones - Rentabilidad Real Últimos 12 meses - AFP Habitat,Habitat,rentab_real_12m,0
Abr.2013,PN01179MM,Sistema privado de pensiones - Rentabilidad Real Últimos 12 meses - AFP Habitat,Habitat,rentab_real_12m,0
May.2013,PN01179MM,Sistema privado de pensiones - Rentabilidad Real Últimos 12 meses - AFP Habitat,Habitat,rentab_real_12m,0
Jun.2013,PN01179MM,Sistema privado de pensiones - Rentabilidad Real Últimos 12 meses - AFP Habitat,Habitat,rentab_real_12m,0
Jul.2013,PN01179MM,Sistema privado de pensiones - Rentabilidad Real Últimos 12 meses - AFP Habitat,Habitat,rentab_real_12m,0
Ago.2013,PN01179MM,Sistema privado de pensiones - Rentabilidad Real Últimos 12 meses - AFP Habitat,Habitat,rentab_real_12m,0
Ene.2015,PN01179MM,Sistema privado de pensiones - Rentabilidad Real Últimos 12 meses - AFP Habitat,Habitat,rentab_real_12m,5.5501
Feb.2015,PN01179MM,Sistema privado de pensiones - Rentabilidad Real Últimos 12 meses - AFP Habitat,Habitat,rentab_real_12m,10.6028
Mar.2015,PN01179MM,Sistema privado de pensiones - Rentabilidad Real Últimos 12 meses - AFP Habitat,Habitat,rentab_real_12m,9.4776
Abr.2015,PN01179MM,Sistema privado de pensiones - Rentabilidad Real Últimos 12 meses - AFP Habitat,Habitat,rentab_real_12m,10.5509
May.2015,PN01179MM,Sistema privado de pensiones - Rentabilidad Real Últimos 12 meses - AFP Habitat,Habitat,rentab_real_12m,9.1122
Jun.2015,PN01179MM,Sistema privado de pensiones - Rentabilidad Real Últimos 12 meses - AFP Habitat,Habitat,rentab_real_12m,6.9179
Jul.2015,PN01179MM,Sistema privado de pensiones - Rentabilidad Real Últimos 12 meses - AFP Habitat,Habitat,rentab_real_12m,5.4156
Ago.2015,PN01179MM,Sistema privado de pensiones - Rentabilidad Real Últimos 12 meses - AFP Habitat,Habitat,rentab_real_12m,3.6501
Sep.2015,PN01179MM,Sistema privado de pensiones - Rentabilidad Real Últimos 12 meses - AFP Habitat,Habitat,rentab_real_12m,-1.3433
Oct.2015,PN01179MM,Sistema privado de pensiones - Rentabilidad Real Últimos 12 meses - AFP Habitat,Habitat,rentab_real_12m,2.0942
Nov.2015,PN01179MM,Sistema privado de pensiones - Rentabilidad Real Últimos 12 meses - AFP Habitat,Habitat,rentab_real_12m,3.6394
Dic.2015,PN01179MM,Sistema privado de pensiones - Rentabilidad Real Últimos 12 meses - AFP Habitat,Habitat,rentab_real_12m,2.9068
Ene.2016,PN01179MM,Sistema privado de pensiones - Rentabilidad Real Últimos 12 meses - AFP Habitat,Habitat,rentab_real_12m,-0.18
Feb.2016,PN01179MM,Sistema privado de pensiones - Rentabilidad Real Últimos 12 meses - AFP Habitat,Habitat,rentab_real_12m,-2.531
Mar.2016,PN01179MM,Sistema privado de pensiones - Rentabilidad Real Últimos 12 meses - AFP Habitat,Habitat,rentab_real_12m,-0.3147
Abr.2016,PN01179MM,Sistema privado de pensiones - Rentabilidad Real Últimos 12 meses - AFP Habitat,Habitat,rentab_real_12m,-0.9824
May.2016,PN01179MM,Sistema privado de pensiones - Rentabilidad Real Últimos 12 meses - AFP Habitat,Habitat,rentab_real_12m,0.7342
Jun.2016,PN01179MM,Sistema privado de pensiones - Rentabilidad Real Últimos 12 meses - AFP Habitat,Habitat,rentab_real_12m,1.5272
Jul.2016,PN01179MM,Sistema privado de pensiones - Rentabilidad Real Últimos 12 meses - AFP Habitat,Habitat,rentab_real_12m,4.6844
Ago.2016,PN01179MM,Sistema privado de pensiones - Rentabilidad Real Últimos 12 meses - AFP Habitat,Habitat,rentab_real_12m,8.6776
Sep.2016,PN01179MM,Sistema privado de pensiones - Rentabilidad Real Últimos 12 meses - AFP Habitat,Habitat,rentab_real_12m,13.7829
Oct.2016,PN01179MM,Sistema privado de pensiones - Rentabilidad Real Últimos 12 meses - AFP Habitat,Habitat,rentab_real_12m,11.8286
Nov.2016,PN01179MM,Sistema privado de pensiones - Rentabilidad Real Últimos 12 meses - AFP Habitat,Habitat,rentab_real_12m,6.7489
Dic.2016,PN01179MM,Sistema privado de pensiones - Rentabilidad Real Últimos 12 meses - AFP Habitat,Habitat,rentab_real_12m,7.5287
Ene.2017,PN01179MM,Sistema privado de pensiones - Rentabilidad Real Últimos 12 meses - AFP Habitat,Habitat,rentab_real_12m,10.5216
Feb.2017,PN01179MM,Sistema privado de pensiones - Rentabilidad Real Últimos 12 meses - AFP Habitat,Habitat,rentab_real_12m,9.8033
Mar.2017,PN01179MM,Sistema privado de pensiones - Rentabilidad Real Últimos 12 meses - AFP Habitat,Habitat,rentab_real_12m,7.6363
Abr.2017,PN01179MM,Sistema privado de pensiones - Rentabilidad Real Últimos 12 meses - AFP Habitat,Habitat,rentab_real_12m,8.11
May.2017,PN01179MM,Sistema privado de pensiones - Rentabilidad Real Últimos 12 meses - AFP Habitat,Habitat,rentab_real_12m,9.6708
Jun.2017,PN01179MM,Sistema privado de pensiones - Rentabilidad Real Últimos 12 meses - AFP Habitat,Habitat,rentab_real_12m,10.6836
Jul.2017,PN01179MM,Sistema privado de pensiones - Rentabilidad Real Últimos 12 meses - AFP Habitat,Habitat,rentab_real_12m,8.0892
Ago.2017,PN01179MM,Sistema privado de pensiones - Rentabilidad Real Últimos 12 meses - AFP Habitat,Habitat,rentab_real_12m,5.9864
Sep.2017,PN01179MM,Sistema privado de pensiones - Rentabilidad Real Últimos 12 meses - AFP Habitat,Habitat,rentab_real_12m,7.3285
Oct.2017,PN01179MM,Sistema privado de pensiones - Rentabilidad Real Últimos 12 meses - AFP Habitat,Habitat,rentab_real_12m,10.069
Nov.2017,PN01179MM,Sistema privado de pensiones - Rentabilidad Real Últimos 12 meses - AFP Habitat,Habitat,rentab_real_12m,12.468
Dic.2017,PN01179MM,Sistema privado de pensiones - Rentabilidad Real Últimos 12 meses - AFP Habitat,Habitat,rentab_real_12m,12.264
Ene.2018,PN01179MM,Sistema privado de pensiones - Rentabilidad Real Últimos 12 meses - AFP Habitat,Habitat,rentab_real_12m,15.4444
Feb.2018,PN01179MM,Sistema privado de pensiones - Rentabilidad Real Últimos 12 meses - AFP Habitat,Habitat,rentab_real_12m,14.9384
Mar.2018,PN01179MM,Sistema privado de pensiones - Rentabilidad Real Últimos 12 meses - AFP Habitat,Habitat,rentab_real_12m,14.8011
Abr.2018,PN01179MM,Sistema privado de pensiones - Rentabilidad Real Últimos 12 meses - AFP Habitat,Habitat,rentab_real_12m,12.453
May.2018,PN01179MM,Sistema privado de pensiones - Rentabilidad Real Últimos 12 meses - AFP Habitat,Habitat,rentab_real_12m,8.8915
Jun.2018,PN01179MM,Sistema privado de pensiones - Rentabilidad Real Últimos 12 meses - AFP Habitat,Habitat,rentab_real_12m,6.6129
Jul.2018,PN01179MM,Sistema privado de pensiones - Rentabilidad Real Últimos 12 meses - AFP Habitat,Habitat,rentab_real_12m,6.1743
Ago.2018,PN01179MM,Sistema privado de pensiones - Rentabilidad Real Últimos 12 meses - AFP Habitat,Habitat,rentab_real_12m,5.9617
Sep.2018,PN01179MM,Sistema privado de pensiones - Rentabilidad Real Últimos 12 meses - AFP Habitat,Habitat,rentab_real_12m,3.6555
Oct.2018,PN01179MM,Sistema privado de pensiones - Rentabilidad Real Últimos 12 meses - AFP Habitat,Habitat,rentab_real_12m,-1.4143
Nov.2018,PN01179MM,Sistema privado de pensiones - Rentabilidad Real Últimos 12 meses - AFP Habitat,Habitat,rentab_real_12m,-3.2753
Dic.2018,PN01179MM,Sistema privado de pensiones - Rentabilidad Real Últimos 12 meses - AFP Habitat,Habitat,rentab_real_12m,-3.9776
Ene.2019,PN01179MM,Sistema privado de pensiones - Rentabilidad Real Últimos 12 meses - AFP Habitat,Habitat,rentab_real_12m,-6.284
Feb.2019,PN01179MM,Sistema privado de pensiones - Rentabilidad Real Últimos 12 meses - AFP Habitat,Habitat,rentab_real_12m,-3.5287
Mar.2019,PN01179MM,Sistema privado de pensiones - Rentabilidad Real Últimos 12 meses - AFP Habitat,Habitat,rentab_real_12m,-2.6609
Abr.2019,PN01179MM,Sistema privado de pensiones - Rentabilidad Real Últimos 12 meses - AFP Habitat,Habitat,rentab_real_12m,-0.1293
May.2019,PN01179MM,Sistema privado de pensiones - Rentabilidad Real Últimos 12 meses - AFP Habitat,Habitat,rentab_real_12m,0.1542
Jun.2019,PN01179MM,Sistema privado de pensiones - Rentabilidad Real Últimos 12 meses - AFP Habitat,Habitat,rentab_real_12m,2.5938
Jul.2019,PN01179MM,Sistema privado de pensiones - Rentabilidad Real Últimos 12 meses - AFP Habitat,Habitat,rentab_real_12m,5.4708
Ago.2019,PN01179MM,Sistema privado de pensiones - Rentabilidad Real Últimos 12 meses - AFP Habitat,Habitat,rentab_real_12m,4.4574
Sep.2019,PN01179MM,Sistema privado de pensiones - Rentabilidad Real Últimos 12 meses - AFP Habitat,Habitat,rentab_real_12m,5.851
Oct.2019,PN01179MM,Sistema privado de pensiones - Rentabilidad Real Últimos 12 meses - AFP Habitat,Habitat,rentab_real_12m,9.1555
Nov.2019,PN01179MM,Sistema privado de pensiones - Rentabilidad Real Últimos 12 meses - AFP Habitat,Habitat,rentab_real_12m,11.0591
Dic.2019,PN01179MM,Sistema privado de pensiones - Rentabilidad Real Últimos 12 meses - AFP Habitat,Habitat,rentab_real_12m,13.2615
Ene.2020,PN01179MM,Sistema privado de pensiones - Rentabilidad Real Últimos 12 meses - AFP Habitat,Habitat,rentab_real_12m,13.7019
Feb.2020,PN01179MM,Sistema privado de pensiones - Rentabilidad Real Últimos 12 meses - AFP Habitat,Habitat,rentab_real_12m,12.015
Mar.2020,PN01179MM,Sistema privado de pensiones - Rentabilidad Real Últimos 12 meses - AFP Habitat,Habitat,rentab_real_12m,-0.3735
Abr.2020,PN01179MM,Sistema privado de pensiones - Rentabilidad Real Últimos 12 meses - AFP Habitat,Habitat,rentab_real_12m,-5.3474
May.2020,PN01179MM,Sistema privado de pensiones - Rentabilidad Real Últimos 12 meses - AFP Habitat,Habitat,rentab_real_12m,-0.3459
Jun.2020,PN01179MM,Sistema privado de pensiones - Rentabilidad Real Últimos 12 meses - AFP Habitat,Habitat,rentab_real_12m,3.0388
Jul.2020,PN01179MM,Sistema privado de pensiones - Rentabilidad Real Últimos 12 meses - AFP Habitat,Habitat,rentab_real_12m,2.9391
Ago.2020,PN01179MM,Sistema privado de pensiones - Rentabilidad Real Últimos 12 meses - AFP Habitat,Habitat,rentab_real_12m,6.2386
Sep.2020,PN01179MM,Sistema privado de pensiones - Rentabilidad Real Últimos 12 meses - AFP Habitat,Habitat,rentab_real_12m,5.3575
Oct.2020,PN01179MM,Sistema privado de pensiones - Rentabilidad Real Últimos 12 meses - AFP Habitat,Habitat,rentab_real_12m,5.8981
Nov.2020,PN01179MM,Sistema privado de pensiones - Rentabilidad Real Últimos 12 meses - AFP Habitat,Habitat,rentab_real_12m,7.6204
Dic.2020,PN01179MM,Sistema privado de pensiones - Rentabilidad Real Últimos 12 meses - AFP Habitat,Habitat,rentab_real_12m,12.424
Ene.2021,PN01179MM,Sistema privado de pensiones - Rentabilidad Real Últimos 12 meses - AFP Habitat,Habitat,rentab_real_12m,13.0458
Feb.2021,PN01179MM,Sistema privado de pensiones - Rentabilidad Real Últimos 12 meses - AFP Habitat,Habitat,rentab_real_12m,14.8401
Mar.2021,PN01179MM,Sistema privado de pensiones - Rentabilidad Real Últimos 12 meses - AFP Habitat,Habitat,rentab_real_12m,23.7131
Abr.2021,PN01179MM,Sistema privado de pensiones - Rentabilidad Real Últimos 12 meses - AFP Habitat,Habitat,rentab_real_12m,26.6028
May.2021,PN01179MM,Sistema privado de pensiones - Rentabilidad Real Últimos 12 meses - AFP Habitat,Habitat,rentab_real_12m,20.4762
Jun.2021,PN01179MM,Sistema privado de pensiones - Rentabilidad Real Últimos 12 meses - AFP Habitat,Habitat,rentab_real_12m,14.9148
Jul.2021,PN01179MM,Sistema privado de pensiones - Rentabilidad Real Últimos 12 meses - AFP Habitat,Habitat,rentab_real_12m,9.4667
Ago.2021,PN01179MM,Sistema privado de pensiones - Rentabilidad Real Últimos 12 meses - AFP Habitat,Habitat,rentab_real_12m,3.5617
Sep.2021,PN01179MM,Sistema privado de pensiones - Rentabilidad Real Últimos 12 meses - AFP Habitat,Habitat,rentab_real_12m,5.352
Oct.2021,PN01179MM,Sistema privado de pensiones - Rentabilidad Real Últimos 12 meses - AFP Habitat,Habitat,rentab_real_12m,3.703
Nov.2021,PN01179MM,Sistema privado de pensiones - Rentabilidad Real Últimos 12 meses - AFP Habitat,Habitat,rentab_real_12m,2.6693
Dic.2021,PN01179MM,Sistema privado de pensiones - Rentabilidad Real Últimos 12 meses - AFP Habitat,Habitat,rentab_real_12m,-3.1892
Ene.2022,PN01179MM,Sistema privado de pensiones - Rentabilidad Real Últimos 12 meses - AFP Habitat,Habitat,rentab_real_12m,-6.0243
Feb.2022,PN01179MM,Sistema privado de pensiones - Rentabilidad Real Últimos 12 meses - AFP Habitat,Habitat,rentab_real_12m,-8.8462
Mar.2022,PN01179MM,Sistema privado de pensiones - Rentabilidad Real Últimos 12 meses - AFP Habitat,Habitat,rentab_real_12m,-5.3161
Abr.2022,PN01179MM,Sistema privado de pensiones - Rentabilidad Real Últimos 12 meses - AFP Habitat,Habitat,rentab_real_12m,-5.9681
May.2022,PN01179MM,Sistema privado de pensiones - Rentabilidad Real Últimos 12 meses - AFP Habitat,Habitat,rentab_real_12m,-11.5009
Jun.2022,PN01179MM,Sistema privado de pensiones - Rentabilidad Real Últimos 12 meses - AFP Habitat,Habitat,rentab_real_12m,-14.3596
Jul.2022,PN01179MM,Sistema privado de pensiones - Rentabilidad Real Últimos 12 meses - AFP Habitat,Habitat,rentab_real_12m,-15.6259
Ago.2022,PN01179MM,Sistema privado de pensiones - Rentabilidad Real Últimos 12 meses - AFP Habitat,Habitat,rentab_real_12m,-11.6141
Sep.2022,PN01179MM,Sistema privado de pensiones - Rentabilidad Real Últimos 12 meses - AFP Habitat,Habitat,rentab_real_12m,-15.8061
Oct.2022,PN01179MM,Sistema privado de pensiones - Rentabilidad Real Últimos 12 meses - AFP Habitat,Habitat,rentab_real_12m,-12.7723
Nov.2022,PN01179MM,Sistema privado de pensiones - Rentabilidad Real Últimos 12 meses - AFP Habitat,Habitat,rentab_real_12m,-12.4324
Dic.2022,PN01179MM,Sistema privado de pensiones - Rentabilidad Real Últimos 12 meses - AFP Habitat,Habitat,rentab_real_12m,-12.9909
Ene.2023,PN01179MM,Sistema privado de pensiones - Rentabilidad Real Últimos 12 meses - AFP Habitat,Habitat,rentab_real_12m,-10.5944
Feb.2023,PN01179MM,Sistema privado de pensiones - Rentabilidad Real Últimos 12 meses - AFP Habitat,Habitat,rentab_real_12m,-12.9925
Mar.2023,PN01179MM,Sistema privado de pensiones - Rentabilidad Real Últimos 12 meses - AFP Habitat,Habitat,rentab_real_12m,-12.7319
Abr.2023,PN01179MM,Sistema privado de pensiones - Rentabilidad Real Últimos 12 meses - AFP Habitat,Habitat,rentab_real_12m,-10.3913
May.2023,PN01179MM,Sistema privado de pensiones - Rentabilidad Real Últimos 12 meses - AFP Habitat,Habitat,rentab_real_12m,-8.4819
Jun.2023,PN01179MM,Sistema privado de pensiones - Rentabilidad Real Últimos 12 meses - AFP Habitat,Habitat,rentab_real_12m,-0.4414
Jul.2023,PN01179MM,Sistema privado de pensiones - Rentabilidad Real Últimos 12 meses - AFP Habitat,Habitat,rentab_real_12m,0.5462
Ago.2023,PN01179MM,Sistema privado de pensiones - Rentabilidad Real Últimos 12 meses - AFP Habitat,Habitat,rentab_real_12m,2.9654
Sep.2023,PN01179MM,Sistema privado de pensiones - Rentabilidad Real Últimos 12 meses - AFP Habitat,Habitat,rentab_real_12m,2.8504
Oct.2023,PN01179MM,Sistema privado de pensiones - Rentabilidad Real Últimos 12 meses - AFP Habitat,Habitat,rentab_real_12m,-0.985
Nov.2023,PN01179MM,Sistema privado de pensiones - Rentabilidad Real Últimos 12 meses - AFP Habitat,Habitat,rentab_real_12m,0.1721
Dic.2023,PN01179MM,Sistema privado de pensiones - Rentabilidad Real Últimos 12 meses - AFP Habitat,Habitat,rentab_real_12m,7.7956
Ene.2024,PN01179MM,Sistema privado de pensiones - Rentabilidad Real Últimos 12 meses - AFP Habitat,Habitat,rentab_real_12m,7.131
Feb.2024,PN01179MM,Sistema privado de pensiones - Rentabilidad Real Últimos 12 meses - AFP Habitat,Habitat,rentab_real_12m,10.1119
Mar.2024,PN01179MM,Sistema privado de pensiones - Rentabilidad Real Últimos 12 meses - AFP Habitat,Habitat,rentab_real_12m,7.3956
Abr.2024,PN01179MM,Sistema privado de pensiones - Rentabilidad Real Últimos 12 meses - AFP Habitat,Habitat,rentab_real_12m,7.968
May.2024,PN01179MM,Sistema privado de pensiones - Rentabilidad Real Últimos 12 meses - AFP Habitat,Habitat,rentab_real_12m,11.0767
Jun.2024,PN01179MM,Sistema privado de pensiones - Rentabilidad Real Últimos 12 meses - AFP Habitat,Habitat,rentab_real_12m,8.8557
Jul.2024,PN01179MM,Sistema privado de pensiones - Rentabilidad Real Últimos 12 meses - AFP Habitat,Habitat,rentab_real_12m,5.7433
Ago.2024,PN01179MM,Sistema privado de pensiones - Rentabilidad Real Últimos 12 meses - AFP Habitat,Habitat,rentab_real_12m,5.9046
Sep.2024,PN01179MM,Sistema privado de pensiones - Rentabilidad Real Últimos 12 meses - AFP Habitat,Habitat,rentab_real_12m,9.2972
Oct.2024,PN01179MM,Sistema privado de pensiones - Rentabilidad Real Últimos 12 meses - AFP Habitat,Habitat,rentab_real_12m,10.0623
Nov.2024,PN01179MM,Sistema privado de pensiones - Rentabilidad Real Últimos 12 meses - AFP Habitat,Habitat,rentab_real_12m,8.3915
Dic.2024,PN01179MM,Sistema privado de pensiones - Rentabilidad Real Últimos 12 meses - AFP Habitat,Habitat,rentab_real_12m,3.2652
Ene.2025,PN01179MM,Sistema privado de pensiones - Rentabilidad Real Últimos 12 meses - AFP Habitat,Habitat,rentab_real_12m,2.1309
Feb.2025,PN01179MM,Sistema privado de pensiones - Rentabilidad Real Últimos 12 meses - AFP Habitat,Habitat,rentab_real_12m,0.8192
Mar.2025,PN01179MM,Sistema privado de pensiones - Rentabilidad Real Últimos 12 meses - AFP Habitat,Habitat,rentab_real_12m,1.7406
Abr.2025,PN01179MM,Sistema privado de pensiones - Rentabilidad Real Últimos 12 meses - AFP Habitat,Habitat,rentab_real_12m,2.5564
May.2025,PN01179MM,Sistema privado de pensiones - Rentabilidad Real Últimos 12 meses - AFP Habitat,Habitat,rentab_real_12m,1.8949
Jun.2025,PN01179MM,Sistema privado de pensiones - Rentabilidad Real Últimos 12 meses - AFP Habitat,Habitat,rentab_real_12m,3.76
Jul.2025,PN01179MM,Sistema privado de pensiones - Rentabilidad Real Últimos 12 meses - AFP Habitat,Habitat,rentab_real_12m,5.9544
Ago.2025,PN01179MM,Sistema privado de pensiones - Rentabilidad Real Últimos 12 meses - AFP Habitat,Habitat,rentab_real_12m,7.6043
Sep.2025,PN01179MM,Sistema privado de pensiones - Rentabilidad Real Últimos 12 meses - AFP Habitat,Habitat,rentab_real_12m,7.6262
Oct.2025,PN01179MM,Sistema privado de pensiones - Rentabilidad Real Últimos 12 meses - AFP Habitat,Habitat,rentab_real_12m,7.259
Nov.2025,PN01179MM,Sistema privado de pensiones - Rentabilidad Real Últimos 12 meses - AFP Habitat,Habitat,rentab_real_12m,7.2181
Dic.2025,PN01179MM,Sistema privado de pensiones - Rentabilidad Real Últimos 12 meses - AFP Habitat,Habitat,rentab_real_12m,10.6273
Ene.2010,PN01180MM,Sistema privado de pensiones - Rentabilidad Real Últimos 12 meses - AFP Integra,Integra,rentab_real_12m,29.5137
Feb.2010,PN01180MM,Sistema privado de pensiones - Rentabilidad Real Últimos 12 meses - AFP Integra,Integra,rentab_real_12m,25.0676
Mar.2010,PN01180MM,Sistema privado de pensiones - Rentabilidad Real Últimos 12 meses - AFP Integra,Integra,rentab_real_12m,27.5592
Abr.2010,PN01180MM,Sistema privado de pensiones - Rentabilidad Real Últimos 12 meses - AFP Integra,Integra,rentab_real_12m,21.781
May.2010,PN01180MM,Sistema privado de pensiones - Rentabilidad Real Últimos 12 meses - AFP Integra,Integra,rentab_real_12m,14.1865
Jun.2010,PN01180MM,Sistema privado de pensiones - Rentabilidad Real Últimos 12 meses - AFP Integra,Integra,rentab_real_12m,10.8518
Jul.2010,PN01180MM,Sistema privado de pensiones - Rentabilidad Real Últimos 12 meses - AFP Integra,Integra,rentab_real_12m,11.4005
Ago.2010,PN01180MM,Sistema privado de pensiones - Rentabilidad Real Últimos 12 meses - AFP Integra,Integra,rentab_real_12m,11.6166
Sep.2010,PN01180MM,Sistema privado de pensiones - Rentabilidad Real Últimos 12 meses - AFP Integra,Integra,rentab_real_12m,10.8828
Oct.2010,PN01180MM,Sistema privado de pensiones - Rentabilidad Real Últimos 12 meses - AFP Integra,Integra,rentab_real_12m,12.9454
Nov.2010,PN01180MM,Sistema privado de pensiones - Rentabilidad Real Últimos 12 meses - AFP Integra,Integra,rentab_real_12m,13.4513
Dic.2010,PN01180MM,Sistema privado de pensiones - Rentabilidad Real Últimos 12 meses - AFP Integra,Integra,rentab_real_12m,14.0775
Ene.2011,PN01180MM,Sistema privado de pensiones - Rentabilidad Real Últimos 12 meses - AFP Integra,Integra,rentab_real_12m,13.2927
Feb.2011,PN01180MM,Sistema privado de pensiones - Rentabilidad Real Últimos 12 meses - AFP Integra,Integra,rentab_real_12m,16.2652
Mar.2011,PN01180MM,Sistema privado de pensiones - Rentabilidad Real Últimos 12 meses - AFP Integra,Integra,rentab_real_12m,10.652
Abr.2011,PN01180MM,Sistema privado de pensiones - Rentabilidad Real Últimos 12 meses - AFP Integra,Integra,rentab_real_12m,4.3676
May.2011,PN01180MM,Sistema privado de pensiones - Rentabilidad Real Últimos 12 meses - AFP Integra,Integra,rentab_real_12m,8.5064
Jun.2011,PN01180MM,Sistema privado de pensiones - Rentabilidad Real Últimos 12 meses - AFP Integra,Integra,rentab_real_12m,6.4827
Jul.2011,PN01180MM,Sistema privado de pensiones - Rentabilidad Real Últimos 12 meses - AFP Integra,Integra,rentab_real_12m,6.8031
Ago.2011,PN01180MM,Sistema privado de pensiones - Rentabilidad Real Últimos 12 meses - AFP Integra,Integra,rentab_real_12m,2.3936
Sep.2011,PN01180MM,Sistema privado de pensiones - Rentabilidad Real Últimos 12 meses - AFP Integra,Integra,rentab_real_12m,-1.93
Oct.2011,PN01180MM,Sistema privado de pensiones - Rentabilidad Real Últimos 12 meses - AFP Integra,Integra,rentab_real_12m,-9.7804
Nov.2011,PN01180MM,Sistema privado de pensiones - Rentabilidad Real Últimos 12 meses - AFP Integra,Integra,rentab_real_12m,-9.7759
Dic.2011,PN01180MM,Sistema privado de pensiones - Rentabilidad Real Últimos 12 meses - AFP Integra,Integra,rentab_real_12m,-11.0815
Ene.2012,PN01180MM,Sistema privado de pensiones - Rentabilidad Real Últimos 12 meses - AFP Integra,Integra,rentab_real_12m,-7.2652
Feb.2012,PN01180MM,Sistema privado de pensiones - Rentabilidad Real Últimos 12 meses - AFP Integra,Integra,rentab_real_12m,-2.8265
Mar.2012,PN01180MM,Sistema privado de pensiones - Rentabilidad Real Últimos 12 meses - AFP Integra,Integra,rentab_real_12m,-1.0564
Abr.2012,PN01180MM,Sistema privado de pensiones - Rentabilidad Real Últimos 12 meses - AFP Integra,Integra,rentab_real_12m,1.8744
May.2012,PN01180MM,Sistema privado de pensiones - Rentabilidad Real Últimos 12 meses - AFP Integra,Integra,rentab_real_12m,-1.3075
Jun.2012,PN01180MM,Sistema privado de pensiones - Rentabilidad Real Últimos 12 meses - AFP Integra,Integra,rentab_real_12m,0.6305
Jul.2012,PN01180MM,Sistema privado de pensiones - Rentabilidad Real Últimos 12 meses - AFP Integra,Integra,rentab_real_12m,0.3866
Ago.2012,PN01180MM,Sistema privado de pensiones - Rentabilidad Real Últimos 12 meses - AFP Integra,Integra,rentab_real_12m,0.8037
Sep.2012,PN01180MM,Sistema privado de pensiones - Rentabilidad Real Últimos 12 meses - AFP Integra,Integra,rentab_real_12m,3.3348
Oct.2012,PN01180MM,Sistema privado de pensiones - Rentabilidad Real Últimos 12 meses - AFP Integra,Integra,rentab_real_12m,7.3621
Nov.2012,PN01180MM,Sistema privado de pensiones - Rentabilidad Real Últimos 12 meses - AFP Integra,Integra,rentab_real_12m,6.3614
Dic.2012,PN01180MM,Sistema privado de pensiones - Rentabilidad Real Últimos 12 meses - AFP Integra,Integra,rentab_real_12m,8.4508
Ene.2013,PN01180MM,Sistema privado de pensiones - Rentabilidad Real Últimos 12 meses - AFP Integra,Integra,rentab_real_12m,8.3833
Feb.2013,PN01180MM,Sistema privado de pensiones - Rentabilidad Real Últimos 12 meses - AFP Integra,Integra,rentab_real_12m,4.5887
Mar.2013,PN01180MM,Sistema privado de pensiones - Rentabilidad Real Últimos 12 meses - AFP Integra,Integra,rentab_real_12m,4.2507
Abr.2013,PN01180MM,Sistema privado de pensiones - Rentabilidad Real Últimos 12 meses - AFP Integra,Integra,rentab_real_12m,3.9827
May.2013,PN01180MM,Sistema privado de pensiones - Rentabilidad Real Últimos 12 meses - AFP Integra,Integra,rentab_real_12m,6.6483
Jun.2013,PN01180MM,Sistema privado de pensiones - Rentabilidad Real Últimos 12 meses - AFP Integra,Integra,rentab_real_12m,2.5519
Jul.2013,PN01180MM,Sistema privado de pensiones - Rentabilidad Real Últimos 12 meses - AFP Integra,Integra,rentab_real_12m,0.5425
Ago.2013,PN01180MM,Sistema privado de pensiones - Rentabilidad Real Últimos 12 meses - AFP Integra,Integra,rentab_real_12m,0.9448
Sep.2013,PN01180MM,Sistema privado de pensiones - Rentabilidad Real Últimos 12 meses - AFP Integra,Integra,rentab_real_12m,-0.907
Oct.2013,PN01180MM,Sistema privado de pensiones - Rentabilidad Real Últimos 12 meses - AFP Integra,Integra,rentab_real_12m,-0.6531
Nov.2013,PN01180MM,Sistema privado de pensiones - Rentabilidad Real Últimos 12 meses - AFP Integra,Integra,rentab_real_12m,-0.1194
Dic.2013,PN01180MM,Sistema privado de pensiones - Rentabilidad Real Últimos 12 meses - AFP Integra,Integra,rentab_real_12m,-1.702
Ene.2014,PN01180MM,Sistema privado de pensiones - Rentabilidad Real Últimos 12 meses - AFP Integra,Integra,rentab_real_12m,-3.4685
Feb.2014,PN01180MM,Sistema privado de pensiones - Rentabilidad Real Últimos 12 meses - AFP Integra,Integra,rentab_real_12m,-5.369
Mar.2014,PN01180MM,Sistema privado de pensiones - Rentabilidad Real Últimos 12 meses - AFP Integra,Integra,rentab_real_12m,-4.2655
Abr.2014,PN01180MM,Sistema privado de pensiones - Rentabilidad Real Últimos 12 meses - AFP Integra,Integra,rentab_real_12m,-3.3281
May.2014,PN01180MM,Sistema privado de pensiones - Rentabilidad Real Últimos 12 meses - AFP Integra,Integra,rentab_real_12m,-2.4121
Jun.2014,PN01180MM,Sistema privado de pensiones - Rentabilidad Real Últimos 12 meses - AFP Integra,Integra,rentab_real_12m,3.0085
Jul.2014,PN01180MM,Sistema privado de pensiones - Rentabilidad Real Últimos 12 meses - AFP Integra,Integra,rentab_real_12m,4.6393
Ago.2014,PN01180MM,Sistema privado de pensiones - Rentabilidad Real Últimos 12 meses - AFP Integra,Integra,rentab_real_12m,5.3782
Sep.2014,PN01180MM,Sistema privado de pensiones - Rentabilidad Real Últimos 12 meses - AFP Integra,Integra,rentab_real_12m,6.6759
Oct.2014,PN01180MM,Sistema privado de pensiones - Rentabilidad Real Últimos 12 meses - AFP Integra,Integra,rentab_real_12m,3.5717
Nov.2014,PN01180MM,Sistema privado de pensiones - Rentabilidad Real Últimos 12 meses - AFP Integra,Integra,rentab_real_12m,4.7619
Dic.2014,PN01180MM,Sistema privado de pensiones - Rentabilidad Real Últimos 12 meses - AFP Integra,Integra,rentab_real_12m,5.4571
Ene.2015,PN01180MM,Sistema privado de pensiones - Rentabilidad Real Últimos 12 meses - AFP Integra,Integra,rentab_real_12m,4.9837
Feb.2015,PN01180MM,Sistema privado de pensiones - Rentabilidad Real Últimos 12 meses - AFP Integra,Integra,rentab_real_12m,9.5732
Mar.2015,PN01180MM,Sistema privado de pensiones - Rentabilidad Real Últimos 12 meses - AFP Integra,Integra,rentab_real_12m,8.0514
Abr.2015,PN01180MM,Sistema privado de pensiones - Rentabilidad Real Últimos 12 meses - AFP Integra,Integra,rentab_real_12m,8.7067
May.2015,PN01180MM,Sistema privado de pensiones - Rentabilidad Real Últimos 12 meses - AFP Integra,Integra,rentab_real_12m,7.3719
Jun.2015,PN01180MM,Sistema privado de pensiones - Rentabilidad Real Últimos 12 meses - AFP Integra,Integra,rentab_real_12m,5.3229
Jul.2015,PN01180MM,Sistema privado de pensiones - Rentabilidad Real Últimos 12 meses - AFP Integra,Integra,rentab_real_12m,4.0585
Ago.2015,PN01180MM,Sistema privado de pensiones - Rentabilidad Real Últimos 12 meses - AFP Integra,Integra,rentab_real_12m,2.0379
Sep.2015,PN01180MM,Sistema privado de pensiones - Rentabilidad Real Últimos 12 meses - AFP Integra,Integra,rentab_real_12m,-3.2336
Oct.2015,PN01180MM,Sistema privado de pensiones - Rentabilidad Real Últimos 12 meses - AFP Integra,Integra,rentab_real_12m,0.551
Nov.2015,PN01180MM,Sistema privado de pensiones - Rentabilidad Real Últimos 12 meses - AFP Integra,Integra,rentab_real_12m,1.7211
Dic.2015,PN01180MM,Sistema privado de pensiones - Rentabilidad Real Últimos 12 meses - AFP Integra,Integra,rentab_real_12m,0.9484
Ene.2016,PN01180MM,Sistema privado de pensiones - Rentabilidad Real Últimos 12 meses - AFP Integra,Integra,rentab_real_12m,-2.2153
Feb.2016,PN01180MM,Sistema privado de pensiones - Rentabilidad Real Últimos 12 meses - AFP Integra,Integra,rentab_real_12m,-4.0687
Mar.2016,PN01180MM,Sistema privado de pensiones - Rentabilidad Real Últimos 12 meses - AFP Integra,Integra,rentab_real_12m,-1.3172
Abr.2016,PN01180MM,Sistema privado de pensiones - Rentabilidad Real Últimos 12 meses - AFP Integra,Integra,rentab_real_12m,-1.7704
May.2016,PN01180MM,Sistema privado de pensiones - Rentabilidad Real Últimos 12 meses - AFP Integra,Integra,rentab_real_12m,0.1187
Jun.2016,PN01180MM,Sistema privado de pensiones - Rentabilidad Real Últimos 12 meses - AFP Integra,Integra,rentab_real_12m,0.4679
Jul.2016,PN01180MM,Sistema privado de pensiones - Rentabilidad Real Últimos 12 meses - AFP Integra,Integra,rentab_real_12m,3.2736
Ago.2016,PN01180MM,Sistema privado de pensiones - Rentabilidad Real Últimos 12 meses - AFP Integra,Integra,rentab_real_12m,7.1898
Sep.2016,PN01180MM,Sistema privado de pensiones - Rentabilidad Real Últimos 12 meses - AFP Integra,Integra,rentab_real_12m,12.5593
Oct.2016,PN01180MM,Sistema privado de pensiones - Rentabilidad Real Últimos 12 meses - AFP Integra,Integra,rentab_real_12m,10.1917
Nov.2016,PN01180MM,Sistema privado de pensiones - Rentabilidad Real Últimos 12 meses - AFP Integra,Integra,rentab_real_12m,5.5307
Dic.2016,PN01180MM,Sistema privado de pensiones - Rentabilidad Real Últimos 12 meses - AFP Integra,Integra,rentab_real_12m,6.8675
Ene.2017,PN01180MM,Sistema privado de pensiones - Rentabilidad Real Últimos 12 meses - AFP Integra,Integra,rentab_real_12m,10.1253
Feb.2017,PN01180MM,Sistema privado de pensiones - Rentabilidad Real Últimos 12 meses - AFP Integra,Integra,rentab_real_12m,9.0965
Mar.2017,PN01180MM,Sistema privado de pensiones - Rentabilidad Real Últimos 12 meses - AFP Integra,Integra,rentab_real_12m,6.6264
Abr.2017,PN01180MM,Sistema privado de pensiones - Rentabilidad Real Últimos 12 meses - AFP Integra,Integra,rentab_real_12m,7.09
May.2017,PN01180MM,Sistema privado de pensiones - Rentabilidad Real Últimos 12 meses - AFP Integra,Integra,rentab_real_12m,8.3062
Jun.2017,PN01180MM,Sistema privado de pensiones - Rentabilidad Real Últimos 12 meses - AFP Integra,Integra,rentab_real_12m,9.2843
Jul.2017,PN01180MM,Sistema privado de pensiones - Rentabilidad Real Últimos 12 meses - AFP Integra,Integra,rentab_real_12m,7.1166
Ago.2017,PN01180MM,Sistema privado de pensiones - Rentabilidad Real Últimos 12 meses - AFP Integra,Integra,rentab_real_12m,5.2065
Sep.2017,PN01180MM,Sistema privado de pensiones - Rentabilidad Real Últimos 12 meses - AFP Integra,Integra,rentab_real_12m,6.3068
Oct.2017,PN01180MM,Sistema privado de pensiones - Rentabilidad Real Últimos 12 meses - AFP Integra,Integra,rentab_real_12m,9.2799
Nov.2017,PN01180MM,Sistema privado de pensiones - Rentabilidad Real Últimos 12 meses - AFP Integra,Integra,rentab_real_12m,11.433
Dic.2017,PN01180MM,Sistema privado de pensiones - Rentabilidad Real Últimos 12 meses - AFP Integra,Integra,rentab_real_12m,11.053
Ene.2018,PN01180MM,Sistema privado de pensiones - Rentabilidad Real Últimos 12 meses - AFP Integra,Integra,rentab_real_12m,13.8367
Feb.2018,PN01180MM,Sistema privado de pensiones - Rentabilidad Real Últimos 12 meses - AFP Integra,Integra,rentab_real_12m,13.2626
Mar.2018,PN01180MM,Sistema privado de pensiones - Rentabilidad Real Últimos 12 meses - AFP Integra,Integra,rentab_real_12m,12.9373
Abr.2018,PN01180MM,Sistema privado de pensiones - Rentabilidad Real Últimos 12 meses - AFP Integra,Integra,rentab_real_12m,11.011
May.2018,PN01180MM,Sistema privado de pensiones - Rentabilidad Real Últimos 12 meses - AFP Integra,Integra,rentab_real_12m,7.979
Jun.2018,PN01180MM,Sistema privado de pensiones - Rentabilidad Real Últimos 12 meses - AFP Integra,Integra,rentab_real_12m,5.6406
Jul.2018,PN01180MM,Sistema privado de pensiones - Rentabilidad Real Últimos 12 meses - AFP Integra,Integra,rentab_real_12m,5.253
Ago.2018,PN01180MM,Sistema privado de pensiones - Rentabilidad Real Últimos 12 meses - AFP Integra,Integra,rentab_real_12m,5.4054
Sep.2018,PN01180MM,Sistema privado de pensiones - Rentabilidad Real Últimos 12 meses - AFP Integra,Integra,rentab_real_12m,3.0936
Oct.2018,PN01180MM,Sistema privado de pensiones - Rentabilidad Real Últimos 12 meses - AFP Integra,Integra,rentab_real_12m,-1.8036
Nov.2018,PN01180MM,Sistema privado de pensiones - Rentabilidad Real Últimos 12 meses - AFP Integra,Integra,rentab_real_12m,-2.399
Dic.2018,PN01180MM,Sistema privado de pensiones - Rentabilidad Real Últimos 12 meses - AFP Integra,Integra,rentab_real_12m,-3.0118
Ene.2019,PN01180MM,Sistema privado de pensiones - Rentabilidad Real Últimos 12 meses - AFP Integra,Integra,rentab_real_12m,-5.5191
Feb.2019,PN01180MM,Sistema privado de pensiones - Rentabilidad Real Últimos 12 meses - AFP Integra,Integra,rentab_real_12m,-2.7522
Mar.2019,PN01180MM,Sistema privado de pensiones - Rentabilidad Real Últimos 12 meses - AFP Integra,Integra,rentab_real_12m,-1.7254
Abr.2019,PN01180MM,Sistema privado de pensiones - Rentabilidad Real Últimos 12 meses - AFP Integra,Integra,rentab_real_12m,0.1229
May.2019,PN01180MM,Sistema privado de pensiones - Rentabilidad Real Últimos 12 meses - AFP Integra,Integra,rentab_real_12m,-0.4461
Jun.2019,PN01180MM,Sistema privado de pensiones - Rentabilidad Real Últimos 12 meses - AFP Integra,Integra,rentab_real_12m,1.9033
Jul.2019,PN01180MM,Sistema privado de pensiones - Rentabilidad Real Últimos 12 meses - AFP Integra,Integra,rentab_real_12m,3.9929
Ago.2019,PN01180MM,Sistema privado de pensiones - Rentabilidad Real Últimos 12 meses - AFP Integra,Integra,rentab_real_12m,3.0343
Sep.2019,PN01180MM,Sistema privado de pensiones - Rentabilidad Real Últimos 12 meses - AFP Integra,Integra,rentab_real_12m,4.5537
Oct.2019,PN01180MM,Sistema privado de pensiones - Rentabilidad Real Últimos 12 meses - AFP Integra,Integra,rentab_real_12m,7.4333
Nov.2019,PN01180MM,Sistema privado de pensiones - Rentabilidad Real Últimos 12 meses - AFP Integra,Integra,rentab_real_12m,8.0871
Dic.2019,PN01180MM,Sistema privado de pensiones - Rentabilidad Real Últimos 12 meses - AFP Integra,Integra,rentab_real_12m,10.0464
Ene.2020,PN01180MM,Sistema privado de pensiones - Rentabilidad Real Últimos 12 meses - AFP Integra,Integra,rentab_real_12m,10.0033
Feb.2020,PN01180MM,Sistema privado de pensiones - Rentabilidad Real Últimos 12 meses - AFP Integra,Integra,rentab_real_12m,8.622
Mar.2020,PN01180MM,Sistema privado de pensiones - Rentabilidad Real Últimos 12 meses - AFP Integra,Integra,rentab_real_12m,-3.2129
Abr.2020,PN01180MM,Sistema privado de pensiones - Rentabilidad Real Últimos 12 meses - AFP Integra,Integra,rentab_real_12m,-7.1135
May.2020,PN01180MM,Sistema privado de pensiones - Rentabilidad Real Últimos 12 meses - AFP Integra,Integra,rentab_real_12m,-3.1779
Jun.2020,PN01180MM,Sistema privado de pensiones - Rentabilidad Real Últimos 12 meses - AFP Integra,Integra,rentab_real_12m,-0.2418
Jul.2020,PN01180MM,Sistema privado de pensiones - Rentabilidad Real Últimos 12 meses - AFP Integra,Integra,rentab_real_12m,-0.1257
Ago.2020,PN01180MM,Sistema privado de pensiones - Rentabilidad Real Últimos 12 meses - AFP Integra,Integra,rentab_real_12m,3.1678
Sep.2020,PN01180MM,Sistema privado de pensiones - Rentabilidad Real Últimos 12 meses - AFP Integra,Integra,rentab_real_12m,1.9266
Oct.2020,PN01180MM,Sistema privado de pensiones - Rentabilidad Real Últimos 12 meses - AFP Integra,Integra,rentab_real_12m,2.1973
Nov.2020,PN01180MM,Sistema privado de pensiones - Rentabilidad Real Últimos 12 meses - AFP Integra,Integra,rentab_real_12m,3.7866
Dic.2020,PN01180MM,Sistema privado de pensiones - Rentabilidad Real Últimos 12 meses - AFP Integra,Integra,rentab_real_12m,7.6509
Ene.2021,PN01180MM,Sistema privado de pensiones - Rentabilidad Real Últimos 12 meses - AFP Integra,Integra,rentab_real_12m,8.6065
Feb.2021,PN01180MM,Sistema privado de pensiones - Rentabilidad Real Últimos 12 meses - AFP Integra,Integra,rentab_real_12m,9.7357
Mar.2021,PN01180MM,Sistema privado de pensiones - Rentabilidad Real Últimos 12 meses - AFP Integra,Integra,rentab_real_12m,19.3514
Abr.2021,PN01180MM,Sistema privado de pensiones - Rentabilidad Real Últimos 12 meses - AFP Integra,Integra,rentab_real_12m,21.7927
May.2021,PN01180MM,Sistema privado de pensiones - Rentabilidad Real Últimos 12 meses - AFP Integra,Integra,rentab_real_12m,19.9782
Jun.2021,PN01180MM,Sistema privado de pensiones - Rentabilidad Real Últimos 12 meses - AFP Integra,Integra,rentab_real_12m,15.5665
Jul.2021,PN01180MM,Sistema privado de pensiones - Rentabilidad Real Últimos 12 meses - AFP Integra,Integra,rentab_real_12m,10.8805
Ago.2021,PN01180MM,Sistema privado de pensiones - Rentabilidad Real Últimos 12 meses - AFP Integra,Integra,rentab_real_12m,5.7496
Sep.2021,PN01180MM,Sistema privado de pensiones - Rentabilidad Real Últimos 12 meses - AFP Integra,Integra,rentab_real_12m,7.7466
Oct.2021,PN01180MM,Sistema privado de pensiones - Rentabilidad Real Últimos 12 meses - AFP Integra,Integra,rentab_real_12m,7.4078
Nov.2021,PN01180MM,Sistema privado de pensiones - Rentabilidad Real Últimos 12 meses - AFP Integra,Integra,rentab_real_12m,6.4523
Dic.2021,PN01180MM,Sistema privado de pensiones - Rentabilidad Real Últimos 12 meses - AFP Integra,Integra,rentab_real_12m,1.2205
Ene.2022,PN01180MM,Sistema privado de pensiones - Rentabilidad Real Últimos 12 meses - AFP Integra,Integra,rentab_real_12m,-1.5146
Feb.2022,PN01180MM,Sistema privado de pensiones - Rentabilidad Real Últimos 12 meses - AFP Integra,Integra,rentab_real_12m,-4.7876
Mar.2022,PN01180MM,Sistema privado de pensiones - Rentabilidad Real Últimos 12 meses - AFP Integra,Integra,rentab_real_12m,-4.242
Abr.2022,PN01180MM,Sistema privado de pensiones - Rentabilidad Real Últimos 12 meses - AFP Integra,Integra,rentab_real_12m,-6.2246
May.2022,PN01180MM,Sistema privado de pensiones - Rentabilidad Real Últimos 12 meses - AFP Integra,Integra,rentab_real_12m,-12.7299
Jun.2022,PN01180MM,Sistema privado de pensiones - Rentabilidad Real Últimos 12 meses - AFP Integra,Integra,rentab_real_12m,-15.0144
Jul.2022,PN01180MM,Sistema privado de pensiones - Rentabilidad Real Últimos 12 meses - AFP Integra,Integra,rentab_real_12m,-14.6607
Ago.2022,PN01180MM,Sistema privado de pensiones - Rentabilidad Real Últimos 12 meses - AFP Integra,Integra,rentab_real_12m,-12.5754
Sep.2022,PN01180MM,Sistema privado de pensiones - Rentabilidad Real Últimos 12 meses - AFP Integra,Integra,rentab_real_12m,-16.3814
Oct.2022,PN01180MM,Sistema privado de pensiones - Rentabilidad Real Últimos 12 meses - AFP Integra,Integra,rentab_real_12m,-13.8551
Nov.2022,PN01180MM,Sistema privado de pensiones - Rentabilidad Real Últimos 12 meses - AFP Integra,Integra,rentab_real_12m,-13.4861
Dic.2022,PN01180MM,Sistema privado de pensiones - Rentabilidad Real Últimos 12 meses - AFP Integra,Integra,rentab_real_12m,-13.521
Ene.2023,PN01180MM,Sistema privado de pensiones - Rentabilidad Real Últimos 12 meses - AFP Integra,Integra,rentab_real_12m,-10.2893
Feb.2023,PN01180MM,Sistema privado de pensiones - Rentabilidad Real Últimos 12 meses - AFP Integra,Integra,rentab_real_12m,-11.5392
Mar.2023,PN01180MM,Sistema privado de pensiones - Rentabilidad Real Últimos 12 meses - AFP Integra,Integra,rentab_real_12m,-10.1102
Abr.2023,PN01180MM,Sistema privado de pensiones - Rentabilidad Real Últimos 12 meses - AFP Integra,Integra,rentab_real_12m,-7.5397
May.2023,PN01180MM,Sistema privado de pensiones - Rentabilidad Real Últimos 12 meses - AFP Integra,Integra,rentab_real_12m,-5.3306
Jun.2023,PN01180MM,Sistema privado de pensiones - Rentabilidad Real Últimos 12 meses - AFP Integra,Integra,rentab_real_12m,-0.6494
Jul.2023,PN01180MM,Sistema privado de pensiones - Rentabilidad Real Últimos 12 meses - AFP Integra,Integra,rentab_real_12m,-0.2016
Ago.2023,PN01180MM,Sistema privado de pensiones - Rentabilidad Real Últimos 12 meses - AFP Integra,Integra,rentab_real_12m,2.2245
Sep.2023,PN01180MM,Sistema privado de pensiones - Rentabilidad Real Últimos 12 meses - AFP Integra,Integra,rentab_real_12m,2.4471
Oct.2023,PN01180MM,Sistema privado de pensiones - Rentabilidad Real Últimos 12 meses - AFP Integra,Integra,rentab_real_12m,-0.3663
Nov.2023,PN01180MM,Sistema privado de pensiones - Rentabilidad Real Últimos 12 meses - AFP Integra,Integra,rentab_real_12m,-0.8673
Dic.2023,PN01180MM,Sistema privado de pensiones - Rentabilidad Real Últimos 12 meses - AFP Integra,Integra,rentab_real_12m,5.5771
Ene.2024,PN01180MM,Sistema privado de pensiones - Rentabilidad Real Últimos 12 meses - AFP Integra,Integra,rentab_real_12m,4.586
Feb.2024,PN01180MM,Sistema privado de pensiones - Rentabilidad Real Últimos 12 meses - AFP Integra,Integra,rentab_real_12m,6.6631
Mar.2024,PN01180MM,Sistema privado de pensiones - Rentabilidad Real Últimos 12 meses - AFP Integra,Integra,rentab_real_12m,4.7592
Abr.2024,PN01180MM,Sistema privado de pensiones - Rentabilidad Real Últimos 12 meses - AFP Integra,Integra,rentab_real_12m,4.1312
May.2024,PN01180MM,Sistema privado de pensiones - Rentabilidad Real Últimos 12 meses - AFP Integra,Integra,rentab_real_12m,6.6868
Jun.2024,PN01180MM,Sistema privado de pensiones - Rentabilidad Real Últimos 12 meses - AFP Integra,Integra,rentab_real_12m,5.7489
Jul.2024,PN01180MM,Sistema privado de pensiones - Rentabilidad Real Últimos 12 meses - AFP Integra,Integra,rentab_real_12m,3.9556
Ago.2024,PN01180MM,Sistema privado de pensiones - Rentabilidad Real Últimos 12 meses - AFP Integra,Integra,rentab_real_12m,4.7012
Sep.2024,PN01180MM,Sistema privado de pensiones - Rentabilidad Real Últimos 12 meses - AFP Integra,Integra,rentab_real_12m,7.4734
Oct.2024,PN01180MM,Sistema privado de pensiones - Rentabilidad Real Últimos 12 meses - AFP Integra,Integra,rentab_real_12m,7.7124
Nov.2024,PN01180MM,Sistema privado de pensiones - Rentabilidad Real Últimos 12 meses - AFP Integra,Integra,rentab_real_12m,6.8864
Dic.2024,PN01180MM,Sistema privado de pensiones - Rentabilidad Real Últimos 12 meses - AFP Integra,Integra,rentab_real_12m,2.9693
Ene.2025,PN01180MM,Sistema privado de pensiones - Rentabilidad Real Últimos 12 meses - AFP Integra,Integra,rentab_real_12m,1.9713
Feb.2025,PN01180MM,Sistema privado de pensiones - Rentabilidad Real Últimos 12 meses - AFP Integra,Integra,rentab_real_12m,0.0457
Mar.2025,PN01180MM,Sistema privado de pensiones - Rentabilidad Real Últimos 12 meses - AFP Integra,Integra,rentab_real_12m,0.4699
Abr.2025,PN01180MM,Sistema privado de pensiones - Rentabilidad Real Últimos 12 meses - AFP Integra,Integra,rentab_real_12m,0.8919
May.2025,PN01180MM,Sistema privado de pensiones - Rentabilidad Real Últimos 12 meses - AFP Integra,Integra,rentab_real_12m,-0.0418
Jun.2025,PN01180MM,Sistema privado de pensiones - Rentabilidad Real Últimos 12 meses - AFP Integra,Integra,rentab_real_12m,1.4351
Jul.2025,PN01180MM,Sistema privado de pensiones - Rentabilidad Real Últimos 12 meses - AFP Integra,Integra,rentab_real_12m,3.3485
Ago.2025,PN01180MM,Sistema privado de pensiones - Rentabilidad Real Últimos 12 meses - AFP Integra,Integra,rentab_real_12m,4.22
Sep.2025,PN01180MM,Sistema privado de pensiones - Rentabilidad Real Últimos 12 meses - AFP Integra,Integra,rentab_real_12m,5.1998
Oct.2025,PN01180MM,Sistema privado de pensiones - Rentabilidad Real Últimos 12 meses - AFP Integra,Integra,rentab_real_12m,4.854
Nov.2025,PN01180MM,Sistema privado de pensiones - Rentabilidad Real Últimos 12 meses - AFP Integra,Integra,rentab_real_12m,4.4876
Dic.2025,PN01180MM,Sistema privado de pensiones - Rentabilidad Real Últimos 12 meses - AFP Integra,Integra,rentab_real_12m,8.9353
Ene.2010,PN01181MM,Sistema privado de pensiones - Rentabilidad Real Últimos 12 meses - AFP Prima,Prima,rentab_real_12m,29.9311
Feb.2010,PN01181MM,Sistema privado de pensiones - Rentabilidad Real Últimos 12 meses - AFP Prima,Prima,rentab_real_12m,26.9829
Mar.2010,PN01181MM,Sistema privado de pensiones - Rentabilidad Real Últimos 12 meses - AFP Prima,Prima,rentab_real_12m,30.1461
Abr.2010,PN01181MM,Sistema privado de pensiones - Rentabilidad Real Últimos 12 meses - AFP Prima,Prima,rentab_real_12m,25.8986
May.2010,PN01181MM,Sistema privado de pensiones - Rentabilidad Real Últimos 12 meses - AFP Prima,Prima,rentab_real_12m,18.0826
Jun.2010,PN01181MM,Sistema privado de pensiones - Rentabilidad Real Últimos 12 meses - AFP Prima,Prima,rentab_real_12m,14.096
Jul.2010,PN01181MM,Sistema privado de pensiones - Rentabilidad Real Últimos 12 meses - AFP Prima,Prima,rentab_real_12m,14.3702
Ago.2010,PN01181MM,Sistema privado de pensiones - Rentabilidad Real Últimos 12 meses - AFP Prima,Prima,rentab_real_12m,13.586
Sep.2010,PN01181MM,Sistema privado de pensiones - Rentabilidad Real Últimos 12 meses - AFP Prima,Prima,rentab_real_12m,13.1229
Oct.2010,PN01181MM,Sistema privado de pensiones - Rentabilidad Real Últimos 12 meses - AFP Prima,Prima,rentab_real_12m,15.7982
Nov.2010,PN01181MM,Sistema privado de pensiones - Rentabilidad Real Últimos 12 meses - AFP Prima,Prima,rentab_real_12m,16.9963
Dic.2010,PN01181MM,Sistema privado de pensiones - Rentabilidad Real Últimos 12 meses - AFP Prima,Prima,rentab_real_12m,18.6425
Ene.2011,PN01181MM,Sistema privado de pensiones - Rentabilidad Real Últimos 12 meses - AFP Prima,Prima,rentab_real_12m,16.776
Feb.2011,PN01181MM,Sistema privado de pensiones - Rentabilidad Real Últimos 12 meses - AFP Prima,Prima,rentab_real_12m,19.4187
Mar.2011,PN01181MM,Sistema privado de pensiones - Rentabilidad Real Últimos 12 meses - AFP Prima,Prima,rentab_real_12m,13.7245
Abr.2011,PN01181MM,Sistema privado de pensiones - Rentabilidad Real Últimos 12 meses - AFP Prima,Prima,rentab_real_12m,6.797
May.2011,PN01181MM,Sistema privado de pensiones - Rentabilidad Real Últimos 12 meses - AFP Prima,Prima,rentab_real_12m,10.8862
Jun.2011,PN01181MM,Sistema privado de pensiones - Rentabilidad Real Últimos 12 meses - AFP Prima,Prima,rentab_real_12m,8.6968
Jul.2011,PN01181MM,Sistema privado de pensiones - Rentabilidad Real Últimos 12 meses - AFP Prima,Prima,rentab_real_12m,8.0445
Ago.2011,PN01181MM,Sistema privado de pensiones - Rentabilidad Real Últimos 12 meses - AFP Prima,Prima,rentab_real_12m,3.5257
Sep.2011,PN01181MM,Sistema privado de pensiones - Rentabilidad Real Últimos 12 meses - AFP Prima,Prima,rentab_real_12m,-0.7
Oct.2011,PN01181MM,Sistema privado de pensiones - Rentabilidad Real Últimos 12 meses - AFP Prima,Prima,rentab_real_12m,-8.8938
Nov.2011,PN01181MM,Sistema privado de pensiones - Rentabilidad Real Últimos 12 meses - AFP Prima,Prima,rentab_real_12m,-9.2246
Dic.2011,PN01181MM,Sistema privado de pensiones - Rentabilidad Real Últimos 12 meses - AFP Prima,Prima,rentab_real_12m,-11.3351
Ene.2012,PN01181MM,Sistema privado de pensiones - Rentabilidad Real Últimos 12 meses - AFP Prima,Prima,rentab_real_12m,-7.682
Feb.2012,PN01181MM,Sistema privado de pensiones - Rentabilidad Real Últimos 12 meses - AFP Prima,Prima,rentab_real_12m,-3.2175
Mar.2012,PN01181MM,Sistema privado de pensiones - Rentabilidad Real Últimos 12 meses - AFP Prima,Prima,rentab_real_12m,-0.9194
Abr.2012,PN01181MM,Sistema privado de pensiones - Rentabilidad Real Últimos 12 meses - AFP Prima,Prima,rentab_real_12m,1.8609
May.2012,PN01181MM,Sistema privado de pensiones - Rentabilidad Real Últimos 12 meses - AFP Prima,Prima,rentab_real_12m,-1.2538
Jun.2012,PN01181MM,Sistema privado de pensiones - Rentabilidad Real Últimos 12 meses - AFP Prima,Prima,rentab_real_12m,0.705
Jul.2012,PN01181MM,Sistema privado de pensiones - Rentabilidad Real Últimos 12 meses - AFP Prima,Prima,rentab_real_12m,0.9445
Ago.2012,PN01181MM,Sistema privado de pensiones - Rentabilidad Real Últimos 12 meses - AFP Prima,Prima,rentab_real_12m,1.8062
Sep.2012,PN01181MM,Sistema privado de pensiones - Rentabilidad Real Últimos 12 meses - AFP Prima,Prima,rentab_real_12m,4.4546
Oct.2012,PN01181MM,Sistema privado de pensiones - Rentabilidad Real Últimos 12 meses - AFP Prima,Prima,rentab_real_12m,8.5003
Nov.2012,PN01181MM,Sistema privado de pensiones - Rentabilidad Real Últimos 12 meses - AFP Prima,Prima,rentab_real_12m,7.2574
Dic.2012,PN01181MM,Sistema privado de pensiones - Rentabilidad Real Últimos 12 meses - AFP Prima,Prima,rentab_real_12m,9.4579
Ene.2013,PN01181MM,Sistema privado de pensiones - Rentabilidad Real Últimos 12 meses - AFP Prima,Prima,rentab_real_12m,9.0474
Feb.2013,PN01181MM,Sistema privado de pensiones - Rentabilidad Real Últimos 12 meses - AFP Prima,Prima,rentab_real_12m,5.1673
Mar.2013,PN01181MM,Sistema privado de pensiones - Rentabilidad Real Últimos 12 meses - AFP Prima,Prima,rentab_real_12m,4.2026
Abr.2013,PN01181MM,Sistema privado de pensiones - Rentabilidad Real Últimos 12 meses - AFP Prima,Prima,rentab_real_12m,3.3126
May.2013,PN01181MM,Sistema privado de pensiones - Rentabilidad Real Últimos 12 meses - AFP Prima,Prima,rentab_real_12m,5.1411
Jun.2013,PN01181MM,Sistema privado de pensiones - Rentabilidad Real Últimos 12 meses - AFP Prima,Prima,rentab_real_12m,0.2378
Jul.2013,PN01181MM,Sistema privado de pensiones - Rentabilidad Real Últimos 12 meses - AFP Prima,Prima,rentab_real_12m,-2.4013
Ago.2013,PN01181MM,Sistema privado de pensiones - Rentabilidad Real Últimos 12 meses - AFP Prima,Prima,rentab_real_12m,-2.6649
Sep.2013,PN01181MM,Sistema privado de pensiones - Rentabilidad Real Últimos 12 meses - AFP Prima,Prima,rentab_real_12m,-4.3503
Oct.2013,PN01181MM,Sistema privado de pensiones - Rentabilidad Real Últimos 12 meses - AFP Prima,Prima,rentab_real_12m,-3.8284
Nov.2013,PN01181MM,Sistema privado de pensiones - Rentabilidad Real Últimos 12 meses - AFP Prima,Prima,rentab_real_12m,-3.4522
Dic.2013,PN01181MM,Sistema privado de pensiones - Rentabilidad Real Últimos 12 meses - AFP Prima,Prima,rentab_real_12m,-5.1427
Ene.2014,PN01181MM,Sistema privado de pensiones - Rentabilidad Real Últimos 12 meses - AFP Prima,Prima,rentab_real_12m,-6.4413
Feb.2014,PN01181MM,Sistema privado de pensiones - Rentabilidad Real Últimos 12 meses - AFP Prima,Prima,rentab_real_12m,-8.0456
Mar.2014,PN01181MM,Sistema privado de pensiones - Rentabilidad Real Últimos 12 meses - AFP Prima,Prima,rentab_real_12m,-6.8356
Abr.2014,PN01181MM,Sistema privado de pensiones - Rentabilidad Real Últimos 12 meses - AFP Prima,Prima,rentab_real_12m,-5.4903
May.2014,PN01181MM,Sistema privado de pensiones - Rentabilidad Real Últimos 12 meses - AFP Prima,Prima,rentab_real_12m,-3.7866
Jun.2014,PN01181MM,Sistema privado de pensiones - Rentabilidad Real Últimos 12 meses - AFP Prima,Prima,rentab_real_12m,2.6345
Jul.2014,PN01181MM,Sistema privado de pensiones - Rentabilidad Real Últimos 12 meses - AFP Prima,Prima,rentab_real_12m,5.0288
Ago.2014,PN01181MM,Sistema privado de pensiones - Rentabilidad Real Últimos 12 meses - AFP Prima,Prima,rentab_real_12m,6.2964
Sep.2014,PN01181MM,Sistema privado de pensiones - Rentabilidad Real Últimos 12 meses - AFP Prima,Prima,rentab_real_12m,7.583
Oct.2014,PN01181MM,Sistema privado de pensiones - Rentabilidad Real Últimos 12 meses - AFP Prima,Prima,rentab_real_12m,4.1809
Nov.2014,PN01181MM,Sistema privado de pensiones - Rentabilidad Real Últimos 12 meses - AFP Prima,Prima,rentab_real_12m,5.4201
Dic.2014,PN01181MM,Sistema privado de pensiones - Rentabilidad Real Últimos 12 meses - AFP Prima,Prima,rentab_real_12m,6.1866
Ene.2015,PN01181MM,Sistema privado de pensiones - Rentabilidad Real Últimos 12 meses - AFP Prima,Prima,rentab_real_12m,5.3602
Feb.2015,PN01181MM,Sistema privado de pensiones - Rentabilidad Real Últimos 12 meses - AFP Prima,Prima,rentab_real_12m,9.7245
Mar.2015,PN01181MM,Sistema privado de pensiones - Rentabilidad Real Últimos 12 meses - AFP Prima,Prima,rentab_real_12m,7.8799
Abr.2015,PN01181MM,Sistema privado de pensiones - Rentabilidad Real Últimos 12 meses - AFP Prima,Prima,rentab_real_12m,8.7094
May.2015,PN01181MM,Sistema privado de pensiones - Rentabilidad Real Últimos 12 meses - AFP Prima,Prima,rentab_real_12m,7.2856
Jun.2015,PN01181MM,Sistema privado de pensiones - Rentabilidad Real Últimos 12 meses - AFP Prima,Prima,rentab_real_12m,5.0191
Jul.2015,PN01181MM,Sistema privado de pensiones - Rentabilidad Real Últimos 12 meses - AFP Prima,Prima,rentab_real_12m,3.6398
Ago.2015,PN01181MM,Sistema privado de pensiones - Rentabilidad Real Últimos 12 meses - AFP Prima,Prima,rentab_real_12m,1.3344
Sep.2015,PN01181MM,Sistema privado de pensiones - Rentabilidad Real Últimos 12 meses - AFP Prima,Prima,rentab_real_12m,-3.7191
Oct.2015,PN01181MM,Sistema privado de pensiones - Rentabilidad Real Últimos 12 meses - AFP Prima,Prima,rentab_real_12m,0.2297
Nov.2015,PN01181MM,Sistema privado de pensiones - Rentabilidad Real Últimos 12 meses - AFP Prima,Prima,rentab_real_12m,1.1686
Dic.2015,PN01181MM,Sistema privado de pensiones - Rentabilidad Real Últimos 12 meses - AFP Prima,Prima,rentab_real_12m,0.4876
Ene.2016,PN01181MM,Sistema privado de pensiones - Rentabilidad Real Últimos 12 meses - AFP Prima,Prima,rentab_real_12m,-2.6628
Feb.2016,PN01181MM,Sistema privado de pensiones - Rentabilidad Real Últimos 12 meses - AFP Prima,Prima,rentab_real_12m,-4.9146
Mar.2016,PN01181MM,Sistema privado de pensiones - Rentabilidad Real Últimos 12 meses - AFP Prima,Prima,rentab_real_12m,-1.2314
Abr.2016,PN01181MM,Sistema privado de pensiones - Rentabilidad Real Últimos 12 meses - AFP Prima,Prima,rentab_real_12m,-1.6254
May.2016,PN01181MM,Sistema privado de pensiones - Rentabilidad Real Últimos 12 meses - AFP Prima,Prima,rentab_real_12m,0.2421
Jun.2016,PN01181MM,Sistema privado de pensiones - Rentabilidad Real Últimos 12 meses - AFP Prima,Prima,rentab_real_12m,0.6759
Jul.2016,PN01181MM,Sistema privado de pensiones - Rentabilidad Real Últimos 12 meses - AFP Prima,Prima,rentab_real_12m,3.2868
Ago.2016,PN01181MM,Sistema privado de pensiones - Rentabilidad Real Últimos 12 meses - AFP Prima,Prima,rentab_real_12m,7.3479
Sep.2016,PN01181MM,Sistema privado de pensiones - Rentabilidad Real Últimos 12 meses - AFP Prima,Prima,rentab_real_12m,12.4819
Oct.2016,PN01181MM,Sistema privado de pensiones - Rentabilidad Real Últimos 12 meses - AFP Prima,Prima,rentab_real_12m,10.2416
Nov.2016,PN01181MM,Sistema privado de pensiones - Rentabilidad Real Últimos 12 meses - AFP Prima,Prima,rentab_real_12m,5.9733
Dic.2016,PN01181MM,Sistema privado de pensiones - Rentabilidad Real Últimos 12 meses - AFP Prima,Prima,rentab_real_12m,6.7272
Ene.2017,PN01181MM,Sistema privado de pensiones - Rentabilidad Real Últimos 12 meses - AFP Prima,Prima,rentab_real_12m,10.0911
Feb.2017,PN01181MM,Sistema privado de pensiones - Rentabilidad Real Últimos 12 meses - AFP Prima,Prima,rentab_real_12m,9.299
Mar.2017,PN01181MM,Sistema privado de pensiones - Rentabilidad Real Últimos 12 meses - AFP Prima,Prima,rentab_real_12m,6.0428
Abr.2017,PN01181MM,Sistema privado de pensiones - Rentabilidad Real Últimos 12 meses - AFP Prima,Prima,rentab_real_12m,6.35
May.2017,PN01181MM,Sistema privado de pensiones - Rentabilidad Real Últimos 12 meses - AFP Prima,Prima,rentab_real_12m,7.453
Jun.2017,PN01181MM,Sistema privado de pensiones - Rentabilidad Real Últimos 12 meses - AFP Prima,Prima,rentab_real_12m,8.7785
Jul.2017,PN01181MM,Sistema privado de pensiones - Rentabilidad Real Últimos 12 meses - AFP Prima,Prima,rentab_real_12m,6.946
Ago.2017,PN01181MM,Sistema privado de pensiones - Rentabilidad Real Últimos 12 meses - AFP Prima,Prima,rentab_real_12m,4.9581
Sep.2017,PN01181MM,Sistema privado de pensiones - Rentabilidad Real Últimos 12 meses - AFP Prima,Prima,rentab_real_12m,6.0227
Oct.2017,PN01181MM,Sistema privado de pensiones - Rentabilidad Real Últimos 12 meses - AFP Prima,Prima,rentab_real_12m,8.5635
Nov.2017,PN01181MM,Sistema privado de pensiones - Rentabilidad Real Últimos 12 meses - AFP Prima,Prima,rentab_real_12m,10.5511
Dic.2017,PN01181MM,Sistema privado de pensiones - Rentabilidad Real Últimos 12 meses - AFP Prima,Prima,rentab_real_12m,10.6538
Ene.2018,PN01181MM,Sistema privado de pensiones - Rentabilidad Real Últimos 12 meses - AFP Prima,Prima,rentab_real_12m,14.0974
Feb.2018,PN01181MM,Sistema privado de pensiones - Rentabilidad Real Últimos 12 meses - AFP Prima,Prima,rentab_real_12m,13.7605
Mar.2018,PN01181MM,Sistema privado de pensiones - Rentabilidad Real Últimos 12 meses - AFP Prima,Prima,rentab_real_12m,13.3966
Abr.2018,PN01181MM,Sistema privado de pensiones - Rentabilidad Real Últimos 12 meses - AFP Prima,Prima,rentab_real_12m,11.6047
May.2018,PN01181MM,Sistema privado de pensiones - Rentabilidad Real Últimos 12 meses - AFP Prima,Prima,rentab_real_12m,8.1316
Jun.2018,PN01181MM,Sistema privado de pensiones - Rentabilidad Real Últimos 12 meses - AFP Prima,Prima,rentab_real_12m,5.4291
Jul.2018,PN01181MM,Sistema privado de pensiones - Rentabilidad Real Últimos 12 meses - AFP Prima,Prima,rentab_real_12m,5.3264
Ago.2018,PN01181MM,Sistema privado de pensiones - Rentabilidad Real Últimos 12 meses - AFP Prima,Prima,rentab_real_12m,5.5652
Sep.2018,PN01181MM,Sistema privado de pensiones - Rentabilidad Real Últimos 12 meses - AFP Prima,Prima,rentab_real_12m,3.3691
Oct.2018,PN01181MM,Sistema privado de pensiones - Rentabilidad Real Últimos 12 meses - AFP Prima,Prima,rentab_real_12m,-1.0007
Nov.2018,PN01181MM,Sistema privado de pensiones - Rentabilidad Real Últimos 12 meses - AFP Prima,Prima,rentab_real_12m,-1.7549
Dic.2018,PN01181MM,Sistema privado de pensiones - Rentabilidad Real Últimos 12 meses - AFP Prima,Prima,rentab_real_12m,-3.0145
Ene.2019,PN01181MM,Sistema privado de pensiones - Rentabilidad Real Últimos 12 meses - AFP Prima,Prima,rentab_real_12m,-4.7104
Feb.2019,PN01181MM,Sistema privado de pensiones - Rentabilidad Real Últimos 12 meses - AFP Prima,Prima,rentab_real_12m,-2.1251
Mar.2019,PN01181MM,Sistema privado de pensiones - Rentabilidad Real Últimos 12 meses - AFP Prima,Prima,rentab_real_12m,-1.0198
Abr.2019,PN01181MM,Sistema privado de pensiones - Rentabilidad Real Últimos 12 meses - AFP Prima,Prima,rentab_real_12m,0.8083
May.2019,PN01181MM,Sistema privado de pensiones - Rentabilidad Real Últimos 12 meses - AFP Prima,Prima,rentab_real_12m,0.5645
Jun.2019,PN01181MM,Sistema privado de pensiones - Rentabilidad Real Últimos 12 meses - AFP Prima,Prima,rentab_real_12m,3.2182
Jul.2019,PN01181MM,Sistema privado de pensiones - Rentabilidad Real Últimos 12 meses - AFP Prima,Prima,rentab_real_12m,5.1346
Ago.2019,PN01181MM,Sistema privado de pensiones - Rentabilidad Real Últimos 12 meses - AFP Prima,Prima,rentab_real_12m,4.1881
Sep.2019,PN01181MM,Sistema privado de pensiones - Rentabilidad Real Últimos 12 meses - AFP Prima,Prima,rentab_real_12m,5.556
Oct.2019,PN01181MM,Sistema privado de pensiones - Rentabilidad Real Últimos 12 meses - AFP Prima,Prima,rentab_real_12m,8.1912
Nov.2019,PN01181MM,Sistema privado de pensiones - Rentabilidad Real Últimos 12 meses - AFP Prima,Prima,rentab_real_12m,9.1454
Dic.2019,PN01181MM,Sistema privado de pensiones - Rentabilidad Real Últimos 12 meses - AFP Prima,Prima,rentab_real_12m,10.9687
Ene.2020,PN01181MM,Sistema privado de pensiones - Rentabilidad Real Últimos 12 meses - AFP Prima,Prima,rentab_real_12m,10.8083
Feb.2020,PN01181MM,Sistema privado de pensiones - Rentabilidad Real Últimos 12 meses - AFP Prima,Prima,rentab_real_12m,8.9721
Mar.2020,PN01181MM,Sistema privado de pensiones - Rentabilidad Real Últimos 12 meses - AFP Prima,Prima,rentab_real_12m,-3.5305
Abr.2020,PN01181MM,Sistema privado de pensiones - Rentabilidad Real Últimos 12 meses - AFP Prima,Prima,rentab_real_12m,-7.622
May.2020,PN01181MM,Sistema privado de pensiones - Rentabilidad Real Últimos 12 meses - AFP Prima,Prima,rentab_real_12m,-3.1189
Jun.2020,PN01181MM,Sistema privado de pensiones - Rentabilidad Real Últimos 12 meses - AFP Prima,Prima,rentab_real_12m,0.0002
Jul.2020,PN01181MM,Sistema privado de pensiones - Rentabilidad Real Últimos 12 meses - AFP Prima,Prima,rentab_real_12m,-0.1897
Ago.2020,PN01181MM,Sistema privado de pensiones - Rentabilidad Real Últimos 12 meses - AFP Prima,Prima,rentab_real_12m,2.5509
Sep.2020,PN01181MM,Sistema privado de pensiones - Rentabilidad Real Últimos 12 meses - AFP Prima,Prima,rentab_real_12m,1.3842
Oct.2020,PN01181MM,Sistema privado de pensiones - Rentabilidad Real Últimos 12 meses - AFP Prima,Prima,rentab_real_12m,1.2964
Nov.2020,PN01181MM,Sistema privado de pensiones - Rentabilidad Real Últimos 12 meses - AFP Prima,Prima,rentab_real_12m,3.3162
Dic.2020,PN01181MM,Sistema privado de pensiones - Rentabilidad Real Últimos 12 meses - AFP Prima,Prima,rentab_real_12m,6.785
Ene.2021,PN01181MM,Sistema privado de pensiones - Rentabilidad Real Últimos 12 meses - AFP Prima,Prima,rentab_real_12m,7.7816
Feb.2021,PN01181MM,Sistema privado de pensiones - Rentabilidad Real Últimos 12 meses - AFP Prima,Prima,rentab_real_12m,9.3017
Mar.2021,PN01181MM,Sistema privado de pensiones - Rentabilidad Real Últimos 12 meses - AFP Prima,Prima,rentab_real_12m,19.3459
Abr.2021,PN01181MM,Sistema privado de pensiones - Rentabilidad Real Últimos 12 meses - AFP Prima,Prima,rentab_real_12m,21.8846
May.2021,PN01181MM,Sistema privado de pensiones - Rentabilidad Real Últimos 12 meses - AFP Prima,Prima,rentab_real_12m,18.3278
Jun.2021,PN01181MM,Sistema privado de pensiones - Rentabilidad Real Últimos 12 meses - AFP Prima,Prima,rentab_real_12m,13.4621
Jul.2021,PN01181MM,Sistema privado de pensiones - Rentabilidad Real Últimos 12 meses - AFP Prima,Prima,rentab_real_12m,9.0981
Ago.2021,PN01181MM,Sistema privado de pensiones - Rentabilidad Real Últimos 12 meses - AFP Prima,Prima,rentab_real_12m,4.3911
Sep.2021,PN01181MM,Sistema privado de pensiones - Rentabilidad Real Últimos 12 meses - AFP Prima,Prima,rentab_real_12m,6.13
Oct.2021,PN01181MM,Sistema privado de pensiones - Rentabilidad Real Últimos 12 meses - AFP Prima,Prima,rentab_real_12m,6.1717
Nov.2021,PN01181MM,Sistema privado de pensiones - Rentabilidad Real Últimos 12 meses - AFP Prima,Prima,rentab_real_12m,4.9557
Dic.2021,PN01181MM,Sistema privado de pensiones - Rentabilidad Real Últimos 12 meses - AFP Prima,Prima,rentab_real_12m,-0.0754
Ene.2022,PN01181MM,Sistema privado de pensiones - Rentabilidad Real Últimos 12 meses - AFP Prima,Prima,rentab_real_12m,-2.4594
Feb.2022,PN01181MM,Sistema privado de pensiones - Rentabilidad Real Últimos 12 meses - AFP Prima,Prima,rentab_real_12m,-5.1861
Mar.2022,PN01181MM,Sistema privado de pensiones - Rentabilidad Real Últimos 12 meses - AFP Prima,Prima,rentab_real_12m,-5.3916
Abr.2022,PN01181MM,Sistema privado de pensiones - Rentabilidad Real Últimos 12 meses - AFP Prima,Prima,rentab_real_12m,-7.3143
May.2022,PN01181MM,Sistema privado de pensiones - Rentabilidad Real Últimos 12 meses - AFP Prima,Prima,rentab_real_12m,-12.4124
Jun.2022,PN01181MM,Sistema privado de pensiones - Rentabilidad Real Últimos 12 meses - AFP Prima,Prima,rentab_real_12m,-14.5448
Jul.2022,PN01181MM,Sistema privado de pensiones - Rentabilidad Real Últimos 12 meses - AFP Prima,Prima,rentab_real_12m,-14.6926
Ago.2022,PN01181MM,Sistema privado de pensiones - Rentabilidad Real Últimos 12 meses - AFP Prima,Prima,rentab_real_12m,-11.4387
Sep.2022,PN01181MM,Sistema privado de pensiones - Rentabilidad Real Últimos 12 meses - AFP Prima,Prima,rentab_real_12m,-15.2986
Oct.2022,PN01181MM,Sistema privado de pensiones - Rentabilidad Real Últimos 12 meses - AFP Prima,Prima,rentab_real_12m,-16.1372
Nov.2022,PN01181MM,Sistema privado de pensiones - Rentabilidad Real Últimos 12 meses - AFP Prima,Prima,rentab_real_12m,-15.0104
Dic.2022,PN01181MM,Sistema privado de pensiones - Rentabilidad Real Últimos 12 meses - AFP Prima,Prima,rentab_real_12m,-14.2715
Ene.2023,PN01181MM,Sistema privado de pensiones - Rentabilidad Real Últimos 12 meses - AFP Prima,Prima,rentab_real_12m,-11.808
Feb.2023,PN01181MM,Sistema privado de pensiones - Rentabilidad Real Últimos 12 meses - AFP Prima,Prima,rentab_real_12m,-12.5095
Mar.2023,PN01181MM,Sistema privado de pensiones - Rentabilidad Real Últimos 12 meses - AFP Prima,Prima,rentab_real_12m,-9.7663
Abr.2023,PN01181MM,Sistema privado de pensiones - Rentabilidad Real Últimos 12 meses - AFP Prima,Prima,rentab_real_12m,-6.2607
May.2023,PN01181MM,Sistema privado de pensiones - Rentabilidad Real Últimos 12 meses - AFP Prima,Prima,rentab_real_12m,-4.7641
Jun.2023,PN01181MM,Sistema privado de pensiones - Rentabilidad Real Últimos 12 meses - AFP Prima,Prima,rentab_real_12m,1.2771
Jul.2023,PN01181MM,Sistema privado de pensiones - Rentabilidad Real Últimos 12 meses - AFP Prima,Prima,rentab_real_12m,2.5444
Ago.2023,PN01181MM,Sistema privado de pensiones - Rentabilidad Real Últimos 12 meses - AFP Prima,Prima,rentab_real_12m,3.8816
Sep.2023,PN01181MM,Sistema privado de pensiones - Rentabilidad Real Últimos 12 meses - AFP Prima,Prima,rentab_real_12m,4.8715
Oct.2023,PN01181MM,Sistema privado de pensiones - Rentabilidad Real Últimos 12 meses - AFP Prima,Prima,rentab_real_12m,2.4421
Nov.2023,PN01181MM,Sistema privado de pensiones - Rentabilidad Real Últimos 12 meses - AFP Prima,Prima,rentab_real_12m,0.6055
Dic.2023,PN01181MM,Sistema privado de pensiones - Rentabilidad Real Últimos 12 meses - AFP Prima,Prima,rentab_real_12m,6.8746
Ene.2024,PN01181MM,Sistema privado de pensiones - Rentabilidad Real Últimos 12 meses - AFP Prima,Prima,rentab_real_12m,5.7846
Feb.2024,PN01181MM,Sistema privado de pensiones - Rentabilidad Real Últimos 12 meses - AFP Prima,Prima,rentab_real_12m,8.1456
Mar.2024,PN01181MM,Sistema privado de pensiones - Rentabilidad Real Últimos 12 meses - AFP Prima,Prima,rentab_real_12m,5.5289
Abr.2024,PN01181MM,Sistema privado de pensiones - Rentabilidad Real Últimos 12 meses - AFP Prima,Prima,rentab_real_12m,4.9692
May.2024,PN01181MM,Sistema privado de pensiones - Rentabilidad Real Últimos 12 meses - AFP Prima,Prima,rentab_real_12m,7.193
Jun.2024,PN01181MM,Sistema privado de pensiones - Rentabilidad Real Últimos 12 meses - AFP Prima,Prima,rentab_real_12m,5.8553
Jul.2024,PN01181MM,Sistema privado de pensiones - Rentabilidad Real Últimos 12 meses - AFP Prima,Prima,rentab_real_12m,3.5988
Ago.2024,PN01181MM,Sistema privado de pensiones - Rentabilidad Real Últimos 12 meses - AFP Prima,Prima,rentab_real_12m,3.5429
Sep.2024,PN01181MM,Sistema privado de pensiones - Rentabilidad Real Últimos 12 meses - AFP Prima,Prima,rentab_real_12m,6.8582
Oct.2024,PN01181MM,Sistema privado de pensiones - Rentabilidad Real Últimos 12 meses - AFP Prima,Prima,rentab_real_12m,7.075
Nov.2024,PN01181MM,Sistema privado de pensiones - Rentabilidad Real Últimos 12 meses - AFP Prima,Prima,rentab_real_12m,6.2446
Dic.2024,PN01181MM,Sistema privado de pensiones - Rentabilidad Real Últimos 12 meses - AFP Prima,Prima,rentab_real_12m,1.97
Ene.2025,PN01181MM,Sistema privado de pensiones - Rentabilidad Real Últimos 12 meses - AFP Prima,Prima,rentab_real_12m,-0.6581
Feb.2025,PN01181MM,Sistema privado de pensiones - Rentabilidad Real Últimos 12 meses - AFP Prima,Prima,rentab_real_12m,-2.5367
Mar.2025,PN01181MM,Sistema privado de pensiones - Rentabilidad Real Últimos 12 meses - AFP Prima,Prima,rentab_real_12m,-1.9212
Abr.2025,PN01181MM,Sistema privado de pensiones - Rentabilidad Real Últimos 12 meses - AFP Prima,Prima,rentab_real_12m,-1.532
May.2025,PN01181MM,Sistema privado de pensiones - Rentabilidad Real Últimos 12 meses - AFP Prima,Prima,rentab_real_12m,-2.2377
Jun.2025,PN01181MM,Sistema privado de pensiones - Rentabilidad Real Últimos 12 meses - AFP Prima,Prima,rentab_real_12m,-0.8262
Jul.2025,PN01181MM,Sistema privado de pensiones - Rentabilidad Real Últimos 12 meses - AFP Prima,Prima,rentab_real_12m,1.2901
Ago.2025,PN01181MM,Sistema privado de pensiones - Rentabilidad Real Últimos 12 meses - AFP Prima,Prima,rentab_real_12m,3.7808
Sep.2025,PN01181MM,Sistema privado de pensiones - Rentabilidad Real Últimos 12 meses - AFP Prima,Prima,rentab_real_12m,4.5934
Oct.2025,PN01181MM,Sistema privado de pensiones - Rentabilidad Real Últimos 12 meses - AFP Prima,Prima,rentab_real_12m,4.0101
Nov.2025,PN01181MM,Sistema privado de pensiones - Rentabilidad Real Últimos 12 meses - AFP Prima,Prima,rentab_real_12m,3.5339
Dic.2025,PN01181MM,Sistema privado de pensiones - Rentabilidad Real Últimos 12 meses - AFP Prima,Prima,rentab_real_12m,8.1046
Ene.2010,PN01182MM,Sistema privado de pensiones - Rentabilidad Real Últimos 12 meses - AFP Profuturo,Profuturo,rentab_real_12m,30.9756
Feb.2010,PN01182MM,Sistema privado de pensiones - Rentabilidad Real Últimos 12 meses - AFP Profuturo,Profuturo,rentab_real_12m,26.7568
Mar.2010,PN01182MM,Sistema privado de pensiones - Rentabilidad Real Últimos 12 meses - AFP Profuturo,Profuturo,rentab_real_12m,28.7267
Abr.2010,PN01182MM,Sistema privado de pensiones - Rentabilidad Real Últimos 12 meses - AFP Profuturo,Profuturo,rentab_real_12m,23.5886
May.2010,PN01182MM,Sistema privado de pensiones - Rentabilidad Real Últimos 12 meses - AFP Profuturo,Profuturo,rentab_real_12m,15.7399
Jun.2010,PN01182MM,Sistema privado de pensiones - Rentabilidad Real Últimos 12 meses - AFP Profuturo,Profuturo,rentab_real_12m,11.9201
Jul.2010,PN01182MM,Sistema privado de pensiones - Rentabilidad Real Últimos 12 meses - AFP Profuturo,Profuturo,rentab_real_12m,13.0753
Ago.2010,PN01182MM,Sistema privado de pensiones - Rentabilidad Real Últimos 12 meses - AFP Profuturo,Profuturo,rentab_real_12m,12.8565
Sep.2010,PN01182MM,Sistema privado de pensiones - Rentabilidad Real Últimos 12 meses - AFP Profuturo,Profuturo,rentab_real_12m,12.0727
Oct.2010,PN01182MM,Sistema privado de pensiones - Rentabilidad Real Últimos 12 meses - AFP Profuturo,Profuturo,rentab_real_12m,14.9059
Nov.2010,PN01182MM,Sistema privado de pensiones - Rentabilidad Real Últimos 12 meses - AFP Profuturo,Profuturo,rentab_real_12m,16.0711
Dic.2010,PN01182MM,Sistema privado de pensiones - Rentabilidad Real Últimos 12 meses - AFP Profuturo,Profuturo,rentab_real_12m,17.1032
Ene.2011,PN01182MM,Sistema privado de pensiones - Rentabilidad Real Últimos 12 meses - AFP Profuturo,Profuturo,rentab_real_12m,15.4354
Feb.2011,PN01182MM,Sistema privado de pensiones - Rentabilidad Real Últimos 12 meses - AFP Profuturo,Profuturo,rentab_real_12m,18.5602
Mar.2011,PN01182MM,Sistema privado de pensiones - Rentabilidad Real Últimos 12 meses - AFP Profuturo,Profuturo,rentab_real_12m,13.295
Abr.2011,PN01182MM,Sistema privado de pensiones - Rentabilidad Real Últimos 12 meses - AFP Profuturo,Profuturo,rentab_real_12m,6.0735
May.2011,PN01182MM,Sistema privado de pensiones - Rentabilidad Real Últimos 12 meses - AFP Profuturo,Profuturo,rentab_real_12m,10.2208
Jun.2011,PN01182MM,Sistema privado de pensiones - Rentabilidad Real Últimos 12 meses - AFP Profuturo,Profuturo,rentab_real_12m,8.6738
Jul.2011,PN01182MM,Sistema privado de pensiones - Rentabilidad Real Últimos 12 meses - AFP Profuturo,Profuturo,rentab_real_12m,8.3607
Ago.2011,PN01182MM,Sistema privado de pensiones - Rentabilidad Real Últimos 12 meses - AFP Profuturo,Profuturo,rentab_real_12m,3.2788
Sep.2011,PN01182MM,Sistema privado de pensiones - Rentabilidad Real Últimos 12 meses - AFP Profuturo,Profuturo,rentab_real_12m,-0.8
Oct.2011,PN01182MM,Sistema privado de pensiones - Rentabilidad Real Últimos 12 meses - AFP Profuturo,Profuturo,rentab_real_12m,-8.7104
Nov.2011,PN01182MM,Sistema privado de pensiones - Rentabilidad Real Últimos 12 meses - AFP Profuturo,Profuturo,rentab_real_12m,-8.9217
Dic.2011,PN01182MM,Sistema privado de pensiones - Rentabilidad Real Últimos 12 meses - AFP Profuturo,Profuturo,rentab_real_12m,-10.1884
Ene.2012,PN01182MM,Sistema privado de pensiones - Rentabilidad Real Últimos 12 meses - AFP Profuturo,Profuturo,rentab_real_12m,-6.4356
Feb.2012,PN01182MM,Sistema privado de pensiones - Rentabilidad Real Últimos 12 meses - AFP Profuturo,Profuturo,rentab_real_12m,-2.1002
Mar.2012,PN01182MM,Sistema privado de pensiones - Rentabilidad Real Últimos 12 meses - AFP Profuturo,Profuturo,rentab_real_12m,-0.0985
Abr.2012,PN01182MM,Sistema privado de pensiones - Rentabilidad Real Últimos 12 meses - AFP Profuturo,Profuturo,rentab_real_12m,2.9032
May.2012,PN01182MM,Sistema privado de pensiones - Rentabilidad Real Últimos 12 meses - AFP Profuturo,Profuturo,rentab_real_12m,-0.1181
Jun.2012,PN01182MM,Sistema privado de pensiones - Rentabilidad Real Últimos 12 meses - AFP Profuturo,Profuturo,rentab_real_12m,1.7908
Jul.2012,PN01182MM,Sistema privado de pensiones - Rentabilidad Real Últimos 12 meses - AFP Profuturo,Profuturo,rentab_real_12m,1.3213
Ago.2012,PN01182MM,Sistema privado de pensiones - Rentabilidad Real Últimos 12 meses - AFP Profuturo,Profuturo,rentab_real_12m,2.3252
Sep.2012,PN01182MM,Sistema privado de pensiones - Rentabilidad Real Últimos 12 meses - AFP Profuturo,Profuturo,rentab_real_12m,4.3946
Oct.2012,PN01182MM,Sistema privado de pensiones - Rentabilidad Real Últimos 12 meses - AFP Profuturo,Profuturo,rentab_real_12m,7.7935
Nov.2012,PN01182MM,Sistema privado de pensiones - Rentabilidad Real Últimos 12 meses - AFP Profuturo,Profuturo,rentab_real_12m,6.7796
Dic.2012,PN01182MM,Sistema privado de pensiones - Rentabilidad Real Últimos 12 meses - AFP Profuturo,Profuturo,rentab_real_12m,8.4239
Ene.2013,PN01182MM,Sistema privado de pensiones - Rentabilidad Real Últimos 12 meses - AFP Profuturo,Profuturo,rentab_real_12m,8.0445
Feb.2013,PN01182MM,Sistema privado de pensiones - Rentabilidad Real Últimos 12 meses - AFP Profuturo,Profuturo,rentab_real_12m,4.6307
Mar.2013,PN01182MM,Sistema privado de pensiones - Rentabilidad Real Últimos 12 meses - AFP Profuturo,Profuturo,rentab_real_12m,4.1941
Abr.2013,PN01182MM,Sistema privado de pensiones - Rentabilidad Real Últimos 12 meses - AFP Profuturo,Profuturo,rentab_real_12m,3.6098
May.2013,PN01182MM,Sistema privado de pensiones - Rentabilidad Real Últimos 12 meses - AFP Profuturo,Profuturo,rentab_real_12m,6.0077
Jun.2013,PN01182MM,Sistema privado de pensiones - Rentabilidad Real Últimos 12 meses - AFP Profuturo,Profuturo,rentab_real_12m,1.5729
Jul.2013,PN01182MM,Sistema privado de pensiones - Rentabilidad Real Últimos 12 meses - AFP Profuturo,Profuturo,rentab_real_12m,-0.204
Ago.2013,PN01182MM,Sistema privado de pensiones - Rentabilidad Real Últimos 12 meses - AFP Profuturo,Profuturo,rentab_real_12m,-0.0731
Sep.2013,PN01182MM,Sistema privado de pensiones - Rentabilidad Real Últimos 12 meses - AFP Profuturo,Profuturo,rentab_real_12m,-1.5524
Oct.2013,PN01182MM,Sistema privado de pensiones - Rentabilidad Real Últimos 12 meses - AFP Profuturo,Profuturo,rentab_real_12m,-1.4705
Nov.2013,PN01182MM,Sistema privado de pensiones - Rentabilidad Real Últimos 12 meses - AFP Profuturo,Profuturo,rentab_real_12m,-0.5922
Dic.2013,PN01182MM,Sistema privado de pensiones - Rentabilidad Real Últimos 12 meses - AFP Profuturo,Profuturo,rentab_real_12m,-1.9387
Ene.2014,PN01182MM,Sistema privado de pensiones - Rentabilidad Real Últimos 12 meses - AFP Profuturo,Profuturo,rentab_real_12m,-3.6914
Feb.2014,PN01182MM,Sistema privado de pensiones - Rentabilidad Real Últimos 12 meses - AFP Profuturo,Profuturo,rentab_real_12m,-5.8218
Mar.2014,PN01182MM,Sistema privado de pensiones - Rentabilidad Real Últimos 12 meses - AFP Profuturo,Profuturo,rentab_real_12m,-4.9451
Abr.2014,PN01182MM,Sistema privado de pensiones - Rentabilidad Real Últimos 12 meses - AFP Profuturo,Profuturo,rentab_real_12m,-4.5428
May.2014,PN01182MM,Sistema privado de pensiones - Rentabilidad Real Últimos 12 meses - AFP Profuturo,Profuturo,rentab_real_12m,-3.8397
Jun.2014,PN01182MM,Sistema privado de pensiones - Rentabilidad Real Últimos 12 meses - AFP Profuturo,Profuturo,rentab_real_12m,2.2031
Jul.2014,PN01182MM,Sistema privado de pensiones - Rentabilidad Real Últimos 12 meses - AFP Profuturo,Profuturo,rentab_real_12m,3.626
Ago.2014,PN01182MM,Sistema privado de pensiones - Rentabilidad Real Últimos 12 meses - AFP Profuturo,Profuturo,rentab_real_12m,4.3429
Sep.2014,PN01182MM,Sistema privado de pensiones - Rentabilidad Real Últimos 12 meses - AFP Profuturo,Profuturo,rentab_real_12m,5.421
Oct.2014,PN01182MM,Sistema privado de pensiones - Rentabilidad Real Últimos 12 meses - AFP Profuturo,Profuturo,rentab_real_12m,3.0673
Nov.2014,PN01182MM,Sistema privado de pensiones - Rentabilidad Real Últimos 12 meses - AFP Profuturo,Profuturo,rentab_real_12m,4.0676
Dic.2014,PN01182MM,Sistema privado de pensiones - Rentabilidad Real Últimos 12 meses - AFP Profuturo,Profuturo,rentab_real_12m,4.8482
Ene.2015,PN01182MM,Sistema privado de pensiones - Rentabilidad Real Últimos 12 meses - AFP Profuturo,Profuturo,rentab_real_12m,4.485
Feb.2015,PN01182MM,Sistema privado de pensiones - Rentabilidad Real Últimos 12 meses - AFP Profuturo,Profuturo,rentab_real_12m,9.2512
Mar.2015,PN01182MM,Sistema privado de pensiones - Rentabilidad Real Últimos 12 meses - AFP Profuturo,Profuturo,rentab_real_12m,8.169
Abr.2015,PN01182MM,Sistema privado de pensiones - Rentabilidad Real Últimos 12 meses - AFP Profuturo,Profuturo,rentab_real_12m,9.6494
May.2015,PN01182MM,Sistema privado de pensiones - Rentabilidad Real Últimos 12 meses - AFP Profuturo,Profuturo,rentab_real_12m,8.7989
Jun.2015,PN01182MM,Sistema privado de pensiones - Rentabilidad Real Últimos 12 meses - AFP Profuturo,Profuturo,rentab_real_12m,6.5632
Jul.2015,PN01182MM,Sistema privado de pensiones - Rentabilidad Real Últimos 12 meses - AFP Profuturo,Profuturo,rentab_real_12m,5.4341
Ago.2015,PN01182MM,Sistema privado de pensiones - Rentabilidad Real Últimos 12 meses - AFP Profuturo,Profuturo,rentab_real_12m,3.781
Sep.2015,PN01182MM,Sistema privado de pensiones - Rentabilidad Real Últimos 12 meses - AFP Profuturo,Profuturo,rentab_real_12m,-1.6791
Oct.2015,PN01182MM,Sistema privado de pensiones - Rentabilidad Real Últimos 12 meses - AFP Profuturo,Profuturo,rentab_real_12m,1.596
Nov.2015,PN01182MM,Sistema privado de pensiones - Rentabilidad Real Últimos 12 meses - AFP Profuturo,Profuturo,rentab_real_12m,2.7542
Dic.2015,PN01182MM,Sistema privado de pensiones - Rentabilidad Real Últimos 12 meses - AFP Profuturo,Profuturo,rentab_real_12m,1.8451
Ene.2016,PN01182MM,Sistema privado de pensiones - Rentabilidad Real Últimos 12 meses - AFP Profuturo,Profuturo,rentab_real_12m,-1.3772
Feb.2016,PN01182MM,Sistema privado de pensiones - Rentabilidad Real Últimos 12 meses - AFP Profuturo,Profuturo,rentab_real_12m,-3.8161
Mar.2016,PN01182MM,Sistema privado de pensiones - Rentabilidad Real Últimos 12 meses - AFP Profuturo,Profuturo,rentab_real_12m,-1.7701
Abr.2016,PN01182MM,Sistema privado de pensiones - Rentabilidad Real Últimos 12 meses - AFP Profuturo,Profuturo,rentab_real_12m,-2.3147
May.2016,PN01182MM,Sistema privado de pensiones - Rentabilidad Real Últimos 12 meses - AFP Profuturo,Profuturo,rentab_real_12m,-1.0266
Jun.2016,PN01182MM,Sistema privado de pensiones - Rentabilidad Real Últimos 12 meses - AFP Profuturo,Profuturo,rentab_real_12m,-0.8084
Jul.2016,PN01182MM,Sistema privado de pensiones - Rentabilidad Real Últimos 12 meses - AFP Profuturo,Profuturo,rentab_real_12m,1.675
Ago.2016,PN01182MM,Sistema privado de pensiones - Rentabilidad Real Últimos 12 meses - AFP Profuturo,Profuturo,rentab_real_12m,5.4429
Sep.2016,PN01182MM,Sistema privado de pensiones - Rentabilidad Real Últimos 12 meses - AFP Profuturo,Profuturo,rentab_real_12m,10.7121
Oct.2016,PN01182MM,Sistema privado de pensiones - Rentabilidad Real Últimos 12 meses - AFP Profuturo,Profuturo,rentab_real_12m,8.8304
Nov.2016,PN01182MM,Sistema privado de pensiones - Rentabilidad Real Últimos 12 meses - AFP Profuturo,Profuturo,rentab_real_12m,4.4127
Dic.2016,PN01182MM,Sistema privado de pensiones - Rentabilidad Real Últimos 12 meses - AFP Profuturo,Profuturo,rentab_real_12m,5.6856
Ene.2017,PN01182MM,Sistema privado de pensiones - Rentabilidad Real Últimos 12 meses - AFP Profuturo,Profuturo,rentab_real_12m,8.8196
Feb.2017,PN01182MM,Sistema privado de pensiones - Rentabilidad Real Últimos 12 meses - AFP Profuturo,Profuturo,rentab_real_12m,7.8258
Mar.2017,PN01182MM,Sistema privado de pensiones - Rentabilidad Real Últimos 12 meses - AFP Profuturo,Profuturo,rentab_real_12m,5.5268
Abr.2017,PN01182MM,Sistema privado de pensiones - Rentabilidad Real Últimos 12 meses - AFP Profuturo,Profuturo,rentab_real_12m,5.82
May.2017,PN01182MM,Sistema privado de pensiones - Rentabilidad Real Últimos 12 meses - AFP Profuturo,Profuturo,rentab_real_12m,7.6379
Jun.2017,PN01182MM,Sistema privado de pensiones - Rentabilidad Real Últimos 12 meses - AFP Profuturo,Profuturo,rentab_real_12m,8.9449
Jul.2017,PN01182MM,Sistema privado de pensiones - Rentabilidad Real Últimos 12 meses - AFP Profuturo,Profuturo,rentab_real_12m,7.0169
Ago.2017,PN01182MM,Sistema privado de pensiones - Rentabilidad Real Últimos 12 meses - AFP Profuturo,Profuturo,rentab_real_12m,4.9942
Sep.2017,PN01182MM,Sistema privado de pensiones - Rentabilidad Real Últimos 12 meses - AFP Profuturo,Profuturo,rentab_real_12m,5.967
Oct.2017,PN01182MM,Sistema privado de pensiones - Rentabilidad Real Últimos 12 meses - AFP Profuturo,Profuturo,rentab_real_12m,8.1452
Nov.2017,PN01182MM,Sistema privado de pensiones - Rentabilidad Real Últimos 12 meses - AFP Profuturo,Profuturo,rentab_real_12m,9.7841
Dic.2017,PN01182MM,Sistema privado de pensiones - Rentabilidad Real Últimos 12 meses - AFP Profuturo,Profuturo,rentab_real_12m,9.1628
Ene.2018,PN01182MM,Sistema privado de pensiones - Rentabilidad Real Últimos 12 meses - AFP Profuturo,Profuturo,rentab_real_12m,12.5768
Feb.2018,PN01182MM,Sistema privado de pensiones - Rentabilidad Real Últimos 12 meses - AFP Profuturo,Profuturo,rentab_real_12m,12.5043
Mar.2018,PN01182MM,Sistema privado de pensiones - Rentabilidad Real Últimos 12 meses - AFP Profuturo,Profuturo,rentab_real_12m,12.6193
Abr.2018,PN01182MM,Sistema privado de pensiones - Rentabilidad Real Últimos 12 meses - AFP Profuturo,Profuturo,rentab_real_12m,10.8207
May.2018,PN01182MM,Sistema privado de pensiones - Rentabilidad Real Últimos 12 meses - AFP Profuturo,Profuturo,rentab_real_12m,7.8946
Jun.2018,PN01182MM,Sistema privado de pensiones - Rentabilidad Real Últimos 12 meses - AFP Profuturo,Profuturo,rentab_real_12m,5.5749
Jul.2018,PN01182MM,Sistema privado de pensiones - Rentabilidad Real Últimos 12 meses - AFP Profuturo,Profuturo,rentab_real_12m,5.4181
Ago.2018,PN01182MM,Sistema privado de pensiones - Rentabilidad Real Últimos 12 meses - AFP Profuturo,Profuturo,rentab_real_12m,5.5721
Sep.2018,PN01182MM,Sistema privado de pensiones - Rentabilidad Real Últimos 12 meses - AFP Profuturo,Profuturo,rentab_real_12m,3.3784
Oct.2018,PN01182MM,Sistema privado de pensiones - Rentabilidad Real Últimos 12 meses - AFP Profuturo,Profuturo,rentab_real_12m,-0.9379
Nov.2018,PN01182MM,Sistema privado de pensiones - Rentabilidad Real Últimos 12 meses - AFP Profuturo,Profuturo,rentab_real_12m,-1.8326
Dic.2018,PN01182MM,Sistema privado de pensiones - Rentabilidad Real Últimos 12 meses - AFP Profuturo,Profuturo,rentab_real_12m,-3.4205
Ene.2019,PN01182MM,Sistema privado de pensiones - Rentabilidad Real Últimos 12 meses - AFP Profuturo,Profuturo,rentab_real_12m,-4.929
Feb.2019,PN01182MM,Sistema privado de pensiones - Rentabilidad Real Últimos 12 meses - AFP Profuturo,Profuturo,rentab_real_12m,-2.4523
Mar.2019,PN01182MM,Sistema privado de pensiones - Rentabilidad Real Últimos 12 meses - AFP Profuturo,Profuturo,rentab_real_12m,-1.6505
Abr.2019,PN01182MM,Sistema privado de pensiones - Rentabilidad Real Últimos 12 meses - AFP Profuturo,Profuturo,rentab_real_12m,0.4531
May.2019,PN01182MM,Sistema privado de pensiones - Rentabilidad Real Últimos 12 meses - AFP Profuturo,Profuturo,rentab_real_12m,-0.105
Jun.2019,PN01182MM,Sistema privado de pensiones - Rentabilidad Real Últimos 12 meses - AFP Profuturo,Profuturo,rentab_real_12m,2.264
Jul.2019,PN01182MM,Sistema privado de pensiones - Rentabilidad Real Últimos 12 meses - AFP Profuturo,Profuturo,rentab_real_12m,4.2872
Ago.2019,PN01182MM,Sistema privado de pensiones - Rentabilidad Real Últimos 12 meses - AFP Profuturo,Profuturo,rentab_real_12m,3.8488
Sep.2019,PN01182MM,Sistema privado de pensiones - Rentabilidad Real Últimos 12 meses - AFP Profuturo,Profuturo,rentab_real_12m,5.2741
Oct.2019,PN01182MM,Sistema privado de pensiones - Rentabilidad Real Últimos 12 meses - AFP Profuturo,Profuturo,rentab_real_12m,8.0687
Nov.2019,PN01182MM,Sistema privado de pensiones - Rentabilidad Real Últimos 12 meses - AFP Profuturo,Profuturo,rentab_real_12m,9.1587
Dic.2019,PN01182MM,Sistema privado de pensiones - Rentabilidad Real Últimos 12 meses - AFP Profuturo,Profuturo,rentab_real_12m,10.8096
Ene.2020,PN01182MM,Sistema privado de pensiones - Rentabilidad Real Últimos 12 meses - AFP Profuturo,Profuturo,rentab_real_12m,10.8539
Feb.2020,PN01182MM,Sistema privado de pensiones - Rentabilidad Real Últimos 12 meses - AFP Profuturo,Profuturo,rentab_real_12m,9.5387
Mar.2020,PN01182MM,Sistema privado de pensiones - Rentabilidad Real Últimos 12 meses - AFP Profuturo,Profuturo,rentab_real_12m,-1.2874
Abr.2020,PN01182MM,Sistema privado de pensiones - Rentabilidad Real Últimos 12 meses - AFP Profuturo,Profuturo,rentab_real_12m,-5.3335
May.2020,PN01182MM,Sistema privado de pensiones - Rentabilidad Real Últimos 12 meses - AFP Profuturo,Profuturo,rentab_real_12m,-1.1438
Jun.2020,PN01182MM,Sistema privado de pensiones - Rentabilidad Real Últimos 12 meses - AFP Profuturo,Profuturo,rentab_real_12m,1.7091
Jul.2020,PN01182MM,Sistema privado de pensiones - Rentabilidad Real Últimos 12 meses - AFP Profuturo,Profuturo,rentab_real_12m,2.2926
Ago.2020,PN01182MM,Sistema privado de pensiones - Rentabilidad Real Últimos 12 meses - AFP Profuturo,Profuturo,rentab_real_12m,4.9589
Sep.2020,PN01182MM,Sistema privado de pensiones - Rentabilidad Real Últimos 12 meses - AFP Profuturo,Profuturo,rentab_real_12m,3.8195
Oct.2020,PN01182MM,Sistema privado de pensiones - Rentabilidad Real Últimos 12 meses - AFP Profuturo,Profuturo,rentab_real_12m,4.1429
Nov.2020,PN01182MM,Sistema privado de pensiones - Rentabilidad Real Últimos 12 meses - AFP Profuturo,Profuturo,rentab_real_12m,5.7532
Dic.2020,PN01182MM,Sistema privado de pensiones - Rentabilidad Real Últimos 12 meses - AFP Profuturo,Profuturo,rentab_real_12m,9.5744
Ene.2021,PN01182MM,Sistema privado de pensiones - Rentabilidad Real Últimos 12 meses - AFP Profuturo,Profuturo,rentab_real_12m,10.4034
Feb.2021,PN01182MM,Sistema privado de pensiones - Rentabilidad Real Últimos 12 meses - AFP Profuturo,Profuturo,rentab_real_12m,11.802
Mar.2021,PN01182MM,Sistema privado de pensiones - Rentabilidad Real Últimos 12 meses - AFP Profuturo,Profuturo,rentab_real_12m,20.608
Abr.2021,PN01182MM,Sistema privado de pensiones - Rentabilidad Real Últimos 12 meses - AFP Profuturo,Profuturo,rentab_real_12m,23.3155
May.2021,PN01182MM,Sistema privado de pensiones - Rentabilidad Real Últimos 12 meses - AFP Profuturo,Profuturo,rentab_real_12m,20.2115
Jun.2021,PN01182MM,Sistema privado de pensiones - Rentabilidad Real Últimos 12 meses - AFP Profuturo,Profuturo,rentab_real_12m,15.77
Jul.2021,PN01182MM,Sistema privado de pensiones - Rentabilidad Real Últimos 12 meses - AFP Profuturo,Profuturo,rentab_real_12m,10.4647
Ago.2021,PN01182MM,Sistema privado de pensiones - Rentabilidad Real Últimos 12 meses - AFP Profuturo,Profuturo,rentab_real_12m,4.9764
Sep.2021,PN01182MM,Sistema privado de pensiones - Rentabilidad Real Últimos 12 meses - AFP Profuturo,Profuturo,rentab_real_12m,6.919
Oct.2021,PN01182MM,Sistema privado de pensiones - Rentabilidad Real Últimos 12 meses - AFP Profuturo,Profuturo,rentab_real_12m,6.7747
Nov.2021,PN01182MM,Sistema privado de pensiones - Rentabilidad Real Últimos 12 meses - AFP Profuturo,Profuturo,rentab_real_12m,5.455
Dic.2021,PN01182MM,Sistema privado de pensiones - Rentabilidad Real Últimos 12 meses - AFP Profuturo,Profuturo,rentab_real_12m,0.4823
Ene.2022,PN01182MM,Sistema privado de pensiones - Rentabilidad Real Últimos 12 meses - AFP Profuturo,Profuturo,rentab_real_12m,-1.9442
Feb.2022,PN01182MM,Sistema privado de pensiones - Rentabilidad Real Últimos 12 meses - AFP Profuturo,Profuturo,rentab_real_12m,-5.277
Mar.2022,PN01182MM,Sistema privado de pensiones - Rentabilidad Real Últimos 12 meses - AFP Profuturo,Profuturo,rentab_real_12m,-5.1322
Abr.2022,PN01182MM,Sistema privado de pensiones - Rentabilidad Real Últimos 12 meses - AFP Profuturo,Profuturo,rentab_real_12m,-7.3862
May.2022,PN01182MM,Sistema privado de pensiones - Rentabilidad Real Últimos 12 meses - AFP Profuturo,Profuturo,rentab_real_12m,-13.5983
Jun.2022,PN01182MM,Sistema privado de pensiones - Rentabilidad Real Últimos 12 meses - AFP Profuturo,Profuturo,rentab_real_12m,-16.6084
Jul.2022,PN01182MM,Sistema privado de pensiones - Rentabilidad Real Últimos 12 meses - AFP Profuturo,Profuturo,rentab_real_12m,-16.2838
Ago.2022,PN01182MM,Sistema privado de pensiones - Rentabilidad Real Últimos 12 meses - AFP Profuturo,Profuturo,rentab_real_12m,-13.3764
Sep.2022,PN01182MM,Sistema privado de pensiones - Rentabilidad Real Últimos 12 meses - AFP Profuturo,Profuturo,rentab_real_12m,-17.39
Oct.2022,PN01182MM,Sistema privado de pensiones - Rentabilidad Real Últimos 12 meses - AFP Profuturo,Profuturo,rentab_real_12m,-16.4497
Nov.2022,PN01182MM,Sistema privado de pensiones - Rentabilidad Real Últimos 12 meses - AFP Profuturo,Profuturo,rentab_real_12m,-16.1924
Dic.2022,PN01182MM,Sistema privado de pensiones - Rentabilidad Real Últimos 12 meses - AFP Profuturo,Profuturo,rentab_real_12m,-16.4035
Ene.2023,PN01182MM,Sistema privado de pensiones - Rentabilidad Real Últimos 12 meses - AFP Profuturo,Profuturo,rentab_real_12m,-13.5837
Feb.2023,PN01182MM,Sistema privado de pensiones - Rentabilidad Real Últimos 12 meses - AFP Profuturo,Profuturo,rentab_real_12m,-14.476
Mar.2023,PN01182MM,Sistema privado de pensiones - Rentabilidad Real Últimos 12 meses - AFP Profuturo,Profuturo,rentab_real_12m,-13.3492
Abr.2023,PN01182MM,Sistema privado de pensiones - Rentabilidad Real Últimos 12 meses - AFP Profuturo,Profuturo,rentab_real_12m,-10.5317
May.2023,PN01182MM,Sistema privado de pensiones - Rentabilidad Real Últimos 12 meses - AFP Profuturo,Profuturo,rentab_real_12m,-8.0377
Jun.2023,PN01182MM,Sistema privado de pensiones - Rentabilidad Real Últimos 12 meses - AFP Profuturo,Profuturo,rentab_real_12m,-2.1869
Jul.2023,PN01182MM,Sistema privado de pensiones - Rentabilidad Real Últimos 12 meses - AFP Profuturo,Profuturo,rentab_real_12m,-1.2015
Ago.2023,PN01182MM,Sistema privado de pensiones - Rentabilidad Real Últimos 12 meses - AFP Profuturo,Profuturo,rentab_real_12m,1.1468
Sep.2023,PN01182MM,Sistema privado de pensiones - Rentabilidad Real Últimos 12 meses - AFP Profuturo,Profuturo,rentab_real_12m,1.6624
Oct.2023,PN01182MM,Sistema privado de pensiones - Rentabilidad Real Últimos 12 meses - AFP Profuturo,Profuturo,rentab_real_12m,-0.6705
Nov.2023,PN01182MM,Sistema privado de pensiones - Rentabilidad Real Últimos 12 meses - AFP Profuturo,Profuturo,rentab_real_12m,-0.0379
Dic.2023,PN01182MM,Sistema privado de pensiones - Rentabilidad Real Últimos 12 meses - AFP Profuturo,Profuturo,rentab_real_12m,6.5673
Ene.2024,PN01182MM,Sistema privado de pensiones - Rentabilidad Real Últimos 12 meses - AFP Profuturo,Profuturo,rentab_real_12m,5.8396
Feb.2024,PN01182MM,Sistema privado de pensiones - Rentabilidad Real Últimos 12 meses - AFP Profuturo,Profuturo,rentab_real_12m,8.468
Mar.2024,PN01182MM,Sistema privado de pensiones - Rentabilidad Real Últimos 12 meses - AFP Profuturo,Profuturo,rentab_real_12m,7.0086
Abr.2024,PN01182MM,Sistema privado de pensiones - Rentabilidad Real Últimos 12 meses - AFP Profuturo,Profuturo,rentab_real_12m,7.2788
May.2024,PN01182MM,Sistema privado de pensiones - Rentabilidad Real Últimos 12 meses - AFP Profuturo,Profuturo,rentab_real_12m,9.3469
Jun.2024,PN01182MM,Sistema privado de pensiones - Rentabilidad Real Últimos 12 meses - AFP Profuturo,Profuturo,rentab_real_12m,7.8983
Jul.2024,PN01182MM,Sistema privado de pensiones - Rentabilidad Real Últimos 12 meses - AFP Profuturo,Profuturo,rentab_real_12m,4.864
Ago.2024,PN01182MM,Sistema privado de pensiones - Rentabilidad Real Últimos 12 meses - AFP Profuturo,Profuturo,rentab_real_12m,4.9211
Sep.2024,PN01182MM,Sistema privado de pensiones - Rentabilidad Real Últimos 12 meses - AFP Profuturo,Profuturo,rentab_real_12m,7.1705
Oct.2024,PN01182MM,Sistema privado de pensiones - Rentabilidad Real Últimos 12 meses - AFP Profuturo,Profuturo,rentab_real_12m,7.3481
Nov.2024,PN01182MM,Sistema privado de pensiones - Rentabilidad Real Últimos 12 meses - AFP Profuturo,Profuturo,rentab_real_12m,5.1916
Dic.2024,PN01182MM,Sistema privado de pensiones - Rentabilidad Real Últimos 12 meses - AFP Profuturo,Profuturo,rentab_real_12m,0.5695
Ene.2025,PN01182MM,Sistema privado de pensiones - Rentabilidad Real Últimos 12 meses - AFP Profuturo,Profuturo,rentab_real_12m,-1.1234
Feb.2025,PN01182MM,Sistema privado de pensiones - Rentabilidad Real Últimos 12 meses - AFP Profuturo,Profuturo,rentab_real_12m,-2.1525
Mar.2025,PN01182MM,Sistema privado de pensiones - Rentabilidad Real Últimos 12 meses - AFP Profuturo,Profuturo,rentab_real_12m,-1.0415
Abr.2025,PN01182MM,Sistema privado de pensiones - Rentabilidad Real Últimos 12 meses - AFP Profuturo,Profuturo,rentab_real_12m,-0.4385
May.2025,PN01182MM,Sistema privado de pensiones - Rentabilidad Real Últimos 12 meses - AFP Profuturo,Profuturo,rentab_real_12m,-0.1884
Jun.2025,PN01182MM,Sistema privado de pensiones - Rentabilidad Real Últimos 12 meses - AFP Profuturo,Profuturo,rentab_real_12m,0.6026
Jul.2025,PN01182MM,Sistema privado de pensiones - Rentabilidad Real Últimos 12 meses - AFP Profuturo,Profuturo,rentab_real_12m,3.2709
Ago.2025,PN01182MM,Sistema privado de pensiones - Rentabilidad Real Últimos 12 meses - AFP Profuturo,Profuturo,rentab_real_12m,4.3619
Sep.2025,PN01182MM,Sistema privado de pensiones - Rentabilidad Real Últimos 12 meses - AFP Profuturo,Profuturo,rentab_real_12m,6.1247
Oct.2025,PN01182MM,Sistema privado de pensiones - Rentabilidad Real Últimos 12 meses - AFP Profuturo,Profuturo,rentab_real_12m,5.8561
Nov.2025,PN01182MM,Sistema privado de pensiones - Rentabilidad Real Últimos 12 meses - AFP Profuturo,Profuturo,rentab_real_12m,6.8306
Dic.2025,PN01182MM,Sistema privado de pensiones - Rentabilidad Real Últimos 12 meses - AFP Profuturo,Profuturo,rentab_real_12m,10.9788
Ene.2010,PD31895MM,Tasas de interés de bonos del gobierno peruano - Rendimiento del Bono del gobierno peruano a 10 años (en S/),Mercado,rend_bono_10a_soles,5.75655
Feb.2010,PD31895MM,Tasas de interés de bonos del gobierno peruano - Rendimiento del Bono del gobierno peruano a 10 años (en S/),Mercado,rend_bono_10a_soles,6.09765
Mar.2010,PD31895MM,Tasas de interés de bonos del gobierno peruano - Rendimiento del Bono del gobierno peruano a 10 años (en S/),Mercado,rend_bono_10a_soles,6.0925652173913
Abr.2010,PD31895MM,Tasas de interés de bonos del gobierno peruano - Rendimiento del Bono del gobierno peruano a 10 años (en S/),Mercado,rend_bono_10a_soles,5.9814
May.2010,PD31895MM,Tasas de interés de bonos del gobierno peruano - Rendimiento del Bono del gobierno peruano a 10 años (en S/),Mercado,rend_bono_10a_soles,6.16133333333333
Jun.2010,PD31895MM,Tasas de interés de bonos del gobierno peruano - Rendimiento del Bono del gobierno peruano a 10 años (en S/),Mercado,rend_bono_10a_soles,6.3284
Jul.2010,PD31895MM,Tasas de interés de bonos del gobierno peruano - Rendimiento del Bono del gobierno peruano a 10 años (en S/),Mercado,rend_bono_10a_soles,6.00815789473684
Ago.2010,PD31895MM,Tasas de interés de bonos del gobierno peruano - Rendimiento del Bono del gobierno peruano a 10 años (en S/),Mercado,rend_bono_10a_soles,5.6217619047619
Sep.2010,PD31895MM,Tasas de interés de bonos del gobierno peruano - Rendimiento del Bono del gobierno peruano a 10 años (en S/),Mercado,rend_bono_10a_soles,5.73390909090909
Oct.2010,PD31895MM,Tasas de interés de bonos del gobierno peruano - Rendimiento del Bono del gobierno peruano a 10 años (en S/),Mercado,rend_bono_10a_soles,5.49245
Nov.2010,PD31895MM,Tasas de interés de bonos del gobierno peruano - Rendimiento del Bono del gobierno peruano a 10 años (en S/),Mercado,rend_bono_10a_soles,5.70457142857143
Dic.2010,PD31895MM,Tasas de interés de bonos del gobierno peruano - Rendimiento del Bono del gobierno peruano a 10 años (en S/),Mercado,rend_bono_10a_soles,5.89795
Ene.2011,PD31895MM,Tasas de interés de bonos del gobierno peruano - Rendimiento del Bono del gobierno peruano a 10 años (en S/),Mercado,rend_bono_10a_soles,5.84628571428571
Feb.2011,PD31895MM,Tasas de interés de bonos del gobierno peruano - Rendimiento del Bono del gobierno peruano a 10 años (en S/),Mercado,rend_bono_10a_soles,6.01595
Mar.2011,PD31895MM,Tasas de interés de bonos del gobierno peruano - Rendimiento del Bono del gobierno peruano a 10 años (en S/),Mercado,rend_bono_10a_soles,6.35333612040134
Abr.2011,PD31895MM,Tasas de interés de bonos del gobierno peruano - Rendimiento del Bono del gobierno peruano a 10 años (en S/),Mercado,rend_bono_10a_soles,6.94410092633545
May.2011,PD31895MM,Tasas de interés de bonos del gobierno peruano - Rendimiento del Bono del gobierno peruano a 10 años (en S/),Mercado,rend_bono_10a_soles,6.72250202228567
Jun.2011,PD31895MM,Tasas de interés de bonos del gobierno peruano - Rendimiento del Bono del gobierno peruano a 10 años (en S/),Mercado,rend_bono_10a_soles,6.45763825900731
Jul.2011,PD31895MM,Tasas de interés de bonos del gobierno peruano - Rendimiento del Bono del gobierno peruano a 10 años (en S/),Mercado,rend_bono_10a_soles,6.23626241920591
Ago.2011,PD31895MM,Tasas de interés de bonos del gobierno peruano - Rendimiento del Bono del gobierno peruano a 10 años (en S/),Mercado,rend_bono_10a_soles,5.92853521749067
Sep.2011,PD31895MM,Tasas de interés de bonos del gobierno peruano - Rendimiento del Bono del gobierno peruano a 10 años (en S/),Mercado,rend_bono_10a_soles,5.62017803787122
Oct.2011,PD31895MM,Tasas de interés de bonos del gobierno peruano - Rendimiento del Bono del gobierno peruano a 10 años (en S/),Mercado,rend_bono_10a_soles,5.72483222108669
Nov.2011,PD31895MM,Tasas de interés de bonos del gobierno peruano - Rendimiento del Bono del gobierno peruano a 10 años (en S/),Mercado,rend_bono_10a_soles,5.66734322961868
Dic.2011,PD31895MM,Tasas de interés de bonos del gobierno peruano - Rendimiento del Bono del gobierno peruano a 10 años (en S/),Mercado,rend_bono_10a_soles,5.6953293398377
Ene.2012,PD31895MM,Tasas de interés de bonos del gobierno peruano - Rendimiento del Bono del gobierno peruano a 10 años (en S/),Mercado,rend_bono_10a_soles,5.6877609398031
Feb.2012,PD31895MM,Tasas de interés de bonos del gobierno peruano - Rendimiento del Bono del gobierno peruano a 10 años (en S/),Mercado,rend_bono_10a_soles,5.55203643226112
Mar.2012,PD31895MM,Tasas de interés de bonos del gobierno peruano - Rendimiento del Bono del gobierno peruano a 10 años (en S/),Mercado,rend_bono_10a_soles,5.40746192764249
Abr.2012,PD31895MM,Tasas de interés de bonos del gobierno peruano - Rendimiento del Bono del gobierno peruano a 10 años (en S/),Mercado,rend_bono_10a_soles,5.31709184145608
May.2012,PD31895MM,Tasas de interés de bonos del gobierno peruano - Rendimiento del Bono del gobierno peruano a 10 años (en S/),Mercado,rend_bono_10a_soles,5.1611689535073
Jun.2012,PD31895MM,Tasas de interés de bonos del gobierno peruano - Rendimiento del Bono del gobierno peruano a 10 años (en S/),Mercado,rend_bono_10a_soles,5.14383563093637
Jul.2012,PD31895MM,Tasas de interés de bonos del gobierno peruano - Rendimiento del Bono del gobierno peruano a 10 años (en S/),Mercado,rend_bono_10a_soles,5.02354166666667
Ago.2012,PD31895MM,Tasas de interés de bonos del gobierno peruano - Rendimiento del Bono del gobierno peruano a 10 años (en S/),Mercado,rend_bono_10a_soles,4.85419437482595
Sep.2012,PD31895MM,Tasas de interés de bonos del gobierno peruano - Rendimiento del Bono del gobierno peruano a 10 años (en S/),Mercado,rend_bono_10a_soles,4.67659618205868
Oct.2012,PD31895MM,Tasas de interés de bonos del gobierno peruano - Rendimiento del Bono del gobierno peruano a 10 años (en S/),Mercado,rend_bono_10a_soles,4.55363674242424
Nov.2012,PD31895MM,Tasas de interés de bonos del gobierno peruano - Rendimiento del Bono del gobierno peruano a 10 años (en S/),Mercado,rend_bono_10a_soles,4.45981283452211
Dic.2012,PD31895MM,Tasas de interés de bonos del gobierno peruano - Rendimiento del Bono del gobierno peruano a 10 años (en S/),Mercado,rend_bono_10a_soles,4.16331561657297
Ene.2013,PD31895MM,Tasas de interés de bonos del gobierno peruano - Rendimiento del Bono del gobierno peruano a 10 años (en S/),Mercado,rend_bono_10a_soles,4.06750469795356
Feb.2013,PD31895MM,Tasas de interés de bonos del gobierno peruano - Rendimiento del Bono del gobierno peruano a 10 años (en S/),Mercado,rend_bono_10a_soles,4.15190764118355
Mar.2013,PD31895MM,Tasas de interés de bonos del gobierno peruano - Rendimiento del Bono del gobierno peruano a 10 años (en S/),Mercado,rend_bono_10a_soles,4.14838614187719
Abr.2013,PD31895MM,Tasas de interés de bonos del gobierno peruano - Rendimiento del Bono del gobierno peruano a 10 años (en S/),Mercado,rend_bono_10a_soles,4.05634051937754
May.2013,PD31895MM,Tasas de interés de bonos del gobierno peruano - Rendimiento del Bono del gobierno peruano a 10 años (en S/),Mercado,rend_bono_10a_soles,4.20181818181818
Jun.2013,PD31895MM,Tasas de interés de bonos del gobierno peruano - Rendimiento del Bono del gobierno peruano a 10 años (en S/),Mercado,rend_bono_10a_soles,5.31946716260051
Jul.2013,PD31895MM,Tasas de interés de bonos del gobierno peruano - Rendimiento del Bono del gobierno peruano a 10 años (en S/),Mercado,rend_bono_10a_soles,5.26015228899572
Ago.2013,PD31895MM,Tasas de interés de bonos del gobierno peruano - Rendimiento del Bono del gobierno peruano a 10 años (en S/),Mercado,rend_bono_10a_soles,5.46271259667266
Sep.2013,PD31895MM,Tasas de interés de bonos del gobierno peruano - Rendimiento del Bono del gobierno peruano a 10 años (en S/),Mercado,rend_bono_10a_soles,5.60047619047619
Oct.2013,PD31895MM,Tasas de interés de bonos del gobierno peruano - Rendimiento del Bono del gobierno peruano a 10 años (en S/),Mercado,rend_bono_10a_soles,5.31727272727273
Nov.2013,PD31895MM,Tasas de interés de bonos del gobierno peruano - Rendimiento del Bono del gobierno peruano a 10 años (en S/),Mercado,rend_bono_10a_soles,5.467
Dic.2013,PD31895MM,Tasas de interés de bonos del gobierno peruano - Rendimiento del Bono del gobierno peruano a 10 años (en S/),Mercado,rend_bono_10a_soles,5.6055
Ene.2014,PD31895MM,Tasas de interés de bonos del gobierno peruano - Rendimiento del Bono del gobierno peruano a 10 años (en S/),Mercado,rend_bono_10a_soles,5.72
Feb.2014,PD31895MM,Tasas de interés de bonos del gobierno peruano - Rendimiento del Bono del gobierno peruano a 10 años (en S/),Mercado,rend_bono_10a_soles,6.4255
Mar.2014,PD31895MM,Tasas de interés de bonos del gobierno peruano - Rendimiento del Bono del gobierno peruano a 10 años (en S/),Mercado,rend_bono_10a_soles,6.16490476190476
Abr.2014,PD31895MM,Tasas de interés de bonos del gobierno peruano - Rendimiento del Bono del gobierno peruano a 10 años (en S/),Mercado,rend_bono_10a_soles,5.951
May.2014,PD31895MM,Tasas de interés de bonos del gobierno peruano - Rendimiento del Bono del gobierno peruano a 10 años (en S/),Mercado,rend_bono_10a_soles,5.64095238095238
Jun.2014,PD31895MM,Tasas de interés de bonos del gobierno peruano - Rendimiento del Bono del gobierno peruano a 10 años (en S/),Mercado,rend_bono_10a_soles,5.37238095238095
Jul.2014,PD31895MM,Tasas de interés de bonos del gobierno peruano - Rendimiento del Bono del gobierno peruano a 10 años (en S/),Mercado,rend_bono_10a_soles,5.177
Ago.2014,PD31895MM,Tasas de interés de bonos del gobierno peruano - Rendimiento del Bono del gobierno peruano a 10 años (en S/),Mercado,rend_bono_10a_soles,5.19790476190476
Sep.2014,PD31895MM,Tasas de interés de bonos del gobierno peruano - Rendimiento del Bono del gobierno peruano a 10 años (en S/),Mercado,rend_bono_10a_soles,5.33545454545455
Oct.2014,PD31895MM,Tasas de interés de bonos del gobierno peruano - Rendimiento del Bono del gobierno peruano a 10 años (en S/),Mercado,rend_bono_10a_soles,5.35995454545454
Nov.2014,PD31895MM,Tasas de interés de bonos del gobierno peruano - Rendimiento del Bono del gobierno peruano a 10 años (en S/),Mercado,rend_bono_10a_soles,5.43935
Dic.2014,PD31895MM,Tasas de interés de bonos del gobierno peruano - Rendimiento del Bono del gobierno peruano a 10 años (en S/),Mercado,rend_bono_10a_soles,5.35971428571429
Ene.2015,PD31895MM,Tasas de interés de bonos del gobierno peruano - Rendimiento del Bono del gobierno peruano a 10 años (en S/),Mercado,rend_bono_10a_soles,5.2966
Feb.2015,PD31895MM,Tasas de interés de bonos del gobierno peruano - Rendimiento del Bono del gobierno peruano a 10 años (en S/),Mercado,rend_bono_10a_soles,5.2855
Mar.2015,PD31895MM,Tasas de interés de bonos del gobierno peruano - Rendimiento del Bono del gobierno peruano a 10 años (en S/),Mercado,rend_bono_10a_soles,5.52668181818182
Abr.2015,PD31895MM,Tasas de interés de bonos del gobierno peruano - Rendimiento del Bono del gobierno peruano a 10 años (en S/),Mercado,rend_bono_10a_soles,5.53809090909091
May.2015,PD31895MM,Tasas de interés de bonos del gobierno peruano - Rendimiento del Bono del gobierno peruano a 10 años (en S/),Mercado,rend_bono_10a_soles,5.9019
Jun.2015,PD31895MM,Tasas de interés de bonos del gobierno peruano - Rendimiento del Bono del gobierno peruano a 10 años (en S/),Mercado,rend_bono_10a_soles,6.17166666666667
Jul.2015,PD31895MM,Tasas de interés de bonos del gobierno peruano - Rendimiento del Bono del gobierno peruano a 10 años (en S/),Mercado,rend_bono_10a_soles,6.47165
Ago.2015,PD31895MM,Tasas de interés de bonos del gobierno peruano - Rendimiento del Bono del gobierno peruano a 10 años (en S/),Mercado,rend_bono_10a_soles,6.66319047619047
Sep.2015,PD31895MM,Tasas de interés de bonos del gobierno peruano - Rendimiento del Bono del gobierno peruano a 10 años (en S/),Mercado,rend_bono_10a_soles,7.23577272727273
Oct.2015,PD31895MM,Tasas de interés de bonos del gobierno peruano - Rendimiento del Bono del gobierno peruano a 10 años (en S/),Mercado,rend_bono_10a_soles,7.01072727272727
Nov.2015,PD31895MM,Tasas de interés de bonos del gobierno peruano - Rendimiento del Bono del gobierno peruano a 10 años (en S/),Mercado,rend_bono_10a_soles,6.69261904761905
Dic.2015,PD31895MM,Tasas de interés de bonos del gobierno peruano - Rendimiento del Bono del gobierno peruano a 10 años (en S/),Mercado,rend_bono_10a_soles,6.70786363636364
Ene.2016,PD31895MM,Tasas de interés de bonos del gobierno peruano - Rendimiento del Bono del gobierno peruano a 10 años (en S/),Mercado,rend_bono_10a_soles,7.02015
Feb.2016,PD31895MM,Tasas de interés de bonos del gobierno peruano - Rendimiento del Bono del gobierno peruano a 10 años (en S/),Mercado,rend_bono_10a_soles,7.34585714285714
Mar.2016,PD31895MM,Tasas de interés de bonos del gobierno peruano - Rendimiento del Bono del gobierno peruano a 10 años (en S/),Mercado,rend_bono_10a_soles,7.139
Abr.2016,PD31895MM,Tasas de interés de bonos del gobierno peruano - Rendimiento del Bono del gobierno peruano a 10 años (en S/),Mercado,rend_bono_10a_soles,6.54485714285714
May.2016,PD31895MM,Tasas de interés de bonos del gobierno peruano - Rendimiento del Bono del gobierno peruano a 10 años (en S/),Mercado,rend_bono_10a_soles,6.26581818181818
Jun.2016,PD31895MM,Tasas de interés de bonos del gobierno peruano - Rendimiento del Bono del gobierno peruano a 10 años (en S/),Mercado,rend_bono_10a_soles,6.08436363636364
Jul.2016,PD31895MM,Tasas de interés de bonos del gobierno peruano - Rendimiento del Bono del gobierno peruano a 10 años (en S/),Mercado,rend_bono_10a_soles,5.75652380952381
Ago.2016,PD31895MM,Tasas de interés de bonos del gobierno peruano - Rendimiento del Bono del gobierno peruano a 10 años (en S/),Mercado,rend_bono_10a_soles,5.63617391304348
Sep.2016,PD31895MM,Tasas de interés de bonos del gobierno peruano - Rendimiento del Bono del gobierno peruano a 10 años (en S/),Mercado,rend_bono_10a_soles,5.79354545454546
Oct.2016,PD31895MM,Tasas de interés de bonos del gobierno peruano - Rendimiento del Bono del gobierno peruano a 10 años (en S/),Mercado,rend_bono_10a_soles,5.77085714285714
Nov.2016,PD31895MM,Tasas de interés de bonos del gobierno peruano - Rendimiento del Bono del gobierno peruano a 10 años (en S/),Mercado,rend_bono_10a_soles,6.30986363636364
Dic.2016,PD31895MM,Tasas de interés de bonos del gobierno peruano - Rendimiento del Bono del gobierno peruano a 10 años (en S/),Mercado,rend_bono_10a_soles,6.44685714285714
Ene.2017,PD31895MM,Tasas de interés de bonos del gobierno peruano - Rendimiento del Bono del gobierno peruano a 10 años (en S/),Mercado,rend_bono_10a_soles,6.35095454545454
Feb.2017,PD31895MM,Tasas de interés de bonos del gobierno peruano - Rendimiento del Bono del gobierno peruano a 10 años (en S/),Mercado,rend_bono_10a_soles,6.26035
Mar.2017,PD31895MM,Tasas de interés de bonos del gobierno peruano - Rendimiento del Bono del gobierno peruano a 10 años (en S/),Mercado,rend_bono_10a_soles,6.09739130434783
Abr.2017,PD31895MM,Tasas de interés de bonos del gobierno peruano - Rendimiento del Bono del gobierno peruano a 10 años (en S/),Mercado,rend_bono_10a_soles,5.87055555555556
May.2017,PD31895MM,Tasas de interés de bonos del gobierno peruano - Rendimiento del Bono del gobierno peruano a 10 años (en S/),Mercado,rend_bono_10a_soles,5.71772727272727
Jun.2017,PD31895MM,Tasas de interés de bonos del gobierno peruano - Rendimiento del Bono del gobierno peruano a 10 años (en S/),Mercado,rend_bono_10a_soles,5.57905
Jul.2017,PD31895MM,Tasas de interés de bonos del gobierno peruano - Rendimiento del Bono del gobierno peruano a 10 años (en S/),Mercado,rend_bono_10a_soles,5.65947368421053
Ago.2017,PD31895MM,Tasas de interés de bonos del gobierno peruano - Rendimiento del Bono del gobierno peruano a 10 años (en S/),Mercado,rend_bono_10a_soles,5.46204347826087
Sep.2017,PD31895MM,Tasas de interés de bonos del gobierno peruano - Rendimiento del Bono del gobierno peruano a 10 años (en S/),Mercado,rend_bono_10a_soles,5.34190476190476
Oct.2017,PD31895MM,Tasas de interés de bonos del gobierno peruano - Rendimiento del Bono del gobierno peruano a 10 años (en S/),Mercado,rend_bono_10a_soles,5.26331818181818
Nov.2017,PD31895MM,Tasas de interés de bonos del gobierno peruano - Rendimiento del Bono del gobierno peruano a 10 años (en S/),Mercado,rend_bono_10a_soles,5.2997619047619
Dic.2017,PD31895MM,Tasas de interés de bonos del gobierno peruano - Rendimiento del Bono del gobierno peruano a 10 años (en S/),Mercado,rend_bono_10a_soles,5.24947368421053
Ene.2018,PD31895MM,Tasas de interés de bonos del gobierno peruano - Rendimiento del Bono del gobierno peruano a 10 años (en S/),Mercado,rend_bono_10a_soles,4.81809523809524
Feb.2018,PD31895MM,Tasas de interés de bonos del gobierno peruano - Rendimiento del Bono del gobierno peruano a 10 años (en S/),Mercado,rend_bono_10a_soles,4.7945
Mar.2018,PD31895MM,Tasas de interés de bonos del gobierno peruano - Rendimiento del Bono del gobierno peruano a 10 años (en S/),Mercado,rend_bono_10a_soles,4.845
Abr.2018,PD31895MM,Tasas de interés de bonos del gobierno peruano - Rendimiento del Bono del gobierno peruano a 10 años (en S/),Mercado,rend_bono_10a_soles,5.0242
May.2018,PD31895MM,Tasas de interés de bonos del gobierno peruano - Rendimiento del Bono del gobierno peruano a 10 años (en S/),Mercado,rend_bono_10a_soles,5.47227272727273
Jun.2018,PD31895MM,Tasas de interés de bonos del gobierno peruano - Rendimiento del Bono del gobierno peruano a 10 años (en S/),Mercado,rend_bono_10a_soles,5.6626
Jul.2018,PD31895MM,Tasas de interés de bonos del gobierno peruano - Rendimiento del Bono del gobierno peruano a 10 años (en S/),Mercado,rend_bono_10a_soles,5.48476190476191
Ago.2018,PD31895MM,Tasas de interés de bonos del gobierno peruano - Rendimiento del Bono del gobierno peruano a 10 años (en S/),Mercado,rend_bono_10a_soles,5.4252380952381
Sep.2018,PD31895MM,Tasas de interés de bonos del gobierno peruano - Rendimiento del Bono del gobierno peruano a 10 años (en S/),Mercado,rend_bono_10a_soles,5.5175
Oct.2018,PD31895MM,Tasas de interés de bonos del gobierno peruano - Rendimiento del Bono del gobierno peruano a 10 años (en S/),Mercado,rend_bono_10a_soles,5.73181818181818
Nov.2018,PD31895MM,Tasas de interés de bonos del gobierno peruano - Rendimiento del Bono del gobierno peruano a 10 años (en S/),Mercado,rend_bono_10a_soles,5.727
Dic.2018,PD31895MM,Tasas de interés de bonos del gobierno peruano - Rendimiento del Bono del gobierno peruano a 10 años (en S/),Mercado,rend_bono_10a_soles,5.74363157894737
Ene.2019,PD31895MM,Tasas de interés de bonos del gobierno peruano - Rendimiento del Bono del gobierno peruano a 10 años (en S/),Mercado,rend_bono_10a_soles,5.58772727272727
Feb.2019,PD31895MM,Tasas de interés de bonos del gobierno peruano - Rendimiento del Bono del gobierno peruano a 10 años (en S/),Mercado,rend_bono_10a_soles,5.4945
Mar.2019,PD31895MM,Tasas de interés de bonos del gobierno peruano - Rendimiento del Bono del gobierno peruano a 10 años (en S/),Mercado,rend_bono_10a_soles,5.29923809523809
Abr.2019,PD31895MM,Tasas de interés de bonos del gobierno peruano - Rendimiento del Bono del gobierno peruano a 10 años (en S/),Mercado,rend_bono_10a_soles,5.2158
May.2019,PD31895MM,Tasas de interés de bonos del gobierno peruano - Rendimiento del Bono del gobierno peruano a 10 años (en S/),Mercado,rend_bono_10a_soles,5.13735454545455
Jun.2019,PD31895MM,Tasas de interés de bonos del gobierno peruano - Rendimiento del Bono del gobierno peruano a 10 años (en S/),Mercado,rend_bono_10a_soles,4.81719
Jul.2019,PD31895MM,Tasas de interés de bonos del gobierno peruano - Rendimiento del Bono del gobierno peruano a 10 años (en S/),Mercado,rend_bono_10a_soles,4.4401
Ago.2019,PD31895MM,Tasas de interés de bonos del gobierno peruano - Rendimiento del Bono del gobierno peruano a 10 años (en S/),Mercado,rend_bono_10a_soles,4.228985
Sep.2019,PD31895MM,Tasas de interés de bonos del gobierno peruano - Rendimiento del Bono del gobierno peruano a 10 años (en S/),Mercado,rend_bono_10a_soles,4.15212380952381
Oct.2019,PD31895MM,Tasas de interés de bonos del gobierno peruano - Rendimiento del Bono del gobierno peruano a 10 años (en S/),Mercado,rend_bono_10a_soles,4.07454285714286
Nov.2019,PD31895MM,Tasas de interés de bonos del gobierno peruano - Rendimiento del Bono del gobierno peruano a 10 años (en S/),Mercado,rend_bono_10a_soles,4.23969
Dic.2019,PD31895MM,Tasas de interés de bonos del gobierno peruano - Rendimiento del Bono del gobierno peruano a 10 años (en S/),Mercado,rend_bono_10a_soles,4.3559380952381
Ene.2020,PD31895MM,Tasas de interés de bonos del gobierno peruano - Rendimiento del Bono del gobierno peruano a 10 años (en S/),Mercado,rend_bono_10a_soles,4.50230909090909
Feb.2020,PD31895MM,Tasas de interés de bonos del gobierno peruano - Rendimiento del Bono del gobierno peruano a 10 años (en S/),Mercado,rend_bono_10a_soles,4.258095
Mar.2020,PD31895MM,Tasas de interés de bonos del gobierno peruano - Rendimiento del Bono del gobierno peruano a 10 años (en S/),Mercado,rend_bono_10a_soles,5.08725909090909
Abr.2020,PD31895MM,Tasas de interés de bonos del gobierno peruano - Rendimiento del Bono del gobierno peruano a 10 años (en S/),Mercado,rend_bono_10a_soles,5.0255
May.2020,PD31895MM,Tasas de interés de bonos del gobierno peruano - Rendimiento del Bono del gobierno peruano a 10 años (en S/),Mercado,rend_bono_10a_soles,4.4295
Jun.2020,PD31895MM,Tasas de interés de bonos del gobierno peruano - Rendimiento del Bono del gobierno peruano a 10 años (en S/),Mercado,rend_bono_10a_soles,4.39
Jul.2020,PD31895MM,Tasas de interés de bonos del gobierno peruano - Rendimiento del Bono del gobierno peruano a 10 años (en S/),Mercado,rend_bono_10a_soles,4.24045454545455
Ago.2020,PD31895MM,Tasas de interés de bonos del gobierno peruano - Rendimiento del Bono del gobierno peruano a 10 años (en S/),Mercado,rend_bono_10a_soles,4.06714285714286
Sep.2020,PD31895MM,Tasas de interés de bonos del gobierno peruano - Rendimiento del Bono del gobierno peruano a 10 años (en S/),Mercado,rend_bono_10a_soles,4.18681818181818
Oct.2020,PD31895MM,Tasas de interés de bonos del gobierno peruano - Rendimiento del Bono del gobierno peruano a 10 años (en S/),Mercado,rend_bono_10a_soles,4.20545454545454
Nov.2020,PD31895MM,Tasas de interés de bonos del gobierno peruano - Rendimiento del Bono del gobierno peruano a 10 años (en S/),Mercado,rend_bono_10a_soles,4.01450476190476
Dic.2020,PD31895MM,Tasas de interés de bonos del gobierno peruano - Rendimiento del Bono del gobierno peruano a 10 años (en S/),Mercado,rend_bono_10a_soles,3.63264285714286
Ene.2021,PD31895MM,Tasas de interés de bonos del gobierno peruano - Rendimiento del Bono del gobierno peruano a 10 años (en S/),Mercado,rend_bono_10a_soles,3.658
Feb.2021,PD31895MM,Tasas de interés de bonos del gobierno peruano - Rendimiento del Bono del gobierno peruano a 10 años (en S/),Mercado,rend_bono_10a_soles,3.9115
Mar.2021,PD31895MM,Tasas de interés de bonos del gobierno peruano - Rendimiento del Bono del gobierno peruano a 10 años (en S/),Mercado,rend_bono_10a_soles,4.68608695652174
Abr.2021,PD31895MM,Tasas de interés de bonos del gobierno peruano - Rendimiento del Bono del gobierno peruano a 10 años (en S/),Mercado,rend_bono_10a_soles,5.09
May.2021,PD31895MM,Tasas de interés de bonos del gobierno peruano - Rendimiento del Bono del gobierno peruano a 10 años (en S/),Mercado,rend_bono_10a_soles,4.99
Jun.2021,PD31895MM,Tasas de interés de bonos del gobierno peruano - Rendimiento del Bono del gobierno peruano a 10 años (en S/),Mercado,rend_bono_10a_soles,5.27323809523809
Jul.2021,PD31895MM,Tasas de interés de bonos del gobierno peruano - Rendimiento del Bono del gobierno peruano a 10 años (en S/),Mercado,rend_bono_10a_soles,5.6647
Ago.2021,PD31895MM,Tasas de interés de bonos del gobierno peruano - Rendimiento del Bono del gobierno peruano a 10 años (en S/),Mercado,rend_bono_10a_soles,6.35523809523809
Sep.2021,PD31895MM,Tasas de interés de bonos del gobierno peruano - Rendimiento del Bono del gobierno peruano a 10 años (en S/),Mercado,rend_bono_10a_soles,6.34227272727273
Oct.2021,PD31895MM,Tasas de interés de bonos del gobierno peruano - Rendimiento del Bono del gobierno peruano a 10 años (en S/),Mercado,rend_bono_10a_soles,5.9495
Nov.2021,PD31895MM,Tasas de interés de bonos del gobierno peruano - Rendimiento del Bono del gobierno peruano a 10 años (en S/),Mercado,rend_bono_10a_soles,5.86571428571429
Dic.2021,PD31895MM,Tasas de interés de bonos del gobierno peruano - Rendimiento del Bono del gobierno peruano a 10 años (en S/),Mercado,rend_bono_10a_soles,5.92563636363636
Ene.2022,PD31895MM,Tasas de interés de bonos del gobierno peruano - Rendimiento del Bono del gobierno peruano a 10 años (en S/),Mercado,rend_bono_10a_soles,6.07457142857143
Feb.2022,PD31895MM,Tasas de interés de bonos del gobierno peruano - Rendimiento del Bono del gobierno peruano a 10 años (en S/),Mercado,rend_bono_10a_soles,6.071
Mar.2022,PD31895MM,Tasas de interés de bonos del gobierno peruano - Rendimiento del Bono del gobierno peruano a 10 años (en S/),Mercado,rend_bono_10a_soles,6.59782608695652
Abr.2022,PD31895MM,Tasas de interés de bonos del gobierno peruano - Rendimiento del Bono del gobierno peruano a 10 años (en S/),Mercado,rend_bono_10a_soles,7.37315789473684
May.2022,PD31895MM,Tasas de interés de bonos del gobierno peruano - Rendimiento del Bono del gobierno peruano a 10 años (en S/),Mercado,rend_bono_10a_soles,7.92363636363636
Jun.2022,PD31895MM,Tasas de interés de bonos del gobierno peruano - Rendimiento del Bono del gobierno peruano a 10 años (en S/),Mercado,rend_bono_10a_soles,7.858
Jul.2022,PD31895MM,Tasas de interés de bonos del gobierno peruano - Rendimiento del Bono del gobierno peruano a 10 años (en S/),Mercado,rend_bono_10a_soles,8.21631578947368
Ago.2022,PD31895MM,Tasas de interés de bonos del gobierno peruano - Rendimiento del Bono del gobierno peruano a 10 años (en S/),Mercado,rend_bono_10a_soles,7.90872727272727
Sep.2022,PD31895MM,Tasas de interés de bonos del gobierno peruano - Rendimiento del Bono del gobierno peruano a 10 años (en S/),Mercado,rend_bono_10a_soles,8.30590909090909
Oct.2022,PD31895MM,Tasas de interés de bonos del gobierno peruano - Rendimiento del Bono del gobierno peruano a 10 años (en S/),Mercado,rend_bono_10a_soles,8.64571428571429
Nov.2022,PD31895MM,Tasas de interés de bonos del gobierno peruano - Rendimiento del Bono del gobierno peruano a 10 años (en S/),Mercado,rend_bono_10a_soles,7.86476190476191
Dic.2022,PD31895MM,Tasas de interés de bonos del gobierno peruano - Rendimiento del Bono del gobierno peruano a 10 años (en S/),Mercado,rend_bono_10a_soles,7.8615
Ene.2023,PD31895MM,Tasas de interés de bonos del gobierno peruano - Rendimiento del Bono del gobierno peruano a 10 años (en S/),Mercado,rend_bono_10a_soles,7.95952380952381
Feb.2023,PD31895MM,Tasas de interés de bonos del gobierno peruano - Rendimiento del Bono del gobierno peruano a 10 años (en S/),Mercado,rend_bono_10a_soles,7.87935
Mar.2023,PD31895MM,Tasas de interés de bonos del gobierno peruano - Rendimiento del Bono del gobierno peruano a 10 años (en S/),Mercado,rend_bono_10a_soles,7.71669565217391
Abr.2023,PD31895MM,Tasas de interés de bonos del gobierno peruano - Rendimiento del Bono del gobierno peruano a 10 años (en S/),Mercado,rend_bono_10a_soles,7.48888888888889
May.2023,PD31895MM,Tasas de interés de bonos del gobierno peruano - Rendimiento del Bono del gobierno peruano a 10 años (en S/),Mercado,rend_bono_10a_soles,7.275
Jun.2023,PD31895MM,Tasas de interés de bonos del gobierno peruano - Rendimiento del Bono del gobierno peruano a 10 años (en S/),Mercado,rend_bono_10a_soles,7.07380952380952
Jul.2023,PD31895MM,Tasas de interés de bonos del gobierno peruano - Rendimiento del Bono del gobierno peruano a 10 años (en S/),Mercado,rend_bono_10a_soles,6.7555
Ago.2023,PD31895MM,Tasas de interés de bonos del gobierno peruano - Rendimiento del Bono del gobierno peruano a 10 años (en S/),Mercado,rend_bono_10a_soles,6.84409090909091
Sep.2023,PD31895MM,Tasas de interés de bonos del gobierno peruano - Rendimiento del Bono del gobierno peruano a 10 años (en S/),Mercado,rend_bono_10a_soles,6.96857142857143
Oct.2023,PD31895MM,Tasas de interés de bonos del gobierno peruano - Rendimiento del Bono del gobierno peruano a 10 años (en S/),Mercado,rend_bono_10a_soles,7.62454545454545
Nov.2023,PD31895MM,Tasas de interés de bonos del gobierno peruano - Rendimiento del Bono del gobierno peruano a 10 años (en S/),Mercado,rend_bono_10a_soles,7.17190476190476
Dic.2023,PD31895MM,Tasas de interés de bonos del gobierno peruano - Rendimiento del Bono del gobierno peruano a 10 años (en S/),Mercado,rend_bono_10a_soles,6.86847368421053
Ene.2024,PD31895MM,Tasas de interés de bonos del gobierno peruano - Rendimiento del Bono del gobierno peruano a 10 años (en S/),Mercado,rend_bono_10a_soles,6.67952380952381
Feb.2024,PD31895MM,Tasas de interés de bonos del gobierno peruano - Rendimiento del Bono del gobierno peruano a 10 años (en S/),Mercado,rend_bono_10a_soles,6.75380952380952
Mar.2024,PD31895MM,Tasas de interés de bonos del gobierno peruano - Rendimiento del Bono del gobierno peruano a 10 años (en S/),Mercado,rend_bono_10a_soles,7.00578947368421
Abr.2024,PD31895MM,Tasas de interés de bonos del gobierno peruano - Rendimiento del Bono del gobierno peruano a 10 años (en S/),Mercado,rend_bono_10a_soles,7.38204545454545
May.2024,PD31895MM,Tasas de interés de bonos del gobierno peruano - Rendimiento del Bono del gobierno peruano a 10 años (en S/),Mercado,rend_bono_10a_soles,7.09540909090909
Jun.2024,PD31895MM,Tasas de interés de bonos del gobierno peruano - Rendimiento del Bono del gobierno peruano a 10 años (en S/),Mercado,rend_bono_10a_soles,7.08842105263158
Jul.2024,PD31895MM,Tasas de interés de bonos del gobierno peruano - Rendimiento del Bono del gobierno peruano a 10 años (en S/),Mercado,rend_bono_10a_soles,6.9725
Ago.2024,PD31895MM,Tasas de interés de bonos del gobierno peruano - Rendimiento del Bono del gobierno peruano a 10 años (en S/),Mercado,rend_bono_10a_soles,6.5835
Sep.2024,PD31895MM,Tasas de interés de bonos del gobierno peruano - Rendimiento del Bono del gobierno peruano a 10 años (en S/),Mercado,rend_bono_10a_soles,6.36185714285714
Oct.2024,PD31895MM,Tasas de interés de bonos del gobierno peruano - Rendimiento del Bono del gobierno peruano a 10 años (en S/),Mercado,rend_bono_10a_soles,6.52246818181818
Nov.2024,PD31895MM,Tasas de interés de bonos del gobierno peruano - Rendimiento del Bono del gobierno peruano a 10 años (en S/),Mercado,rend_bono_10a_soles,6.669
Dic.2024,PD31895MM,Tasas de interés de bonos del gobierno peruano - Rendimiento del Bono del gobierno peruano a 10 años (en S/),Mercado,rend_bono_10a_soles,6.62515789473684
Ene.2025,PD31895MM,Tasas de interés de bonos del gobierno peruano - Rendimiento del Bono del gobierno peruano a 10 años (en S/),Mercado,rend_bono_10a_soles,6.69
Feb.2025,PD31895MM,Tasas de interés de bonos del gobierno peruano - Rendimiento del Bono del gobierno peruano a 10 años (en S/),Mercado,rend_bono_10a_soles,6.4725
Mar.2025,PD31895MM,Tasas de interés de bonos del gobierno peruano - Rendimiento del Bono del gobierno peruano a 10 años (en S/),Mercado,rend_bono_10a_soles,6.4852380952381
Abr.2025,PD31895MM,Tasas de interés de bonos del gobierno peruano - Rendimiento del Bono del gobierno peruano a 10 años (en S/),Mercado,rend_bono_10a_soles,6.604
May.2025,PD31895MM,Tasas de interés de bonos del gobierno peruano - Rendimiento del Bono del gobierno peruano a 10 años (en S/),Mercado,rend_bono_10a_soles,6.48666666666667
Jun.2025,PD31895MM,Tasas de interés de bonos del gobierno peruano - Rendimiento del Bono del gobierno peruano a 10 años (en S/),Mercado,rend_bono_10a_soles,6.41190476190476
Jul.2025,PD31895MM,Tasas de interés de bonos del gobierno peruano - Rendimiento del Bono del gobierno peruano a 10 años (en S/),Mercado,rend_bono_10a_soles,6.18745
Ago.2025,PD31895MM,Tasas de interés de bonos del gobierno peruano - Rendimiento del Bono del gobierno peruano a 10 años (en S/),Mercado,rend_bono_10a_soles,6.01696
Sep.2025,PD31895MM,Tasas de interés de bonos del gobierno peruano - Rendimiento del Bono del gobierno peruano a 10 años (en S/),Mercado,rend_bono_10a_soles,6.12590909090909
Oct.2025,PD31895MM,Tasas de interés de bonos del gobierno peruano - Rendimiento del Bono del gobierno peruano a 10 años (en S/),Mercado,rend_bono_10a_soles,6.10583636363637
Nov.2025,PD31895MM,Tasas de interés de bonos del gobierno peruano - Rendimiento del Bono del gobierno peruano a 10 años (en S/),Mercado,rend_bono_10a_soles,6.00445
Dic.2025,PD31895MM,Tasas de interés de bonos del gobierno peruano - Rendimiento del Bono del gobierno peruano a 10 años (en S/),Mercado,rend_bono_10a_soles,5.82715789473684
Ene.2010,PN01273PM,Índice de precios Lima Metropolitana (var% 12 meses) - IPC,Mercado,inflacion_12m,0.435718739101945
Feb.2010,PN01273PM,Índice de precios Lima Metropolitana (var% 12 meses) - IPC,Mercado,inflacion_12m,0.835043257655835
Mar.2010,PN01273PM,Índice de precios Lima Metropolitana (var% 12 meses) - IPC,Mercado,inflacion_12m,0.755260569305348
Abr.2010,PN01273PM,Índice de precios Lima Metropolitana (var% 12 meses) - IPC,Mercado,inflacion_12m,0.76165337907765
May.2010,PN01273PM,Índice de precios Lima Metropolitana (var% 12 meses) - IPC,Mercado,inflacion_12m,1.04478015205456
Jun.2010,PN01273PM,Índice de precios Lima Metropolitana (var% 12 meses) - IPC,Mercado,inflacion_12m,1.64340671777881
Jul.2010,PN01273PM,Índice de precios Lima Metropolitana (var% 12 meses) - IPC,Mercado,inflacion_12m,1.82325129296416
Ago.2010,PN01273PM,Índice de precios Lima Metropolitana (var% 12 meses) - IPC,Mercado,inflacion_12m,2.30885508267747
Sep.2010,PN01273PM,Índice de precios Lima Metropolitana (var% 12 meses) - IPC,Mercado,inflacion_12m,2.36535673314101
Oct.2010,PN01273PM,Índice de precios Lima Metropolitana (var% 12 meses) - IPC,Mercado,inflacion_12m,2.0950876960611
Nov.2010,PN01273PM,Índice de precios Lima Metropolitana (var% 12 meses) - IPC,Mercado,inflacion_12m,2.21771157289207
Dic.2010,PN01273PM,Índice de precios Lima Metropolitana (var% 12 meses) - IPC,Mercado,inflacion_12m,2.07644423190308
Ene.2011,PN01273PM,Índice de precios Lima Metropolitana (var% 12 meses) - IPC,Mercado,inflacion_12m,2.17264229393742
Feb.2011,PN01273PM,Índice de precios Lima Metropolitana (var% 12 meses) - IPC,Mercado,inflacion_12m,2.23355858855512
Mar.2011,PN01273PM,Índice de precios Lima Metropolitana (var% 12 meses) - IPC,Mercado,inflacion_12m,2.66342558533546
Abr.2011,PN01273PM,Índice de precios Lima Metropolitana (var% 12 meses) - IPC,Mercado,inflacion_12m,3.33627077586349
May.2011,PN01273PM,Índice de precios Lima Metropolitana (var% 12 meses) - IPC,Mercado,inflacion_12m,3.06661988654443
Jun.2011,PN01273PM,Índice de precios Lima Metropolitana (var% 12 meses) - IPC,Mercado,inflacion_12m,2.91065322504482
Jul.2011,PN01273PM,Índice de precios Lima Metropolitana (var% 12 meses) - IPC,Mercado,inflacion_12m,3.35053580984407
Ago.2011,PN01273PM,Índice de precios Lima Metropolitana (var% 12 meses) - IPC,Mercado,inflacion_12m,3.34775576236666
Sep.2011,PN01273PM,Índice de precios Lima Metropolitana (var% 12 meses) - IPC,Mercado,inflacion_12m,3.72632873848609
Oct.2011,PN01273PM,Índice de precios Lima Metropolitana (var% 12 meses) - IPC,Mercado,inflacion_12m,4.20058635305765
Nov.2011,PN01273PM,Índice de precios Lima Metropolitana (var% 12 meses) - IPC,Mercado,inflacion_12m,4.64185930799761
Dic.2011,PN01273PM,Índice de precios Lima Metropolitana (var% 12 meses) - IPC,Mercado,inflacion_12m,4.73842084248362
Ene.2012,PN01273PM,Índice de precios Lima Metropolitana (var% 12 meses) - IPC,Mercado,inflacion_12m,4.22536434603765
Feb.2012,PN01273PM,Índice de precios Lima Metropolitana (var% 12 meses) - IPC,Mercado,inflacion_12m,4.16575394297844
Mar.2012,PN01273PM,Índice de precios Lima Metropolitana (var% 12 meses) - IPC,Mercado,inflacion_12m,4.23148743233747
Abr.2012,PN01273PM,Índice de precios Lima Metropolitana (var% 12 meses) - IPC,Mercado,inflacion_12m,4.07684685836829
May.2012,PN01273PM,Índice de precios Lima Metropolitana (var% 12 meses) - IPC,Mercado,inflacion_12m,4.14239616822717
Jun.2012,PN01273PM,Índice de precios Lima Metropolitana (var% 12 meses) - IPC,Mercado,inflacion_12m,4.00107094984338
Jul.2012,PN01273PM,Índice de precios Lima Metropolitana (var% 12 meses) - IPC,Mercado,inflacion_12m,3.27611476932365
Ago.2012,PN01273PM,Índice de precios Lima Metropolitana (var% 12 meses) - IPC,Mercado,inflacion_12m,3.52598073623202
Sep.2012,PN01273PM,Índice de precios Lima Metropolitana (var% 12 meses) - IPC,Mercado,inflacion_12m,3.74113621145945
Oct.2012,PN01273PM,Índice de precios Lima Metropolitana (var% 12 meses) - IPC,Mercado,inflacion_12m,3.24663026597157
Nov.2012,PN01273PM,Índice de precios Lima Metropolitana (var% 12 meses) - IPC,Mercado,inflacion_12m,2.66179188790001
Dic.2012,PN01273PM,Índice de precios Lima Metropolitana (var% 12 meses) - IPC,Mercado,inflacion_12m,2.64936888071586
Ene.2013,PN01273PM,Índice de precios Lima Metropolitana (var% 12 meses) - IPC,Mercado,inflacion_12m,2.87207608956733
Feb.2013,PN01273PM,Índice de precios Lima Metropolitana (var% 12 meses) - IPC,Mercado,inflacion_12m,2.44956221835028
Mar.2013,PN01273PM,Índice de precios Lima Metropolitana (var% 12 meses) - IPC,Mercado,inflacion_12m,2.59182460056487
Abr.2013,PN01273PM,Índice de precios Lima Metropolitana (var% 12 meses) - IPC,Mercado,inflacion_12m,2.3069499256289
May.2013,PN01273PM,Índice de precios Lima Metropolitana (var% 12 meses) - IPC,Mercado,inflacion_12m,2.46477298011905
Jun.2013,PN01273PM,Índice de precios Lima Metropolitana (var% 12 meses) - IPC,Mercado,inflacion_12m,2.77073543850851
Jul.2013,PN01273PM,Índice de precios Lima Metropolitana (var% 12 meses) - IPC,Mercado,inflacion_12m,3.24112353098976
Ago.2013,PN01273PM,Índice de precios Lima Metropolitana (var% 12 meses) - IPC,Mercado,inflacion_12m,3.27656563830685
Sep.2013,PN01273PM,Índice de precios Lima Metropolitana (var% 12 meses) - IPC,Mercado,inflacion_12m,2.8308406237713
Oct.2013,PN01273PM,Índice de precios Lima Metropolitana (var% 12 meses) - IPC,Mercado,inflacion_12m,3.0384821880728
Nov.2013,PN01273PM,Índice de precios Lima Metropolitana (var% 12 meses) - IPC,Mercado,inflacion_12m,2.95513866313524
Dic.2013,PN01273PM,Índice de precios Lima Metropolitana (var% 12 meses) - IPC,Mercado,inflacion_12m,2.85968115579219
Ene.2014,PN01273PM,Índice de precios Lima Metropolitana (var% 12 meses) - IPC,Mercado,inflacion_12m,3.06663136092894
Feb.2014,PN01273PM,Índice de precios Lima Metropolitana (var% 12 meses) - IPC,Mercado,inflacion_12m,3.77632969464066
Mar.2014,PN01273PM,Índice de precios Lima Metropolitana (var% 12 meses) - IPC,Mercado,inflacion_12m,3.37792817164949
Abr.2014,PN01273PM,Índice de precios Lima Metropolitana (var% 12 meses) - IPC,Mercado,inflacion_12m,3.52315457481135
May.2014,PN01273PM,Índice de precios Lima Metropolitana (var% 12 meses) - IPC,Mercado,inflacion_12m,3.55564442643562
Jun.2014,PN01273PM,Índice de precios Lima Metropolitana (var% 12 meses) - IPC,Mercado,inflacion_12m,3.44965289777902
Jul.2014,PN01273PM,Índice de precios Lima Metropolitana (var% 12 meses) - IPC,Mercado,inflacion_12m,3.33116382681631
Ago.2014,PN01273PM,Índice de precios Lima Metropolitana (var% 12 meses) - IPC,Mercado,inflacion_12m,2.68520888934139
Sep.2014,PN01273PM,Índice de precios Lima Metropolitana (var% 12 meses) - IPC,Mercado,inflacion_12m,2.73826215785076
Oct.2014,PN01273PM,Índice de precios Lima Metropolitana (var% 12 meses) - IPC,Mercado,inflacion_12m,3.08804046928228
Nov.2014,PN01273PM,Índice de precios Lima Metropolitana (var% 12 meses) - IPC,Mercado,inflacion_12m,3.15910225000358
Dic.2014,PN01273PM,Índice de precios Lima Metropolitana (var% 12 meses) - IPC,Mercado,inflacion_12m,3.22406118871739
Ene.2015,PN01273PM,Índice de precios Lima Metropolitana (var% 12 meses) - IPC,Mercado,inflacion_12m,3.07326326860977
Feb.2015,PN01273PM,Índice de precios Lima Metropolitana (var% 12 meses) - IPC,Mercado,inflacion_12m,2.76858517072284
Mar.2015,PN01273PM,Índice de precios Lima Metropolitana (var% 12 meses) - IPC,Mercado,inflacion_12m,3.02019928834408
Abr.2015,PN01273PM,Índice de precios Lima Metropolitana (var% 12 meses) - IPC,Mercado,inflacion_12m,3.0174126785349
May.2015,PN01273PM,Índice de precios Lima Metropolitana (var% 12 meses) - IPC,Mercado,inflacion_12m,3.36620186894155
Jun.2015,PN01273PM,Índice de precios Lima Metropolitana (var% 12 meses) - IPC,Mercado,inflacion_12m,3.54491029740405
Jul.2015,PN01273PM,Índice de precios Lima Metropolitana (var% 12 meses) - IPC,Mercado,inflacion_12m,3.56292547971011
Ago.2015,PN01273PM,Índice de precios Lima Metropolitana (var% 12 meses) - IPC,Mercado,inflacion_12m,4.0426728422815
Sep.2015,PN01273PM,Índice de precios Lima Metropolitana (var% 12 meses) - IPC,Mercado,inflacion_12m,3.90455488298777
Oct.2015,PN01273PM,Índice de precios Lima Metropolitana (var% 12 meses) - IPC,Mercado,inflacion_12m,3.66020462128904
Nov.2015,PN01273PM,Índice de precios Lima Metropolitana (var% 12 meses) - IPC,Mercado,inflacion_12m,4.17256708018865
Dic.2015,PN01273PM,Índice de precios Lima Metropolitana (var% 12 meses) - IPC,Mercado,inflacion_12m,4.39792854166932
Ene.2016,PN01273PM,Índice de precios Lima Metropolitana (var% 12 meses) - IPC,Mercado,inflacion_12m,4.60868784321291
Feb.2016,PN01273PM,Índice de precios Lima Metropolitana (var% 12 meses) - IPC,Mercado,inflacion_12m,4.47375701506678
Mar.2016,PN01273PM,Índice de precios Lima Metropolitana (var% 12 meses) - IPC,Mercado,inflacion_12m,4.30108051334928
Abr.2016,PN01273PM,Índice de precios Lima Metropolitana (var% 12 meses) - IPC,Mercado,inflacion_12m,3.9072132668403
May.2016,PN01273PM,Índice de precios Lima Metropolitana (var% 12 meses) - IPC,Mercado,inflacion_12m,3.54061765756533
Jun.2016,PN01273PM,Índice de precios Lima Metropolitana (var% 12 meses) - IPC,Mercado,inflacion_12m,3.34161872071432
Jul.2016,PN01273PM,Índice de precios Lima Metropolitana (var% 12 meses) - IPC,Mercado,inflacion_12m,2.96195894036733
Ago.2016,PN01273PM,Índice de precios Lima Metropolitana (var% 12 meses) - IPC,Mercado,inflacion_12m,2.94253095758978
Sep.2016,PN01273PM,Índice de precios Lima Metropolitana (var% 12 meses) - IPC,Mercado,inflacion_12m,3.12667111206595
Oct.2016,PN01273PM,Índice de precios Lima Metropolitana (var% 12 meses) - IPC,Mercado,inflacion_12m,3.40528775471299
Nov.2016,PN01273PM,Índice de precios Lima Metropolitana (var% 12 meses) - IPC,Mercado,inflacion_12m,3.34963245522741
Dic.2016,PN01273PM,Índice de precios Lima Metropolitana (var% 12 meses) - IPC,Mercado,inflacion_12m,3.23488195037019
Ene.2017,PN01273PM,Índice de precios Lima Metropolitana (var% 12 meses) - IPC,Mercado,inflacion_12m,3.09636415923956
Feb.2017,PN01273PM,Índice de precios Lima Metropolitana (var% 12 meses) - IPC,Mercado,inflacion_12m,3.24979324559658
Mar.2017,PN01273PM,Índice de precios Lima Metropolitana (var% 12 meses) - IPC,Mercado,inflacion_12m,3.97485445147011
Abr.2017,PN01273PM,Índice de precios Lima Metropolitana (var% 12 meses) - IPC,Mercado,inflacion_12m,3.69471572141791
May.2017,PN01273PM,Índice de precios Lima Metropolitana (var% 12 meses) - IPC,Mercado,inflacion_12m,3.03980253604198
Jun.2017,PN01273PM,Índice de precios Lima Metropolitana (var% 12 meses) - IPC,Mercado,inflacion_12m,2.73244391775147
Jul.2017,PN01273PM,Índice de precios Lima Metropolitana (var% 12 meses) - IPC,Mercado,inflacion_12m,2.85206926625983
Ago.2017,PN01273PM,Índice de precios Lima Metropolitana (var% 12 meses) - IPC,Mercado,inflacion_12m,3.1738100701898
Sep.2017,PN01273PM,Índice de precios Lima Metropolitana (var% 12 meses) - IPC,Mercado,inflacion_12m,2.94499513550225
Oct.2017,PN01273PM,Índice de precios Lima Metropolitana (var% 12 meses) - IPC,Mercado,inflacion_12m,2.04014312278334
Nov.2017,PN01273PM,Índice de precios Lima Metropolitana (var% 12 meses) - IPC,Mercado,inflacion_12m,1.5443382320383
Dic.2017,PN01273PM,Índice de precios Lima Metropolitana (var% 12 meses) - IPC,Mercado,inflacion_12m,1.36485588371446
Ene.2018,PN01273PM,Índice de precios Lima Metropolitana (var% 12 meses) - IPC,Mercado,inflacion_12m,1.25318836941743
Feb.2018,PN01273PM,Índice de precios Lima Metropolitana (var% 12 meses) - IPC,Mercado,inflacion_12m,1.17956124835664
Mar.2018,PN01273PM,Índice de precios Lima Metropolitana (var% 12 meses) - IPC,Mercado,inflacion_12m,0.363136029353744
Abr.2018,PN01273PM,Índice de precios Lima Metropolitana (var% 12 meses) - IPC,Mercado,inflacion_12m,0.48486988623302
May.2018,PN01273PM,Índice de precios Lima Metropolitana (var% 12 meses) - IPC,Mercado,inflacion_12m,0.930692513230167
Jun.2018,PN01273PM,Índice de precios Lima Metropolitana (var% 12 meses) - IPC,Mercado,inflacion_12m,1.42933403390647
Jul.2018,PN01273PM,Índice de precios Lima Metropolitana (var% 12 meses) - IPC,Mercado,inflacion_12m,1.61610098729974
Ago.2018,PN01273PM,Índice de precios Lima Metropolitana (var% 12 meses) - IPC,Mercado,inflacion_12m,1.07057542660273
Sep.2018,PN01273PM,Índice de precios Lima Metropolitana (var% 12 meses) - IPC,Mercado,inflacion_12m,1.28028100935954
Oct.2018,PN01273PM,Índice de precios Lima Metropolitana (var% 12 meses) - IPC,Mercado,inflacion_12m,1.84089384430844
Nov.2018,PN01273PM,Índice de precios Lima Metropolitana (var% 12 meses) - IPC,Mercado,inflacion_12m,2.16709746401055
Dic.2018,PN01273PM,Índice de precios Lima Metropolitana (var% 12 meses) - IPC,Mercado,inflacion_12m,2.1925231538682
Ene.2019,PN01273PM,Índice de precios Lima Metropolitana (var% 12 meses) - IPC,Mercado,inflacion_12m,2.12915785051415
Feb.2019,PN01273PM,Índice de precios Lima Metropolitana (var% 12 meses) - IPC,Mercado,inflacion_12m,2.00338485500231
Mar.2019,PN01273PM,Índice de precios Lima Metropolitana (var% 12 meses) - IPC,Mercado,inflacion_12m,2.24744059848037
Abr.2019,PN01273PM,Índice de precios Lima Metropolitana (var% 12 meses) - IPC,Mercado,inflacion_12m,2.59264472909832
May.2019,PN01273PM,Índice de precios Lima Metropolitana (var% 12 meses) - IPC,Mercado,inflacion_12m,2.72512754617208
Jun.2019,PN01273PM,Índice de precios Lima Metropolitana (var% 12 meses) - IPC,Mercado,inflacion_12m,2.29478053967056
Jul.2019,PN01273PM,Índice de precios Lima Metropolitana (var% 12 meses) - IPC,Mercado,inflacion_12m,2.11191328006436
Ago.2019,PN01273PM,Índice de precios Lima Metropolitana (var% 12 meses) - IPC,Mercado,inflacion_12m,2.03972339384534
Sep.2019,PN01273PM,Índice de precios Lima Metropolitana (var% 12 meses) - IPC,Mercado,inflacion_12m,1.85100693723761
Oct.2019,PN01273PM,Índice de precios Lima Metropolitana (var% 12 meses) - IPC,Mercado,inflacion_12m,1.88056226356924
Nov.2019,PN01273PM,Índice de precios Lima Metropolitana (var% 12 meses) - IPC,Mercado,inflacion_12m,1.86679694871124
Dic.2019,PN01273PM,Índice de precios Lima Metropolitana (var% 12 meses) - IPC,Mercado,inflacion_12m,1.90009157916248
Ene.2020,PN01273PM,Índice de precios Lima Metropolitana (var% 12 meses) - IPC,Mercado,inflacion_12m,1.88835605229068
Feb.2020,PN01273PM,Índice de precios Lima Metropolitana (var% 12 meses) - IPC,Mercado,inflacion_12m,1.90403776113918
Mar.2020,PN01273PM,Índice de precios Lima Metropolitana (var% 12 meses) - IPC,Mercado,inflacion_12m,1.82153296943842
Abr.2020,PN01273PM,Índice de precios Lima Metropolitana (var% 12 meses) - IPC,Mercado,inflacion_12m,1.72448975655499
May.2020,PN01273PM,Índice de precios Lima Metropolitana (var% 12 meses) - IPC,Mercado,inflacion_12m,1.7819197522911
Jun.2020,PN01273PM,Índice de precios Lima Metropolitana (var% 12 meses) - IPC,Mercado,inflacion_12m,1.59873239164688
Jul.2020,PN01273PM,Índice de precios Lima Metropolitana (var% 12 meses) - IPC,Mercado,inflacion_12m,1.8616957242678
Ago.2020,PN01273PM,Índice de precios Lima Metropolitana (var% 12 meses) - IPC,Mercado,inflacion_12m,1.68739824186658
Sep.2020,PN01273PM,Índice de precios Lima Metropolitana (var% 12 meses) - IPC,Mercado,inflacion_12m,1.81955390705632
Oct.2020,PN01273PM,Índice de precios Lima Metropolitana (var% 12 meses) - IPC,Mercado,inflacion_12m,1.72400036113651
Nov.2020,PN01273PM,Índice de precios Lima Metropolitana (var% 12 meses) - IPC,Mercado,inflacion_12m,2.14220969430481
Dic.2020,PN01273PM,Índice de precios Lima Metropolitana (var% 12 meses) - IPC,Mercado,inflacion_12m,1.97323222946074
Ene.2021,PN01273PM,Índice de precios Lima Metropolitana (var% 12 meses) - IPC,Mercado,inflacion_12m,2.67554538350913
Feb.2021,PN01273PM,Índice de precios Lima Metropolitana (var% 12 meses) - IPC,Mercado,inflacion_12m,2.4013422122209
Mar.2021,PN01273PM,Índice de precios Lima Metropolitana (var% 12 meses) - IPC,Mercado,inflacion_12m,2.59818523324116
Abr.2021,PN01273PM,Índice de precios Lima Metropolitana (var% 12 meses) - IPC,Mercado,inflacion_12m,2.38369772363027
May.2021,PN01273PM,Índice de precios Lima Metropolitana (var% 12 meses) - IPC,Mercado,inflacion_12m,2.44745902560864
Jun.2021,PN01273PM,Índice de precios Lima Metropolitana (var% 12 meses) - IPC,Mercado,inflacion_12m,3.25460667105263
Jul.2021,PN01273PM,Índice de precios Lima Metropolitana (var% 12 meses) - IPC,Mercado,inflacion_12m,3.81459906516264
Ago.2021,PN01273PM,Índice de precios Lima Metropolitana (var% 12 meses) - IPC,Mercado,inflacion_12m,4.95280459648037
Sep.2021,PN01273PM,Índice de precios Lima Metropolitana (var% 12 meses) - IPC,Mercado,inflacion_12m,5.22957455422953
Oct.2021,PN01273PM,Índice de precios Lima Metropolitana (var% 12 meses) - IPC,Mercado,inflacion_12m,5.82600992647617
Nov.2021,PN01273PM,Índice de precios Lima Metropolitana (var% 12 meses) - IPC,Mercado,inflacion_12m,5.65514784662318
Dic.2021,PN01273PM,Índice de precios Lima Metropolitana (var% 12 meses) - IPC,Mercado,inflacion_12m,6.43038716340725
Ene.2022,PN01273PM,Índice de precios Lima Metropolitana (var% 12 meses) - IPC,Mercado,inflacion_12m,5.68491659367423
Feb.2022,PN01273PM,Índice de precios Lima Metropolitana (var% 12 meses) - IPC,Mercado,inflacion_12m,6.1470442223465
Mar.2022,PN01273PM,Índice de precios Lima Metropolitana (var% 12 meses) - IPC,Mercado,inflacion_12m,6.82408900736014
Abr.2022,PN01273PM,Índice de precios Lima Metropolitana (var% 12 meses) - IPC,Mercado,inflacion_12m,7.96465277256915
May.2022,PN01273PM,Índice de precios Lima Metropolitana (var% 12 meses) - IPC,Mercado,inflacion_12m,8.09113893196794
Jun.2022,PN01273PM,Índice de precios Lima Metropolitana (var% 12 meses) - IPC,Mercado,inflacion_12m,8.81263294388897
Jul.2022,PN01273PM,Índice de precios Lima Metropolitana (var% 12 meses) - IPC,Mercado,inflacion_12m,8.74083491516008
Ago.2022,PN01273PM,Índice de precios Lima Metropolitana (var% 12 meses) - IPC,Mercado,inflacion_12m,8.39798830340194
Sep.2022,PN01273PM,Índice de precios Lima Metropolitana (var% 12 meses) - IPC,Mercado,inflacion_12m,8.52985253634929
Oct.2022,PN01273PM,Índice de precios Lima Metropolitana (var% 12 meses) - IPC,Mercado,inflacion_12m,8.27519462737062
Nov.2022,PN01273PM,Índice de precios Lima Metropolitana (var% 12 meses) - IPC,Mercado,inflacion_12m,8.44722980234022
Dic.2022,PN01273PM,Índice de precios Lima Metropolitana (var% 12 meses) - IPC,Mercado,inflacion_12m,8.45916200000001
Ene.2023,PN01273PM,Índice de precios Lima Metropolitana (var% 12 meses) - IPC,Mercado,inflacion_12m,8.66426700097408
Feb.2023,PN01273PM,Índice de precios Lima Metropolitana (var% 12 meses) - IPC,Mercado,inflacion_12m,8.64592356025242
Mar.2023,PN01273PM,Índice de precios Lima Metropolitana (var% 12 meses) - IPC,Mercado,inflacion_12m,8.40057400933134
Abr.2023,PN01273PM,Índice de precios Lima Metropolitana (var% 12 meses) - IPC,Mercado,inflacion_12m,7.9650458305066
May.2023,PN01273PM,Índice de precios Lima Metropolitana (var% 12 meses) - IPC,Mercado,inflacion_12m,7.89388564823743
Jun.2023,PN01273PM,Índice de precios Lima Metropolitana (var% 12 meses) - IPC,Mercado,inflacion_12m,6.46149699198863
Jul.2023,PN01273PM,Índice de precios Lima Metropolitana (var% 12 meses) - IPC,Mercado,inflacion_12m,5.88160145590039
Ago.2023,PN01273PM,Índice de precios Lima Metropolitana (var% 12 meses) - IPC,Mercado,inflacion_12m,5.57614720330122
Sep.2023,PN01273PM,Índice de precios Lima Metropolitana (var% 12 meses) - IPC,Mercado,inflacion_12m,5.04454594794186
Oct.2023,PN01273PM,Índice de precios Lima Metropolitana (var% 12 meses) - IPC,Mercado,inflacion_12m,4.34308132283159
Nov.2023,PN01273PM,Índice de precios Lima Metropolitana (var% 12 meses) - IPC,Mercado,inflacion_12m,3.63647512169549
Dic.2023,PN01273PM,Índice de precios Lima Metropolitana (var% 12 meses) - IPC,Mercado,inflacion_12m,3.23738256432406
Ene.2024,PN01273PM,Índice de precios Lima Metropolitana (var% 12 meses) - IPC,Mercado,inflacion_12m,3.02392174826855
Feb.2024,PN01273PM,Índice de precios Lima Metropolitana (var% 12 meses) - IPC,Mercado,inflacion_12m,3.29406696032184
Mar.2024,PN01273PM,Índice de precios Lima Metropolitana (var% 12 meses) - IPC,Mercado,inflacion_12m,3.04504592593905
Abr.2024,PN01273PM,Índice de precios Lima Metropolitana (var% 12 meses) - IPC,Mercado,inflacion_12m,2.42207617792805
May.2024,PN01273PM,Índice de precios Lima Metropolitana (var% 12 meses) - IPC,Mercado,inflacion_12m,2.00493835958688
Jun.2024,PN01273PM,Índice de precios Lima Metropolitana (var% 12 meses) - IPC,Mercado,inflacion_12m,2.28538225698791
Jul.2024,PN01273PM,Índice de precios Lima Metropolitana (var% 12 meses) - IPC,Mercado,inflacion_12m,2.1276637869709
Ago.2024,PN01273PM,Índice de precios Lima Metropolitana (var% 12 meses) - IPC,Mercado,inflacion_12m,2.03409700303861
Sep.2024,PN01273PM,Índice de precios Lima Metropolitana (var% 12 meses) - IPC,Mercado,inflacion_12m,1.77501053596859
Oct.2024,PN01273PM,Índice de precios Lima Metropolitana (var% 12 meses) - IPC,Mercado,inflacion_12m,2.00918040984485
Nov.2024,PN01273PM,Índice de precios Lima Metropolitana (var% 12 meses) - IPC,Mercado,inflacion_12m,2.27199072148831
Dic.2024,PN01273PM,Índice de precios Lima Metropolitana (var% 12 meses) - IPC,Mercado,inflacion_12m,1.96630270142824
Ene.2025,PN01273PM,Índice de precios Lima Metropolitana (var% 12 meses) - IPC,Mercado,inflacion_12m,1.85158283440667
Feb.2025,PN01273PM,Índice de precios Lima Metropolitana (var% 12 meses) - IPC,Mercado,inflacion_12m,1.4773290589483
Mar.2025,PN01273PM,Índice de precios Lima Metropolitana (var% 12 meses) - IPC,Mercado,inflacion_12m,1.27718026977924
Abr.2025,PN01273PM,Índice de precios Lima Metropolitana (var% 12 meses) - IPC,Mercado,inflacion_12m,1.65183401740204
May.2025,PN01273PM,Índice de precios Lima Metropolitana (var% 12 meses) - IPC,Mercado,inflacion_12m,1.68666289219268
Jun.2025,PN01273PM,Índice de precios Lima Metropolitana (var% 12 meses) - IPC,Mercado,inflacion_12m,1.69370904576716
Jul.2025,PN01273PM,Índice de precios Lima Metropolitana (var% 12 meses) - IPC,Mercado,inflacion_12m,1.6888009685144
Ago.2025,PN01273PM,Índice de precios Lima Metropolitana (var% 12 meses) - IPC,Mercado,inflacion_12m,1.10633077531991
Sep.2025,PN01273PM,Índice de precios Lima Metropolitana (var% 12 meses) - IPC,Mercado,inflacion_12m,1.35839342135424
Oct.2025,PN01273PM,Índice de precios Lima Metropolitana (var% 12 meses) - IPC,Mercado,inflacion_12m,1.35177475650182
Nov.2025,PN01273PM,Índice de precios Lima Metropolitana (var% 12 meses) - IPC,Mercado,inflacion_12m,1.36861256988846
Dic.2025,PN01273PM,Índice de precios Lima Metropolitana (var% 12 meses) - IPC,Mercado,inflacion_12m,1.50879973918667
